Date,Open,High,Low,Close,Adj Close,Volume
2007-08-23,61.31682205200195,65.07801055908203,53.60480880737305,57.52402877807617,51.3215217590332,22268380
2007-08-24,57.84009552001953,69.5977554321289,57.84009552001953,66.87958526611328,59.66831970214844,13873908
2007-08-27,68.20706176757812,73.4537582397461,67.95420837402344,70.04024505615234,62.488189697265625,5456640
2007-08-28,68.27027893066406,70.29309844970703,64.16141510009766,65.29925537109375,58.258392333984375,1911275
2007-08-29,61.41164016723633,70.73558807373047,61.41164016723633,68.58634185791016,61.191062927246094,4470114
2007-08-30,68.93401336669922,70.48273468017578,65.8997802734375,66.68994140625,59.49913024902344,987435
2007-08-31,67.00601196289062,68.58634185791016,65.74174499511719,65.74174499511719,58.65316390991211,707187
2007-09-03,66.68994140625,67.95420837402344,65.8365707397461,66.50030517578125,59.3299446105957,491155
2007-09-04,67.00601196289062,68.80758666992188,65.52050018310547,66.2158432006836,59.07615280151367,1272933
2007-09-05,66.6267318725586,73.51697540283203,66.12102508544922,68.42830657958984,61.05005645751953,3230020
2007-09-06,68.14385223388672,74.8128433227539,68.14385223388672,73.83303833007812,65.87202453613281,2657355
2007-09-07,74.4019546508789,75.35015869140625,69.62935638427734,70.60916137695312,62.995758056640625,1050342
2007-09-10,69.31329345703125,70.6407699584961,67.95420837402344,69.8506088256836,62.31898880004883,515327
2007-09-11,70.48273468017578,70.73558807373047,65.80496215820312,68.27027893066406,60.9090576171875,330785
2007-09-12,68.83919525146484,70.16667175292969,67.19564819335938,68.52313232421875,61.134647369384766,448210
2007-09-13,67.9858169555664,69.1868667602539,67.16404724121094,67.63814544677734,60.34508514404297,217021
2007-09-14,67.95420837402344,68.27027893066406,65.10961151123047,65.64692687988281,58.568572998046875,157604
2007-09-17,66.3738784790039,67.25886535644531,63.908565521240234,66.15263366699219,59.019752502441406,159143
2007-09-18,66.27906036376953,70.48273468017578,65.52050018310547,67.32207489013672,60.063106536865234,535172
2007-09-19,69.21847534179688,69.21847534179688,65.4256820678711,66.3738784790039,59.21714401245117,232047
2007-09-20,67.00601196289062,67.76457214355469,64.38265991210938,65.4256820678711,58.371185302734375,243993
2007-09-21,65.8997802734375,69.28168487548828,65.10961151123047,68.7759780883789,61.36023712158203,625111
2007-09-24,67.70135498046875,70.04024505615234,65.93138885498047,66.68994140625,59.49913024902344,69289
2007-09-25,66.3738784790039,66.75315856933594,64.79354858398438,64.98318481445312,57.97639083862305,91223
2007-09-26,66.18424224853516,69.21847534179688,65.29925537109375,67.32207489013672,60.063106536865234,687201
2007-09-27,67.41690063476562,71.5889663696289,66.43709564208984,68.27027893066406,60.9090576171875,987676
2007-09-28,69.53453826904297,69.53453826904297,66.3738784790039,67.00601196289062,59.7811164855957,110419
2007-10-01,68.2386703491211,68.2386703491211,65.52050018310547,65.93138885498047,58.822364807128906,83096
2007-10-03,67.51171875,68.33348846435547,64.47748565673828,66.3738784790039,59.21714401245117,198752
2007-10-04,66.05781555175781,66.68994140625,64.54069519042969,65.4256820678711,58.371185302734375,79255
2007-10-05,65.4256820678711,66.3106689453125,65.10961151123047,65.74174499511719,58.65316390991211,52944
2007-10-08,65.77335357666016,65.77335357666016,62.991973876953125,63.37125015258789,56.53826904296875,79097
2007-10-09,63.5292854309082,70.16667175292969,63.0867919921875,67.00601196289062,59.7811164855957,271073
2007-10-10,67.100830078125,67.54332733154297,65.10961151123047,65.74174499511719,58.65316390991211,69126
2007-10-11,65.74174499511719,66.24745178222656,64.95158386230469,65.1728286743164,58.145591735839844,15819
2007-10-12,65.04640197753906,66.05781555175781,63.592498779296875,64.47748565673828,57.52523422241211,57190
2007-10-15,65.4256820678711,66.05781555175781,63.971778869628906,64.25623321533203,57.32783508300781,32524
2007-10-16,64.16141510009766,65.4256820678711,62.897151947021484,63.33964538574219,56.51007843017578,44041
2007-10-17,60.05255889892578,64.47748565673828,53.73123550415039,63.213218688964844,56.397281646728516,58930
2007-10-18,65.10961151123047,65.10961151123047,61.474853515625,61.94895553588867,55.26933670043945,57899
2007-10-19,60.84272384643555,61.94895553588867,59.1043586730957,60.178985595703125,53.690216064453125,50669
2007-10-22,61.31682205200195,61.31682205200195,59.42042541503906,60.084163665771484,53.605613708496094,24015
2007-10-23,62.581085205078125,65.74174499511719,56.259765625,61.696102142333984,55.04375457763672,12497
2007-10-24,56.89189529418945,62.581085205078125,56.89189529418945,60.84272384643555,54.28238296508789,12971
2007-10-25,60.84272384643555,62.51787185668945,60.684688568115234,61.8857421875,55.21294021606445,19299
2007-10-26,62.897151947021484,66.68994140625,61.000755310058594,63.33964538574219,56.51007843017578,96498
2007-10-29,65.4256820678711,67.63814544677734,63.592498779296875,67.5749282836914,60.28868865966797,124070
2007-10-30,66.3738784790039,66.3738784790039,63.24482345581055,63.971778869628906,57.07405090332031,34170
2007-10-31,65.4888916015625,65.5837173461914,63.876956939697266,64.19302368164062,57.27143478393555,31322
2007-11-01,66.3738784790039,66.3738784790039,61.380035400390625,61.82252883911133,55.15653991699219,53387
2007-11-02,58.788291931152344,61.94895553588867,58.788291931152344,60.11577224731445,53.633819580078125,21033
2007-11-05,59.13596725463867,64.82515716552734,59.13596725463867,60.084163665771484,53.605613708496094,107017
2007-11-06,60.684688568115234,61.285213470458984,59.42042541503906,59.799705505371094,53.35183334350586,22917
2007-11-07,60.05255889892578,61.94895553588867,59.26239013671875,59.98934555053711,53.521018981933594,8398
2007-11-08,59.483638763427734,59.73649215698242,58.50383377075195,58.788291931152344,52.44947052001953,10282
2007-11-12,56.259765625,60.65308380126953,56.259765625,59.98934555053711,53.521018981933594,77686
2007-11-13,58.788291931152344,62.581085205078125,58.788291931152344,60.21059036254883,53.71841049194336,17243
2007-11-14,60.05255889892578,60.684688568115234,59.483638763427734,60.05255889892578,53.577415466308594,11706
2007-11-15,60.400230407714844,60.684688568115234,59.452030181884766,60.52665710449219,54.000396728515625,24216
2007-11-16,60.62147521972656,60.684688568115234,57.871700286865234,59.29399871826172,52.90065002441406,32982
2007-11-19,60.65308380126953,62.45465850830078,59.42042541503906,61.158790588378906,54.56437301635742,62679
2007-11-20,58.97793197631836,61.31682205200195,58.97793197631836,60.05255889892578,53.577415466308594,21672
2007-11-21,60.62147521972656,60.62147521972656,57.587242126464844,58.472225189208984,52.167484283447266,12655
2007-11-22,56.92350387573242,58.788291931152344,56.92350387573242,58.12455368041992,51.8572998046875,10440
2007-11-23,57.61884689331055,59.00954055786133,57.52402877807617,58.15616226196289,51.885498046875,11390
2007-11-26,57.71366882324219,61.000755310058594,57.71366882324219,58.50383377075195,52.195682525634766,14091
2007-11-27,57.52402877807617,58.788291931152344,57.52402877807617,57.68206024169922,51.46251678466797,5378
2007-11-28,59.42042541503906,59.98934555053711,57.52402877807617,57.61884689331055,51.40612030029297,10091
2007-11-29,57.14474868774414,58.31419372558594,56.670650482177734,57.0183219909668,50.87034225463867,17581
2007-11-30,57.20796203613281,59.00954055786133,55.40638732910156,57.587242126464844,51.37791442871094,19774
2007-12-03,56.89189529418945,59.42042541503906,56.2913703918457,58.40901565551758,52.1110954284668,14137
2007-12-04,60.05255889892578,62.32823181152344,59.167572021484375,59.51524353027344,53.09803771972656,116008
2007-12-05,59.73649215698242,61.09557342529297,57.52402877807617,58.06134033203125,51.8009033203125,31570
2007-12-06,59.95773696899414,61.31682205200195,58.788291931152344,59.67327880859375,53.23903274536133,65986
2007-12-07,59.1043586730957,60.05255889892578,55.69084548950195,56.89189529418945,50.75755310058594,68678
2007-12-10,57.20796203613281,58.661865234375,56.575828552246094,56.92350387573242,50.7857551574707,62550
2007-12-11,58.788291931152344,59.42042541503906,57.4924201965332,58.31419372558594,52.026493072509766,27038
2007-12-12,58.21937561035156,61.31682205200195,57.871700286865234,58.37740707397461,52.082889556884766,89558
2007-12-13,58.50383377075195,60.96915054321289,58.50383377075195,58.81990051269531,52.4776725769043,43661
2007-12-14,59.42042541503906,60.684688568115234,58.883113861083984,59.26239013671875,52.87245178222656,68442
2007-12-17,59.42042541503906,61.31682205200195,56.259765625,57.365997314453125,51.18053436279297,119742
2007-12-18,56.89189529418945,57.4608154296875,54.36336898803711,54.99549865722656,49.06563186645508,182082
2007-12-19,56.19655227661133,56.89189529418945,54.67943572998047,55.65924072265625,49.657806396484375,37212
2007-12-20,56.259765625,58.09294891357422,55.62763214111328,55.975303649902344,49.939788818359375,68593
2007-12-24,57.4924201965332,57.52402877807617,56.070125579833984,57.365997314453125,51.18053436279297,13603
2007-12-26,56.89189529418945,59.42042541503906,55.78566360473633,59.13596725463867,52.75965881347656,38039
2007-12-27,59.35721206665039,69.40811157226562,57.966522216796875,65.8365707397461,58.737770080566406,598803
2007-12-28,65.10961151123047,68.7759780883789,65.10961151123047,66.43709564208984,59.27354049682617,188202
2007-12-31,68.74437713623047,73.1376953125,65.20443725585938,69.40811157226562,61.92422103881836,765578
2008-01-01,69.25008392333984,75.539794921875,69.25008392333984,71.9366455078125,64.18009948730469,655336
2008-01-02,72.50556182861328,82.17718505859375,72.50556182861328,80.09114837646484,71.45535278320312,951006
2008-01-03,80.2807846069336,85.33784484863281,78.60563659667969,79.68025970458984,71.08878326416016,436543
2008-01-04,79.68025970458984,84.07357788085938,75.85586547851562,76.77245330810547,68.4944839477539,175289
2008-01-07,76.17192840576172,81.4818344116211,75.38175964355469,77.37297821044922,69.03026580810547,108183
2008-01-08,78.00511169433594,78.60563659667969,70.16667175292969,71.20968627929688,63.53153610229492,137434
2008-01-09,68.90240478515625,71.9998550415039,66.05781555175781,67.60653686523438,60.3168830871582,88530
2008-01-10,68.27027893066406,74.59159851074219,59.452030181884766,61.9173469543457,55.24113845825195,236664
2008-01-11,62.10698699951172,65.39407348632812,59.8313102722168,63.33964538574219,56.51007843017578,84861
2008-01-14,63.8453483581543,69.53453826904297,63.8453483581543,66.59512329101562,59.414527893066406,102060
2008-01-15,69.53453826904297,69.53453826904297,64.25623321533203,64.88836669921875,57.891807556152344,42147
2008-01-16,64.95158386230469,66.24745178222656,60.747901916503906,63.560890197753906,56.70746612548828,44509
2008-01-17,67.5749282836914,70.16667175292969,64.54069519042969,65.4888916015625,58.42757797241211,44922
2008-01-18,69.53453826904297,71.33612060546875,61.348426818847656,61.94895553588867,55.26933670043945,117098
2008-01-21,60.368621826171875,61.980560302734375,52.46697235107422,54.837467193603516,48.924644470214844,66709
2008-01-22,50.60218048095703,50.60218048095703,43.869972229003906,44.69174575805664,39.87287902832031,30675
2008-01-23,47.409912109375,51.8348388671875,46.77778244018555,50.412540435791016,44.976829528808594,54675
2008-01-24,53.09910202026367,54.36336898803711,43.30105209350586,45.481910705566406,40.577842712402344,126753
2008-01-25,45.82958221435547,50.57057571411133,44.280860900878906,49.71719741821289,44.356468200683594,75768
2008-01-28,49.33791732788086,51.708412170410156,47.409912109375,50.53896713256836,45.089622497558594,15085
2008-01-29,53.57320022583008,53.60480880737305,50.096473693847656,51.044673919677734,45.540802001953125,16313
2008-01-30,51.80323028564453,52.40375900268555,48.80060577392578,50.85503387451172,45.371612548828125,49405
2008-01-31,52.46697235107422,52.46697235107422,48.67417907714844,49.148277282714844,43.84888458251953,8933
2008-02-01,48.04204559326172,50.88664245605469,46.36689376831055,46.84099578857422,41.79038619995117,11521
2008-02-04,46.80938720703125,51.8348388671875,46.14564895629883,49.84362030029297,44.46925735473633,11138
2008-02-05,47.47312545776367,50.88664245605469,47.47312545776367,50.00165557861328,44.61024856567383,12188
2008-02-06,41.088592529296875,51.20270538330078,41.088592529296875,51.20270538330078,45.681793212890625,17293
2008-02-07,51.20270538330078,51.20270538330078,46.24047088623047,47.18866729736328,42.10057067871094,26839
2008-02-08,45.703155517578125,47.72597885131836,43.61711883544922,44.02800750732422,39.280704498291016,31746
2008-02-11,44.217647552490234,45.0078125,39.91914749145508,40.55127716064453,36.17884826660156,24744
2008-02-12,39.63468933105469,42.25803756713867,38.560062408447266,39.192195892333984,34.96631622314453,13759
2008-02-13,39.255409240722656,41.65751266479492,38.591670989990234,38.907737731933594,34.712528228759766,8993
2008-02-14,39.82432556152344,42.2264289855957,38.62327575683594,41.56269073486328,37.08121109008789,21631
2008-02-15,40.1403923034668,42.6373176574707,40.1403923034668,40.86734390258789,36.460838317871094,15442
2008-02-18,41.088592529296875,43.30105209350586,40.1403923034668,42.9533805847168,38.32194519042969,24778
2008-02-19,42.510887145996094,45.51351547241211,42.510887145996094,45.07102584838867,40.21125793457031,12127
2008-02-20,44.24925231933594,44.24925231933594,42.03678894042969,42.85856246948242,38.23735809326172,4552
2008-02-21,43.585514068603516,44.24925231933594,42.41606903076172,42.510887145996094,37.92716979980469,69176
2008-02-22,43.30105209350586,43.522300720214844,42.13161087036133,42.44767761230469,37.87077713012695,42117
2008-02-25,42.35285568237305,43.30105209350586,41.21501922607422,41.65751266479492,37.165809631347656,142634
2008-02-26,42.41606903076172,43.23784255981445,41.84714889526367,42.44767761230469,37.87077713012695,145154
2008-02-27,42.984989166259766,44.5653190612793,41.84714889526367,42.2264289855957,37.67338180541992,7340
2008-02-28,41.72072219848633,44.24925231933594,41.72072219848633,42.79534912109375,38.18096160888672,14001
2008-02-29,45.51351547241211,45.51351547241211,42.068397521972656,42.921775817871094,38.29375076293945,9890
2008-03-03,40.80413055419922,42.35285568237305,40.172000885009766,40.5828857421875,36.207054138183594,7469
2008-03-04,39.82432556152344,40.456459045410156,38.654884338378906,39.22380065917969,34.99451446533203,11791
2008-03-05,40.456459045410156,40.456459045410156,37.92793273925781,38.654884338378906,34.486934661865234,9202
2008-03-07,37.959537506103516,39.69790267944336,32.870872497558594,34.546024322509766,30.821115493774414,27570
2008-03-10,38.560062408447266,38.560062408447266,31.70142936706543,32.90248107910156,29.35478401184082,30949
2008-03-11,34.13513946533203,35.431007385253906,34.13513946533203,34.98851776123047,31.215898513793945,276329
2008-03-12,35.3994026184082,36.979732513427734,33.59782409667969,34.35638427734375,30.65192222595215,171797
2008-03-13,34.767269134521484,34.767269134521484,31.606609344482422,33.06051254272461,29.495779037475586,225946
2008-03-14,32.1123161315918,32.80765914916992,31.606609344482422,32.1439208984375,28.67801856994629,86772
2008-03-17,29.078079223632812,30.974477767944336,27.181684494018555,27.845422744750977,24.843002319335938,25061
2008-03-18,27.877029418945312,28.1298828125,25.285287857055664,25.6961727142334,22.925495147705078,52365
2008-03-19,27.11846923828125,27.49774932861328,24.969221115112305,25.506532669067383,22.756301879882812,15773
2008-03-24,26.99204444885254,26.99204444885254,23.136037826538086,24.906007766723633,22.22052764892578,48796
2008-03-25,26.581157684326172,26.960437774658203,24.653154373168945,26.265092849731445,23.43307113647461,233011
2008-03-26,27.529356002807617,27.529356002807617,25.60135269165039,25.790992736816406,23.01009178161621,128694
2008-03-27,26.5179443359375,30.974477767944336,25.664566040039062,30.974477767944336,27.634668350219727,76411
2008-03-28,31.606609344482422,36.47402572631836,31.290542602539062,34.38798904418945,30.680118560791016,148317
2008-03-31,27.877029418945312,34.70405578613281,27.877029418945312,32.08070755004883,28.621623992919922,208483
2008-04-01,31.416969299316406,32.74444580078125,31.132509231567383,32.08070755004883,28.621623992919922,10693
2008-04-02,33.50300598144531,37.61186599731445,31.82785415649414,34.79887771606445,31.04670524597168,70417
2008-04-03,35.33618927001953,35.33618927001953,32.870872497558594,34.64084243774414,30.90570831298828,21879
2008-04-04,33.81907272338867,35.367794036865234,33.37657928466797,34.60923767089844,30.877513885498047,18477
2008-04-07,33.534610748291016,37.896324157714844,32.618019104003906,36.09474563598633,32.20284652709961,22979
2008-04-08,35.71546936035156,36.663665771484375,35.431007385253906,35.93671417236328,32.06185531616211,7628
2008-04-09,36.50563430786133,38.560062408447266,36.031532287597656,37.92793273925781,33.83837127685547,43699
2008-04-10,38.81291580200195,40.1403923034668,37.92793273925781,38.781307220458984,34.5997314453125,16412
2008-04-11,41.088592529296875,41.088592529296875,37.61186599731445,38.74970245361328,34.571529388427734,22083
2008-04-15,37.959537506103516,41.088592529296875,37.83311080932617,40.456459045410156,36.09425735473633,19559
2008-04-16,40.456459045410156,42.668922424316406,39.192195892333984,41.15180587768555,36.71463394165039,22591
2008-04-17,41.49947738647461,42.984989166259766,41.088592529296875,41.7523307800293,37.25041198730469,35952
2008-04-21,43.30105209350586,45.95600891113281,42.35285568237305,44.69174575805664,39.87287902832031,59066
2008-04-22,44.24925231933594,44.470497131347656,43.30105209350586,43.71194076538086,38.99871826171875,8425
2008-04-23,44.15443420410156,44.186038970947266,41.72072219848633,41.87875747680664,37.36320114135742,10763
2008-04-24,40.456459045410156,44.69174575805664,40.456459045410156,41.7523307800293,37.25041198730469,13157
2008-04-25,41.43626403808594,42.289642333984375,41.21501922607422,41.56269073486328,37.08121109008789,7713
2008-04-28,41.87875747680664,45.45030212402344,41.87875747680664,44.786563873291016,39.957481384277344,18962
2008-04-29,45.197452545166016,46.77778244018555,45.197452545166016,46.14564895629883,41.17000961303711,7849
2008-04-30,45.82958221435547,46.6513557434082,45.54512405395508,46.082435607910156,41.113616943359375,8191
2008-05-02,46.935813903808594,47.25188064575195,41.783935546875,44.24925231933594,39.47809600830078,22382
2008-05-05,44.881385803222656,48.35811233520508,44.881385803222656,46.082435607910156,41.113616943359375,41083
2008-05-06,47.409912109375,47.409912109375,45.95600891113281,46.2088623046875,41.22641372680664,13919
2008-05-07,46.77778244018555,47.409912109375,46.14564895629883,46.2088623046875,41.22641372680664,18981
2008-05-08,46.2088623046875,46.77778244018555,44.5653190612793,45.418697357177734,40.521446228027344,27835
2008-05-09,45.22905731201172,45.51351547241211,44.24925231933594,44.62853240966797,39.81648254394531,11222
2008-05-12,44.5653190612793,45.51351547241211,41.783935546875,42.605709075927734,38.01176834106445,15204
2008-05-13,43.42748260498047,44.24925231933594,42.13161087036133,42.32124710083008,37.75798416137695,3499
2008-05-14,42.2264289855957,42.984989166259766,41.594295501708984,42.47928237915039,37.89897537231445,15571
2008-05-15,42.16321563720703,42.82695388793945,42.13161087036133,42.13161087036133,37.58878707885742,4253
2008-05-16,42.35285568237305,44.24925231933594,42.35285568237305,42.73213577270508,38.12456130981445,5253
2008-05-20,44.05961227416992,44.05961227416992,42.068397521972656,42.76374053955078,38.15275192260742,3462
2008-05-21,42.35285568237305,46.14564895629883,42.19482421875,45.86119079589844,40.916229248046875,20601
2008-05-22,45.86119079589844,45.86119079589844,43.585514068603516,43.93318557739258,39.196109771728516,13367
2008-05-23,44.09122085571289,44.818172454833984,43.14302062988281,43.93318557739258,39.196109771728516,8688
2008-05-26,42.984989166259766,43.61711883544922,42.510887145996094,42.6373176574707,38.03997039794922,2059
2008-05-27,42.068397521972656,43.585514068603516,41.088592529296875,41.24662399291992,36.79922103881836,7281
2008-05-28,41.18341064453125,41.18341064453125,40.456459045410156,40.61449432373047,36.235252380371094,5392
2008-05-29,44.24925231933594,44.24925231933594,41.088592529296875,41.34144592285156,36.88382339477539,1661
2008-05-30,40.83573913574219,42.984989166259766,40.772525787353516,40.89895248413086,36.48904037475586,13278
2008-06-02,40.23521423339844,41.53108215332031,40.23521423339844,41.088592529296875,36.658233642578125,6504
2008-06-03,39.192195892333984,40.456459045410156,38.74970245361328,40.077178955078125,35.75587463378906,4299
2008-06-04,39.22380065917969,39.22380065917969,36.031532287597656,36.6004524230957,32.65402603149414,25284
2008-06-05,36.031532287597656,37.8015022277832,35.3994026184082,37.23258590698242,33.217994689941406,18597
2008-06-06,36.85330581665039,37.61186599731445,36.663665771484375,36.79009246826172,32.823219299316406,5003
2008-06-09,36.663665771484375,36.663665771484375,34.862091064453125,35.3994026184082,31.58247947692871,8154
2008-06-10,35.841896057128906,36.91651916503906,34.767269134521484,35.49422073364258,31.667068481445312,775
2008-06-11,36.031532287597656,37.042945861816406,35.3994026184082,36.72687911987305,32.76682662963867,550
2008-06-12,36.031532287597656,36.031532287597656,34.451202392578125,35.24136734008789,31.441484451293945,29864
2008-06-13,35.462615966796875,36.031532287597656,35.3994026184082,35.55743408203125,31.723466873168945,2164
2008-06-16,35.71546936035156,36.663665771484375,34.830482482910156,35.462615966796875,31.638877868652344,4141
2008-06-17,36.031532287597656,37.264190673828125,35.3994026184082,36.88491439819336,32.907814025878906,998
2008-06-18,37.20097732543945,38.180782318115234,36.379207611083984,36.379207611083984,32.456634521484375,1942
2008-06-19,36.31599426269531,38.560062408447266,36.31599426269531,37.39061737060547,33.35898971557617,8292
2008-06-20,36.347599029541016,38.907737731933594,35.841896057128906,37.86471939086914,33.7819709777832,35560
2008-06-23,36.94812774658203,37.295799255371094,35.431007385253906,36.063140869140625,32.174644470214844,821
2008-06-24,36.031532287597656,37.295799255371094,35.083335876464844,35.49422073364258,31.667068481445312,3595
2008-06-25,34.13513946533203,36.663665771484375,34.13513946533203,35.747074127197266,31.892656326293945,1738
2008-06-26,35.747074127197266,36.663665771484375,35.71546936035156,36.031532287597656,32.146446228027344,21411
2008-06-27,35.3994026184082,35.3994026184082,33.50300598144531,33.534610748291016,29.91875457763672,6224
2008-06-30,33.50300598144531,34.451202392578125,32.870872497558594,33.028907775878906,29.467578887939453,4851
2008-07-01,32.5864143371582,34.13513946533203,30.342344284057617,30.62680435180664,27.324481964111328,10338
2008-07-02,35.146549224853516,35.146549224853516,29.141292572021484,32.049102783203125,28.593427658081055,4257
2008-07-03,31.606609344482422,31.606609344482422,27.181684494018555,29.741819381713867,26.534921646118164,39529
2008-07-04,29.425752639770508,30.816444396972656,28.762014389038086,30.1527042388916,26.90150260925293,2777
2008-07-07,30.690017700195312,32.870872497558594,30.690017700195312,31.954282760620117,28.508827209472656,1910
2008-07-08,30.342344284057617,34.451202392578125,30.342344284057617,32.5864143371582,29.072795867919922,20176
2008-07-09,29.836639404296875,36.979732513427734,29.836639404296875,33.344970703125,29.74956512451172,50003
2008-07-10,34.451202392578125,34.451202392578125,32.870872497558594,33.028907775878906,29.467578887939453,10660
2008-07-11,33.06051254272461,34.00871276855469,31.638214111328125,33.15533447265625,29.58037567138672,34155
2008-07-14,32.270347595214844,33.81907272338867,32.270347595214844,32.99729919433594,29.439382553100586,23659
2008-07-15,34.10353088378906,34.10353088378906,30.026277542114258,31.796249389648438,28.367835998535156,3421
2008-07-16,31.00608253479004,31.416969299316406,28.5091609954834,28.9516544342041,25.8299560546875,2222
2008-07-17,31.606609344482422,31.606609344482422,28.1298828125,28.762014389038086,25.6607608795166,7126
2008-07-18,29.141292572021484,29.836639404296875,29.141292572021484,29.71021270751953,26.506725311279297,4932
2008-07-21,28.762014389038086,30.215917587280273,28.762014389038086,30.026277542114258,26.788705825805664,16925
2008-07-22,29.10968780517578,30.026277542114258,29.078079223632812,30.026277542114258,26.788705825805664,7368
2008-07-23,30.215917587280273,31.606609344482422,30.057884216308594,30.974477767944336,27.634668350219727,5177
2008-07-24,30.91126251220703,31.290542602539062,30.690017700195312,31.22732925415039,27.860258102416992,3453
2008-07-25,31.606609344482422,33.50300598144531,30.342344284057617,31.069297790527344,27.719263076782227,9395
2008-07-28,30.974477767944336,32.23874282836914,30.40555763244629,31.54339599609375,28.142242431640625,2325
2008-07-29,30.531984329223633,33.50300598144531,30.437164306640625,31.85946273803711,28.42422866821289,9516
2008-07-30,33.50300598144531,33.50300598144531,32.017494201660156,32.333560943603516,28.84720802307129,2126
2008-07-31,32.5864143371582,34.071922302246094,32.5864143371582,33.40818786621094,29.80596351623535,3133
2008-08-01,33.50300598144531,35.90510940551758,33.50300598144531,34.73566436767578,30.99030303955078,14987
2008-08-04,36.031532287597656,36.50563430786133,33.66103744506836,33.97710418701172,30.313535690307617,7057
2008-08-05,34.767269134521484,35.367794036865234,32.934085845947266,33.945499420166016,30.285337448120117,3546
2008-08-06,34.13513946533203,34.70405578613281,31.606609344482422,32.52320098876953,29.01639747619629,12867
2008-08-07,32.618019104003906,33.81907272338867,31.669822692871094,32.870872497558594,29.326581954956055,5378
2008-08-08,32.870872497558594,33.72425079345703,32.71284103393555,33.37657928466797,29.77776336669922,3225
2008-08-11,33.18693923950195,34.451202392578125,32.99729919433594,33.629432678222656,30.003353118896484,1800
2008-08-12,32.428382873535156,34.13513946533203,32.428382873535156,33.12372589111328,29.552173614501953,13842
2008-08-13,37.92793273925781,37.92793273925781,31.796249389648438,32.5864143371582,29.072795867919922,2662
2008-08-14,31.669822692871094,33.18693923950195,31.669822692871094,32.77605438232422,29.241987228393555,491
2008-08-18,33.50300598144531,35.083335876464844,33.250152587890625,34.04031753540039,30.369937896728516,7223
2008-08-19,33.50300598144531,34.32477569580078,32.554805755615234,33.97710418701172,30.313535690307617,2398
2008-08-20,33.81907272338867,33.81907272338867,33.21854782104492,33.534610748291016,29.91875457763672,41
2008-08-21,32.39677429199219,32.80765914916992,31.92267417907715,32.20713424682617,28.734416961669922,3663
2008-08-22,31.511789321899414,32.77605438232422,31.511789321899414,32.20713424682617,28.734416961669922,2091
2008-08-25,32.30195236206055,33.40818786621094,31.733034133911133,32.1123161315918,28.649818420410156,2483
2008-08-26,32.23874282836914,32.90248107910156,32.017494201660156,32.618019104003906,29.100994110107422,1545
2008-08-27,32.08070755004883,32.80765914916992,32.08070755004883,32.80765914916992,29.27018928527832,211
2008-08-28,29.078079223632812,32.870872497558594,28.445947647094727,31.606609344482422,28.198640823364258,2319
2008-08-29,32.23874282836914,32.80765914916992,31.92267417907715,32.049102783203125,28.593427658081055,2130
2008-09-01,32.870872497558594,35.841896057128906,32.30195236206055,32.870872497558594,29.326581954956055,705
2008-09-02,32.80765914916992,33.15533447265625,31.638214111328125,32.68123245239258,29.157390594482422,7090
2008-09-04,32.870872497558594,33.344970703125,31.733034133911133,32.870872497558594,29.326581954956055,1202
2008-09-05,32.870872497558594,32.870872497558594,31.92267417907715,32.83926773071289,29.298391342163086,1072
2008-09-08,32.554805755615234,32.870872497558594,31.70142936706543,32.270347595214844,28.790809631347656,1673
2008-09-09,32.39677429199219,32.39677429199219,31.606609344482422,32.17552947998047,28.706218719482422,716
2008-09-10,30.974477767944336,31.82785415649414,30.974477767944336,31.16411590576172,27.803855895996094,7708
2008-09-11,30.974477767944336,32.23874282836914,30.974477767944336,31.92267417907715,28.480627059936523,1672
2008-09-12,32.23874282836914,32.52320098876953,30.437164306640625,31.575002670288086,28.170440673828125,2461
2008-09-15,28.856834411621094,31.575002670288086,28.445947647094727,28.920047760009766,25.801753997802734,8265
2008-09-16,26.960437774658203,30.184310913085938,26.960437774658203,29.04647445678711,25.91455078125,8352
2008-09-17,27.49774932861328,29.678606033325195,27.339717864990234,28.983259201049805,25.858152389526367,1343
2008-09-18,26.960437774658203,27.81381607055664,25.91741943359375,26.865617752075195,24.503265380859375,8395
2008-09-19,26.549551010131836,27.81381607055664,26.549551010131836,27.213289260864258,24.82036781311035,1556
2008-09-22,27.49774932861328,29.078079223632812,26.865617752075195,27.023651123046875,24.647403717041016,2153
2008-09-23,27.81381607055664,27.81381607055664,26.549551010131836,27.213289260864258,24.82036781311035,545
2008-09-24,27.49774932861328,27.49774932861328,26.423124313354492,26.549551010131836,24.214990615844727,3818
2008-09-25,27.49774932861328,28.382734298706055,25.949026107788086,26.29669761657715,23.984375,3500
2008-09-26,26.549551010131836,27.15007781982422,25.664566040039062,26.5179443359375,24.186161041259766,3666
2008-09-29,25.222074508666992,25.222074508666992,23.38888931274414,23.452104568481445,21.389907836914062,14512
2008-09-30,22.12462615966797,24.4951229095459,22.12462615966797,23.610137939453125,21.534048080444336,1137
2008-10-01,23.515317916870117,24.147449493408203,23.294071197509766,23.452104568481445,21.389907836914062,2529
2008-10-03,22.440692901611328,24.02102279663086,22.18783950805664,23.515317916870117,21.447568893432617,938
2008-10-06,22.156232833862305,22.978004455566406,20.544296264648438,21.27124786376953,19.400821685791016,20130
2008-10-07,20.575902938842773,22.12462615966797,18.963964462280273,21.776952743530273,19.862058639526367,7044
2008-10-08,20.702329635620117,22.34587287902832,19.027177810668945,20.354656219482422,18.56482696533203,6446
2008-10-10,19.596097946166992,20.228229522705078,18.23701286315918,18.711111068725586,17.0658016204834,2306
2008-10-13,20.639114379882812,22.440692901611328,17.067569732666016,19.280031204223633,17.58469581604004,6933
2008-10-14,19.406457901000977,22.409086227416992,19.37485122680664,20.860361099243164,19.02606201171875,3322
2008-10-15,21.460887908935547,21.460887908935547,19.280031204223633,20.60750961303711,18.795446395874023,4574
2008-10-16,18.142192840576172,21.7137393951416,18.142192840576172,21.27124786376953,19.400821685791016,9896
2008-10-17,21.492494583129883,21.776952743530273,19.05878448486328,19.185211181640625,17.498214721679688,1169
2008-10-20,18.331832885742188,19.596097946166992,17.383634567260742,19.185211181640625,17.498214721679688,1243
2008-10-21,19.280031204223633,20.165016174316406,18.837539672851562,19.722524642944336,17.988285064697266,19570
2008-10-22,18.963964462280273,20.860361099243164,18.711111068725586,18.711111068725586,17.0658016204834,2537
2008-10-23,17.6997013092041,18.963964462280273,17.510061264038086,18.963964462280273,17.296422958374023,259
2008-10-24,17.067569732666016,17.067569732666016,15.171172142028809,15.202778816223145,13.865964889526367,26443
2008-10-27,15.487237930297852,15.487237930297852,12.168543815612793,12.168543815612793,11.098538398742676,44286
2008-10-29,12.958708763122559,13.875301361083984,10.619819641113281,10.746247291564941,9.801305770874023,16292
2008-10-31,12.01051139831543,12.105331420898438,11.69444465637207,12.105331420898438,11.040884017944336,9937
2008-11-03,11.378378868103027,13.274774551391602,11.378378868103027,12.674249649047852,11.559776306152344,10986
2008-11-04,13.085136413574219,13.085136413574219,12.389789581298828,12.990316390991211,11.848052024841309,6927
2008-11-05,12.990316390991211,13.274774551391602,12.358183860778809,12.76906967163086,11.646259307861328,4929
2008-11-06,12.958708763122559,12.958708763122559,11.504804611206055,12.2633638381958,11.185019493103027,3249
2008-11-07,11.599624633789062,12.642642974853516,11.568018913269043,12.105331420898438,11.040884017944336,5508
2008-11-10,13.274774551391602,13.274774551391602,12.231757164001465,12.231757164001465,11.156192779541016,4761
2008-11-11,12.642642974853516,13.274774551391602,12.200151443481445,12.547822952270508,11.444464683532715,6062
2008-11-12,13.274774551391602,13.49602222442627,12.326577186584473,13.179956436157227,12.021014213562012,29068
2008-11-14,13.274774551391602,13.306382179260254,12.990316390991211,13.116742134094238,11.963359832763672,13381
2008-11-17,13.116742134094238,13.274774551391602,12.326577186584473,12.547822952270508,11.444464683532715,5859
2008-11-18,12.042118072509766,12.958708763122559,12.042118072509766,12.642642974853516,11.530948638916016,2080
2008-11-19,12.642642974853516,12.642642974853516,11.85247802734375,11.915691375732422,10.867918014526367,1238
2008-11-20,11.915691375732422,12.579429626464844,10.904279708862305,11.915691375732422,10.867918014526367,2985
2008-11-21,11.69444465637207,12.105331420898438,10.746247291564941,11.093918800354004,10.118408203125,5908
2008-11-24,11.378378868103027,11.409984588623047,10.493393898010254,10.746247291564941,9.801305770874023,4217
2008-11-25,11.378378868103027,11.378378868103027,10.430180549621582,10.493393898010254,9.570685386657715,8604
2008-11-26,10.746247291564941,10.967493057250977,10.145721435546875,10.746247291564941,9.801305770874023,8629
2008-11-27,10.746247291564941,10.746247291564941,10.746247291564941,10.746247291564941,9.801305770874023,0
2008-11-28,10.746247291564941,10.746247291564941,10.746247291564941,10.746247291564941,9.801305770874023,256
2008-12-01,11.188738822937012,11.315166473388672,10.809459686279297,10.84106731414795,9.887788772583008,803
2008-12-02,10.20893383026123,11.220346450805664,10.145721435546875,10.335360527038574,9.42655086517334,319
2008-12-03,11.157133102416992,11.251952171325684,10.619819641113281,11.062313079833984,10.089580535888672,533
2008-12-04,10.683032989501953,12.168543815612793,10.430180549621582,11.378378868103027,10.377853393554688,5710
2008-12-05,10.746247291564941,12.168543815612793,10.746247291564941,11.757658004760742,10.723784446716309,2868
2008-12-08,12.01051139831543,12.073723793029785,11.378378868103027,11.85247802734375,10.810264587402344,24781
2008-12-10,12.76906967163086,12.76906967163086,11.568018913269043,12.01051139831543,10.954401969909668,1831
2008-12-11,12.76906967163086,12.76906967163086,12.01051139831543,12.674249649047852,11.559776306152344,5152
2008-12-12,12.073723793029785,13.93851375579834,12.01051139831543,13.590842247009277,12.395770072937012,6487
2008-12-15,13.90690803527832,14.791893005371094,13.306382179260254,13.590842247009277,12.395770072937012,8441
2008-12-16,13.274774551391602,14.47582721710205,13.274774551391602,13.970121383666992,12.741698265075684,4138
2008-12-17,14.539039611816406,14.697072982788086,14.06494140625,14.444219589233398,13.174108505249023,1892
2008-12-18,13.90690803527832,14.128153800964355,13.74887466430664,13.812088012695312,12.597561836242676,8229
2008-12-19,14.47582721710205,14.50743293762207,13.654054641723633,14.317793846130371,13.058798789978027,2208
2008-12-22,14.539039611816406,14.539039611816406,13.970121383666992,13.970121383666992,12.741698265075684,1350
2008-12-23,13.432807922363281,13.622447967529297,13.432807922363281,13.432807922363281,12.251631736755371,1684
2008-12-24,12.800676345825195,13.843693733215332,12.800676345825195,13.021923065185547,11.876876831054688,1012
2008-12-26,12.927103042602539,13.432807922363281,12.579429626464844,13.432807922363281,12.251631736755371,1898
2008-12-29,13.590842247009277,13.590842247009277,12.800676345825195,12.800676345825195,11.675085067749023,158
2008-12-30,13.33798885345459,13.464414596557617,12.832283020019531,13.464414596557617,12.2804594039917,474
2008-12-31,12.927103042602539,13.685661315917969,12.927103042602539,13.085136413574219,11.93453311920166,949
2009-01-02,14.159760475158691,14.444219589233398,13.401202201843262,14.317793846130371,13.058798789978027,9711
2009-01-05,14.539039611816406,15.044746398925781,14.34939956665039,15.013138771057129,13.693000793457031,11173
2009-01-06,15.613664627075195,15.771697998046875,15.234384536743164,15.771697998046875,14.384858131408691,23254
2009-01-07,15.171172142028809,15.803303718566895,14.222973823547363,14.539039611816406,13.260590553283691,19298
2009-01-09,13.93851375579834,13.93851375579834,13.085136413574219,13.306382179260254,12.136322975158691,4325
2009-01-12,13.274774551391602,13.93851375579834,12.642642974853516,12.737462997436523,11.617431640625,2849
2009-01-13,12.76906967163086,13.90690803527832,12.547822952270508,13.116742134094238,11.963359832763672,16890
2009-01-14,12.674249649047852,13.90690803527832,12.547822952270508,12.642642974853516,11.530948638916016,10124
2009-01-15,12.642642974853516,13.053528785705566,11.726052284240723,12.674249649047852,11.559776306152344,1226
2009-01-16,13.90690803527832,13.90690803527832,12.105331420898438,13.243168830871582,12.078668594360352,169
2009-01-19,12.073723793029785,13.085136413574219,12.073723793029785,13.085136413574219,11.93453311920166,1740
2009-01-20,13.085136413574219,13.085136413574219,13.085136413574219,13.085136413574219,11.93453311920166,0
2009-01-21,12.294971466064453,12.326577186584473,12.136937141418457,12.2633638381958,11.185019493103027,727
2009-01-22,12.042118072509766,12.231757164001465,11.062313079833984,11.188738822937012,10.204890251159668,11024
2009-01-23,10.872673034667969,11.789264678955078,10.872673034667969,11.346772193908691,10.349024772644043,308
2009-01-27,11.947298049926758,11.947298049926758,10.967493057250977,11.062313079833984,10.089580535888672,760
2009-01-28,11.69444465637207,12.136937141418457,10.430180549621582,10.588213920593262,9.657169342041016,10641
2009-01-29,10.746247291564941,10.746247291564941,10.430180549621582,10.683032989501953,9.743650436401367,10763
2009-01-30,10.177328109741211,10.493393898010254,9.924474716186523,9.924474716186523,9.051794052124023,5078
2009-02-02,9.987688064575195,10.430180549621582,9.79804801940918,10.114113807678223,9.224757194519043,5190
2009-02-03,9.79804801940918,10.303753852844238,9.481982231140137,9.76644229888916,8.907658576965332,27312
2009-02-04,9.19752311706543,10.082508087158203,9.19752311706543,9.481982231140137,8.648211479187012,8357
2009-02-05,9.6400146484375,10.050901412963867,9.102703094482422,9.260736465454102,8.446419715881348,31063
2009-02-06,9.165916442871094,9.165916442871094,8.849849700927734,8.881457328796387,8.100491523742676,12025
2009-02-09,9.102703094482422,9.102703094482422,8.533783912658691,8.755029678344727,7.9851813316345215,4951
2009-02-10,8.565390586853027,9.102703094482422,8.565390586853027,8.755029678344727,7.9851813316345215,2085
2009-02-11,8.596997261047363,9.6400146484375,8.312538146972656,9.22912883758545,8.41759204864502,5066
2009-02-12,9.481982231140137,10.177328109741211,9.481982231140137,10.177328109741211,9.282413482666016,3907
2009-02-13,10.36696720123291,11.220346450805664,10.36696720123291,11.030706405639648,10.060752868652344,21038
2009-02-16,10.177328109741211,10.746247291564941,10.114113807678223,10.145721435546875,9.253586769104004,6485
2009-02-17,9.545195579528809,10.872673034667969,9.260736465454102,9.481982231140137,8.648211479187012,2621
2009-02-18,8.976277351379395,10.335360527038574,8.976277351379395,9.481982231140137,8.648211479187012,15395
2009-02-19,9.95608139038086,9.95608139038086,9.260736465454102,9.292343139648438,8.475247383117676,1901
2009-02-20,9.007883071899414,9.292343139648438,8.944669723510742,9.165916442871094,8.35993766784668,1434
2009-02-24,8.849849700927734,9.007883071899414,8.533783912658691,8.786637306213379,8.014010429382324,12174
2009-02-25,8.849849700927734,8.849849700927734,8.818243980407715,8.849849700927734,8.071663856506348,2376
2009-02-26,9.481982231140137,9.481982231140137,8.407358169555664,8.47057056427002,7.725734233856201,2064
2009-02-27,8.849849700927734,8.849849700927734,8.849849700927734,8.849849700927734,8.071663856506348,870
2009-03-02,8.755029678344727,8.849849700927734,8.723423957824707,8.723423957824707,7.956356525421143,9757
2009-03-03,8.47057056427002,8.502177238464355,8.217718124389648,8.217718124389648,7.495115756988525,52
2009-03-04,8.217718124389648,8.438963890075684,8.186111450195312,8.186111450195312,7.4662885665893555,11714
2009-03-05,8.217718124389648,8.217718124389648,8.059684753417969,8.12289810180664,7.408632755279541,21280
2009-03-06,8.12289810180664,8.186111450195312,7.7752251625061035,8.059684753417969,7.350979804992676,3155
2009-03-09,8.786637306213379,8.786637306213379,7.901651859283447,7.933258056640625,7.235669136047363,17336
2009-03-12,8.059684753417969,8.217718124389648,7.8068318367004395,7.933258056640625,7.235669136047363,16240
2009-03-13,7.7752251625061035,8.217718124389648,7.617191791534424,7.870045185089111,7.178014755249023,10845
2009-03-16,7.743618965148926,7.743618965148926,7.617191791534424,7.743618965148926,7.062705993652344,12782
2009-03-17,7.901651859283447,7.901651859283447,7.648798942565918,7.680406093597412,7.005052089691162,206221
2009-03-18,7.712011814117432,7.901651859283447,7.585586071014404,7.617191791534424,6.947395324707031,217188
2009-03-19,7.901651859283447,8.47057056427002,7.585586071014404,8.217718124389648,7.495115756988525,29085
2009-03-20,8.438963890075684,9.76644229888916,8.217718124389648,9.134309768676758,8.331110954284668,186511
2009-03-23,9.134309768676758,10.967493057250977,9.134309768676758,10.967493057250977,10.003097534179688,76662
2009-03-24,11.631232261657715,11.631232261657715,10.430180549621582,10.430180549621582,9.513031005859375,32743
2009-03-25,9.861262321472168,10.430180549621582,9.861262321472168,9.892868041992188,9.022967338562012,4915
2009-03-26,10.461787223815918,10.461787223815918,9.60840892791748,9.892868041992188,9.022967338562012,31513
2009-03-27,10.398573875427246,10.430180549621582,9.79804801940918,10.114113807678223,9.224757194519043,2871
2009-03-30,9.703228950500488,10.145721435546875,9.703228950500488,9.79804801940918,8.936485290527344,11473
2009-03-31,9.79804801940918,10.746247291564941,9.576802253723145,10.588213920593262,9.657169342041016,11141
2009-04-01,9.60840892791748,11.346772193908691,9.60840892791748,10.683032989501953,9.743650436401367,1426
2009-04-02,10.114113807678223,10.999099731445312,9.95608139038086,10.746247291564941,9.801305770874023,2431
2009-04-06,11.504804611206055,11.631232261657715,10.651427268981934,11.4415922164917,10.435507774353027,17701
2009-04-08,11.69444465637207,12.326577186584473,10.746247291564941,12.01051139831543,10.954401969909668,9445
2009-04-09,12.168543815612793,12.168543815612793,11.568018913269043,11.69444465637207,10.666128158569336,12006
2009-04-13,11.820871353149414,12.863889694213867,10.556607246398926,12.863889694213867,11.73274040222168,36232
2009-04-15,13.274774551391602,13.875301361083984,13.021923065185547,13.306382179260254,12.136322975158691,18059
2009-04-16,13.211562156677246,13.654054641723633,12.01051139831543,12.76906967163086,11.646259307861328,9863
2009-04-17,12.611037254333496,13.116742134094238,12.611037254333496,12.705856323242188,11.588603019714355,3205
2009-04-20,13.243168830871582,13.274774551391602,12.642642974853516,12.800676345825195,11.675085067749023,13413
2009-04-21,12.358183860778809,13.085136413574219,12.358183860778809,12.674249649047852,11.559776306152344,13066
2009-04-22,12.358183860778809,13.274774551391602,12.358183860778809,12.927103042602539,11.790395736694336,15379
2009-04-23,11.789264678955078,12.927103042602539,11.789264678955078,12.895496368408203,11.761568069458008,1562
2009-04-24,13.527627944946289,13.527627944946289,11.820871353149414,12.895496368408203,11.761568069458008,882
2009-04-27,14.033333778381348,14.191367149353027,13.274774551391602,13.685661315917969,12.482253074645996,21797
2009-04-28,13.274774551391602,13.274774551391602,12.958708763122559,13.021923065185547,11.876876831054688,778
2009-04-29,13.717267990112305,14.34939956665039,13.717267990112305,14.033333778381348,12.799352645874023,45757
2009-04-30,14.033333778381348,14.033333778381348,14.033333778381348,14.033333778381348,12.799352645874023,0
2009-05-04,14.222973823547363,14.855106353759766,13.843693733215332,14.159760475158691,12.914661407470703,17164
2009-05-05,14.539039611816406,14.539039611816406,13.33798885345459,13.74887466430664,12.53990650177002,1699
2009-05-06,14.823498725891113,14.823498725891113,13.274774551391602,14.317793846130371,13.058798789978027,10605
2009-05-07,13.90690803527832,15.771697998046875,13.90690803527832,15.171172142028809,13.837137222290039,49660
2009-05-08,14.539039611816406,15.708483695983887,14.539039611816406,14.66546630859375,13.37590217590332,4502
2009-05-11,14.539039611816406,15.297597885131836,13.90690803527832,14.033333778381348,12.799352645874023,4268
2009-05-12,13.590842247009277,14.444219589233398,13.590842247009277,13.93851375579834,12.712869644165039,2467
2009-05-13,13.432807922363281,14.317793846130371,13.33798885345459,14.159760475158691,12.914661407470703,1724
2009-05-14,13.622447967529297,14.539039611816406,13.590842247009277,14.381007194519043,13.116453170776367,2159
2009-05-15,14.033333778381348,14.539039611816406,13.74887466430664,14.222973823547363,12.972317695617676,14821
2009-05-18,14.539039611816406,14.539039611816406,14.539039611816406,14.539039611816406,13.260590553283691,0
2009-05-19,17.067569732666016,17.067569732666016,14.697072982788086,15.107958793640137,13.779483795166016,12176
2009-05-20,15.171172142028809,17.6997013092041,15.171172142028809,17.035961151123047,15.537952423095703,32708
2009-05-21,18.142192840576172,20.44947624206543,17.130781173706055,18.268619537353516,16.662221908569336,53602
2009-05-22,17.415241241455078,21.42928123474121,17.383634567260742,20.386262893676758,18.593652725219727,53365
2009-05-25,19.596097946166992,22.251052856445312,19.596097946166992,21.903379440307617,19.977367401123047,34244
2009-05-26,23.38888931274414,23.38888931274414,19.722524642944336,20.101802825927734,18.33420753479004,56556
2009-05-27,21.176427841186523,21.176427841186523,19.817344665527344,20.702329635620117,18.881929397583008,14950
2009-05-28,20.923574447631836,21.745346069335938,20.575902938842773,21.524099349975586,19.631441116333008,10486
2009-05-29,21.903379440307617,22.72515106201172,20.8919677734375,22.409086227416992,20.43860626220703,21479
2009-06-01,23.38888931274414,24.653154373168945,21.840166091918945,23.86298942565918,21.764665603637695,13536
2009-06-02,24.02102279663086,24.17905616760254,23.072824478149414,23.831382751464844,21.735836029052734,39254
2009-06-03,23.10443115234375,26.233484268188477,22.8831844329834,26.233484268188477,23.926719665527344,48407
2009-06-04,27.466142654418945,27.560962677001953,26.170272827148438,27.560962677001953,25.137462615966797,40814
2009-06-05,28.445947647094727,28.9516544342041,26.549551010131836,27.308109283447266,24.906848907470703,73176
2009-06-08,26.549551010131836,26.612764358520508,25.949026107788086,25.949026107788086,23.667274475097656,4271
2009-06-09,24.716367721557617,24.747974395751953,24.653154373168945,24.68476104736328,22.514175415039062,14992
2009-06-10,25.60135269165039,25.60135269165039,23.452104568481445,23.452104568481445,21.389907836914062,27684
2009-06-11,23.7049560546875,23.7049560546875,22.28265953063965,22.567119598388672,20.582746505737305,3328
2009-06-12,22.756757736206055,23.357284545898438,21.460887908935547,21.460887908935547,19.57378387451172,12946
2009-06-15,20.544296264648438,21.176427841186523,20.386262893676758,20.386262893676758,18.593652725219727,28633
2009-06-16,19.46967124938965,21.42928123474121,19.406457901000977,21.081607818603516,19.227855682373047,9578
2009-06-17,21.176427841186523,21.492494583129883,20.259836196899414,20.259836196899414,18.478343963623047,8542
2009-06-18,20.860361099243164,20.860361099243164,19.248424530029297,19.37485122680664,17.67117691040039,4057
2009-06-19,18.963964462280273,20.165016174316406,18.489866256713867,19.185211181640625,17.498214721679688,4310
2009-06-22,18.521472930908203,19.15360450744629,18.331832885742188,18.679506301879883,17.03697967529297,2352
2009-06-23,18.963964462280273,18.963964462280273,17.826126098632812,18.30022621154785,16.691049575805664,5536
2009-06-24,19.027177810668945,19.027177810668945,18.331832885742188,19.027177810668945,17.354074478149414,3005
2009-06-25,19.848949432373047,19.91216278076172,19.027177810668945,19.185211181640625,17.498214721679688,4991
2009-06-26,19.121997833251953,19.848949432373047,19.121997833251953,19.690916061401367,17.959453582763672,523
2009-06-29,19.280031204223633,20.702329635620117,18.711111068725586,19.722524642944336,17.988285064697266,83526
2009-06-30,20.544296264648438,20.73393440246582,19.627704620361328,19.722524642944336,17.988285064697266,16135
2009-07-01,19.785736083984375,19.91216278076172,19.785736083984375,19.91216278076172,18.161245346069336,716
2009-07-02,20.860361099243164,20.923574447631836,20.860361099243164,20.923574447631836,19.083717346191406,572
2009-07-03,19.880556106567383,20.860361099243164,19.880556106567383,19.91216278076172,18.161245346069336,4780
2009-07-06,19.785736083984375,19.785736083984375,18.99557113647461,19.05878448486328,17.382905960083008,2689
2009-07-07,18.331832885742188,19.596097946166992,17.826126098632812,18.39504623413086,16.777530670166016,8412
2009-07-08,17.6997013092041,17.6997013092041,17.067569732666016,17.6997013092041,16.143329620361328,2339
2009-07-09,17.067569732666016,18.963964462280273,17.067569732666016,18.742719650268555,17.09463119506836,18034
2009-07-10,17.6997013092041,18.647899627685547,17.6997013092041,18.363439559936523,16.748706817626953,6889
2009-07-13,17.067569732666016,17.6997013092041,16.751501083374023,17.668094635009766,16.114501953125,12497
2009-07-14,17.130781173706055,18.774324417114258,17.130781173706055,18.647899627685547,17.008150100708008,3167
2009-07-15,18.963964462280273,19.596097946166992,18.521472930908203,19.564491271972656,17.84414291381836,2029
2009-07-16,19.21681785583496,20.228229522705078,18.963964462280273,20.038589477539062,18.276554107666016,2439
2009-07-17,19.91216278076172,20.228229522705078,18.99557113647461,20.196622848510742,18.420690536499023,2584
2009-07-20,20.165016174316406,20.228229522705078,19.438064575195312,19.53288459777832,17.815317153930664,2592
2009-07-21,19.280031204223633,21.42928123474121,18.142192840576172,19.848949432373047,18.103588104248047,4769
2009-07-22,17.95255470275879,20.797147750854492,17.95255470275879,19.817344665527344,18.074764251708984,12022
2009-07-23,19.817344665527344,20.544296264648438,19.75412940979004,19.97537612915039,18.218896865844727,2784
2009-07-24,19.21681785583496,21.745346069335938,19.21681785583496,21.20803451538086,19.343168258666992,3611
2009-07-27,20.544296264648438,21.80855941772461,20.259836196899414,21.745346069335938,19.833229064941406,10915
2009-07-28,21.36606788635254,22.251052856445312,21.36606788635254,22.093019485473633,20.15033531188965,4013
2009-07-29,22.02980613708496,22.28265953063965,21.081607818603516,21.80855941772461,19.890884399414062,8542
2009-07-30,21.618919372558594,21.96659278869629,21.239641189575195,21.460887908935547,19.57378387451172,3643
2009-07-31,22.12462615966797,22.72515106201172,21.80855941772461,21.96659278869629,20.035022735595703,9240
2009-08-03,21.018394470214844,22.061412811279297,21.018394470214844,21.58731460571289,19.6890926361084,5019
2009-08-04,20.860361099243164,22.314266204833984,20.860361099243164,21.492494583129883,19.602611541748047,3005
2009-08-05,21.492494583129883,21.524099349975586,20.417869567871094,20.860361099243164,19.02606201171875,11231
2009-08-06,21.492494583129883,21.65052604675293,20.955181121826172,20.986787796020508,19.14137077331543,6644
2009-08-07,20.860361099243164,23.10443115234375,20.860361099243164,23.10443115234375,21.07280921936035,164522
2009-08-10,24.969221115112305,24.969221115112305,22.567119598388672,23.38888931274414,21.332256317138672,22799
2009-08-11,22.12462615966797,24.33708953857422,22.12462615966797,23.578529357910156,21.505218505859375,5225
2009-08-12,21.80855941772461,22.756757736206055,21.80855941772461,22.756757736206055,20.755706787109375,7909
2009-08-13,23.072824478149414,24.33708953857422,23.072824478149414,24.147449493408203,22.024112701416016,11728
2009-08-14,23.26246452331543,23.86298942565918,23.26246452331543,23.515317916870117,21.447568893432617,949
2009-08-17,25.222074508666992,25.222074508666992,22.914791107177734,23.38888931274414,21.332256317138672,45778
2009-08-18,23.38888931274414,23.38888931274414,23.10443115234375,23.10443115234375,21.07280921936035,2309
2009-08-19,22.94639778137207,22.94639778137207,22.914791107177734,22.914791107177734,20.899845123291016,395
2009-08-20,23.38888931274414,23.831382751464844,22.756757736206055,22.94639778137207,20.92867088317871,2877
2009-08-21,23.072824478149414,23.167644500732422,22.756757736206055,22.819971084594727,20.813358306884766,2296
2009-08-24,22.28265953063965,24.589942932128906,22.251052856445312,23.768169403076172,21.67818260192871,3163
2009-08-25,22.756757736206055,24.147449493408203,22.661937713623047,23.10443115234375,21.07280921936035,267
2009-08-26,24.305482864379883,24.305482864379883,23.136037826538086,23.831382751464844,21.735836029052734,5513
2009-08-27,23.072824478149414,26.233484268188477,23.072824478149414,25.727779388427734,23.46548080444336,42182
2009-08-28,26.549551010131836,27.687389373779297,25.91741943359375,26.865617752075195,24.503265380859375,39390
2009-08-31,24.811187744140625,28.1298828125,24.811187744140625,26.770797729492188,24.416784286499023,11231
2009-09-01,27.81381607055664,27.81381607055664,26.233484268188477,26.89722442626953,24.532094955444336,13446
2009-09-02,25.380107879638672,28.1298828125,25.380107879638672,27.244897842407227,24.84919548034668,21027
2009-09-03,26.359912872314453,27.65578269958496,26.359912872314453,27.023651123046875,24.647403717041016,10113
2009-09-04,26.644371032714844,27.181684494018555,26.549551010131836,26.549551010131836,24.214990615844727,2219
2009-09-07,26.359912872314453,27.81381607055664,26.012239456176758,27.371322631835938,24.964506149291992,8374
2009-09-08,26.13866424560547,27.81381607055664,26.13866424560547,26.89722442626953,24.532094955444336,2445
2009-09-09,25.60135269165039,28.445947647094727,24.84279441833496,26.29669761657715,23.984375,3068
2009-09-10,25.47492790222168,27.81381607055664,25.285287857055664,26.89722442626953,24.532094955444336,210171
2009-09-11,27.782209396362305,27.81381607055664,26.865617752075195,26.865617752075195,24.503265380859375,3163
2009-09-14,26.549551010131836,27.43453598022461,26.549551010131836,27.05525779724121,24.676231384277344,1317
2009-09-15,26.549551010131836,27.181684494018555,26.549551010131836,26.581157684326172,24.243818283081055,5536
2009-09-16,26.89722442626953,28.445947647094727,26.549551010131836,27.49774932861328,25.07981300354004,326687
2009-09-17,27.59256935119629,29.899852752685547,27.213289260864258,27.687389373779297,25.252777099609375,28141
2009-09-18,27.782209396362305,27.877029418945312,25.60135269165039,27.05525779724121,24.676231384277344,55864
2009-09-22,26.549551010131836,28.09827423095703,26.549551010131836,27.43453598022461,25.02216148376465,4791
2009-09-23,27.181684494018555,27.49774932861328,26.644371032714844,27.181684494018555,24.791540145874023,33935
2009-09-24,27.181684494018555,27.529356002807617,26.612764358520508,26.67597770690918,24.33030128479004,13528
2009-09-25,27.466142654418945,27.466142654418945,26.960437774658203,27.086864471435547,24.70505714416504,5505
2009-09-29,26.802404403686523,27.529356002807617,26.802404403686523,27.181684494018555,24.791540145874023,3005
2009-09-30,28.382734298706055,28.382734298706055,26.960437774658203,27.181684494018555,24.791540145874023,10599
2009-10-01,27.15007781982422,27.49774932861328,26.707584381103516,26.99204444885254,24.618576049804688,4094
2009-10-05,26.549551010131836,28.9516544342041,26.549551010131836,27.782209396362305,25.339258193969727,9937
2009-10-06,27.181684494018555,27.466142654418945,27.181684494018555,27.339717864990234,24.93568229675293,3638
2009-10-07,28.066669464111328,28.066669464111328,27.43453598022461,27.529356002807617,25.108640670776367,4745
2009-10-08,27.402929306030273,28.793621063232422,27.213289260864258,28.540767669677734,26.031116485595703,9966
2009-10-09,28.1298828125,28.825227737426758,28.1298828125,28.445947647094727,25.94463539123535,4587
2009-10-12,28.445947647094727,29.10968780517578,28.445947647094727,29.014867782592773,26.46352767944336,12541
2009-10-13,29.014867782592773,29.014867782592773,29.014867782592773,29.014867782592773,26.46352767944336,0
2009-10-14,28.445947647094727,28.477554321289062,28.35112762451172,28.382734298706055,25.886980056762695,4973
2009-10-15,28.35112762451172,29.615392684936523,28.35112762451172,29.3309326171875,26.75180435180664,6180
2009-10-16,29.48896598815918,35.20976257324219,28.5091609954834,34.862091064453125,31.796592712402344,265885
2009-10-20,43.77515411376953,47.18866729736328,42.47928237915039,44.5653190612793,40.64659881591797,775913
2009-10-21,44.84977722167969,44.84977722167969,40.108787536621094,40.172000885009766,36.63959884643555,317495
2009-10-22,39.28701400756836,40.709312438964844,36.663665771484375,38.05435562133789,34.70814895629883,266717
2009-10-23,37.92793273925781,40.1403923034668,37.3274040222168,38.275604248046875,34.909950256347656,51984
2009-10-26,35.90510940551758,38.876129150390625,35.841896057128906,37.959537506103516,34.621673583984375,35560
2009-10-27,35.462615966796875,38.74970245361328,35.462615966796875,37.99114227294922,34.65049362182617,71016
2009-10-28,38.781307220458984,39.761112213134766,36.063140869140625,37.959537506103516,34.621673583984375,18228
2009-10-29,36.347599029541016,37.8015022277832,34.767269134521484,34.9569091796875,31.883073806762695,19937
2009-10-30,34.767269134521484,37.83311080932617,32.618019104003906,33.3133659362793,30.384050369262695,13093
2009-11-03,32.333560943603516,33.50300598144531,30.46877098083496,31.669822692871094,28.885028839111328,8090
2009-11-04,30.121097564697266,34.862091064453125,30.121097564697266,32.934085845947266,30.038122177124023,74398
2009-11-05,33.21854782104492,33.43979263305664,29.868244171142578,32.049102783203125,29.230960845947266,8166
2009-11-06,34.70405578613281,34.70405578613281,32.30195236206055,32.618019104003906,29.749845504760742,5838
2009-11-09,32.618019104003906,33.3133659362793,31.290542602539062,32.1123161315918,29.288610458374023,18053
2009-11-10,32.870872497558594,33.43979263305664,31.98588752746582,32.870872497558594,29.9804630279541,11390
2009-11-11,32.870872497558594,37.295799255371094,31.669822692871094,36.6004524230957,33.38209915161133,34193
2009-11-12,35.083335876464844,35.99992752075195,34.13513946533203,34.79887771606445,31.73893928527832,7599
2009-11-13,34.70405578613281,35.96832275390625,33.18693923950195,34.767269134521484,31.710107803344727,14534
2009-11-16,33.50300598144531,39.761112213134766,33.50300598144531,35.20976257324219,32.11369705200195,12437
2009-11-17,36.347599029541016,37.20097732543945,34.79887771606445,35.146549224853516,32.0560417175293,1852
2009-11-18,36.031532287597656,36.031532287597656,34.767269134521484,35.27297592163086,32.171348571777344,651
2009-11-19,34.482810974121094,35.90510940551758,34.482810974121094,35.02012252807617,31.94072914123535,8534
2009-11-20,35.87350082397461,35.87350082397461,34.451202392578125,34.767269134521484,31.710107803344727,1407
2009-11-23,34.13513946533203,35.367794036865234,33.50300598144531,35.367794036865234,32.2578239440918,3896
2009-11-24,36.063140869140625,36.063140869140625,34.767269134521484,34.767269134521484,31.710107803344727,3099
2009-11-25,34.767269134521484,35.3994026184082,34.767269134521484,34.767269134521484,31.710107803344727,4204
2009-11-26,33.50300598144531,34.767269134521484,33.50300598144531,34.70405578613281,31.65245819091797,9384
2009-11-27,34.13513946533203,35.083335876464844,32.99729919433594,34.451202392578125,31.421833038330078,5378
2009-11-30,36.18956756591797,36.18956756591797,33.534610748291016,34.89369583129883,31.82542610168457,1129
2009-12-01,34.166744232177734,34.166744232177734,33.91389083862305,33.91389083862305,30.931772232055664,118
2009-12-02,34.767269134521484,34.767269134521484,33.028907775878906,34.04031753540039,31.047082901000977,1384
2009-12-03,33.28175735473633,35.27297592163086,33.250152587890625,35.02012252807617,31.94072914123535,8827
2009-12-04,33.945499420166016,35.90510940551758,33.945499420166016,34.89369583129883,31.82542610168457,1146
2009-12-07,34.767269134521484,34.767269134521484,33.97710418701172,34.767269134521484,31.710107803344727,480
2009-12-08,33.66103744506836,35.20976257324219,33.66103744506836,35.20976257324219,32.11369705200195,1539
2009-12-09,35.3994026184082,35.3994026184082,35.20976257324219,35.33618927001953,32.22900390625,319
2009-12-10,34.166744232177734,35.3994026184082,34.166744232177734,34.767269134521484,31.710107803344727,3329
2009-12-11,34.767269134521484,35.71546936035156,34.767269134521484,35.71546936035156,32.574928283691406,1463
2009-12-14,34.79887771606445,35.87350082397461,34.767269134521484,34.767269134521484,31.710107803344727,982
2009-12-15,34.767269134521484,35.96832275390625,34.767269134521484,34.767269134521484,31.710107803344727,5388
2009-12-16,34.830482482910156,34.830482482910156,34.767269134521484,34.767269134521484,31.710107803344727,5842
2009-12-17,34.767269134521484,34.767269134521484,34.767269134521484,34.767269134521484,31.710107803344727,3037
2009-12-18,34.13513946533203,35.3994026184082,34.13513946533203,34.767269134521484,31.710107803344727,403
2009-12-21,35.33618927001953,35.33618927001953,34.767269134521484,34.767269134521484,31.710107803344727,8109
2009-12-22,35.27297592163086,35.3994026184082,34.767269134521484,34.767269134521484,31.710107803344727,5116
2009-12-23,34.767269134521484,34.830482482910156,34.767269134521484,34.767269134521484,31.710107803344727,1286
2009-12-24,34.767269134521484,35.11494445800781,34.767269134521484,34.767269134521484,31.710107803344727,1029
2009-12-29,34.767269134521484,36.347599029541016,34.767269134521484,34.830482482910156,31.76776695251465,1937
2009-12-30,35.3994026184082,35.52582931518555,34.767269134521484,35.30458068847656,32.200172424316406,1695
2009-12-31,34.830482482910156,35.083335876464844,34.767269134521484,34.767269134521484,31.710107803344727,2311
2010-01-04,35.083335876464844,35.083335876464844,34.767269134521484,34.79887771606445,31.73893928527832,2198
2010-01-05,35.55743408203125,36.47402572631836,35.146549224853516,36.47402572631836,33.26678466796875,5318
2010-01-06,38.30720901489258,38.30720901489258,36.758487701416016,36.94812774658203,33.69919967651367,5426
2010-01-07,36.031532287597656,37.92793273925781,35.178157806396484,37.45383071899414,34.160438537597656,3625
2010-01-08,37.8015022277832,37.8015022277832,36.663665771484375,36.663665771484375,33.43975067138672,7251
2010-01-11,37.92793273925781,38.43363571166992,35.71546936035156,37.39061737060547,34.102779388427734,3173
2010-01-12,38.81291580200195,38.9393424987793,37.01133728027344,37.3274040222168,34.045127868652344,1347
2010-01-13,37.92793273925781,38.844520568847656,36.72687911987305,36.72687911987305,33.497413635253906,1058
2010-01-14,38.11756896972656,38.11756896972656,36.85330581665039,36.85330581665039,33.61271667480469,411
2010-01-15,36.663665771484375,38.11756896972656,36.663665771484375,36.979732513427734,33.72802734375,1967
2010-01-18,35.146549224853516,38.844520568847656,35.146549224853516,38.180782318115234,34.823463439941406,9670
2010-01-19,37.51704406738281,39.72950744628906,37.3274040222168,38.52845764160156,35.140567779541016,6261
2010-01-20,40.26681900024414,40.26681900024414,36.758487701416016,37.42222595214844,34.13160705566406,3078
2010-01-21,39.03416061401367,39.31862258911133,37.42222595214844,37.92793273925781,34.59284973144531,6307
2010-01-22,36.72687911987305,36.979732513427734,36.663665771484375,36.695274353027344,33.46857833862305,4908
2010-01-25,35.93671417236328,36.979732513427734,35.178157806396484,36.979732513427734,33.72802734375,197
2010-01-27,37.295799255371094,37.295799255371094,35.146549224853516,35.146549224853516,32.0560417175293,183
2010-01-28,34.1983528137207,35.178157806396484,33.50300598144531,34.830482482910156,31.76776695251465,1619
2010-01-29,34.767269134521484,34.767269134521484,34.767269134521484,34.767269134521484,31.710107803344727,3795
2010-02-01,35.71546936035156,35.71546936035156,34.767269134521484,35.24136734008789,32.142520904541016,751
2010-02-02,36.979732513427734,36.979732513427734,34.767269134521484,35.87350082397461,32.71906280517578,1202
2010-02-03,36.663665771484375,37.295799255371094,34.767269134521484,34.830482482910156,31.76776695251465,2167
2010-02-04,34.767269134521484,34.767269134521484,34.767269134521484,34.767269134521484,31.710107803344727,1687
2010-02-05,35.083335876464844,35.083335876464844,34.13513946533203,34.767269134521484,31.710107803344727,8803
2010-02-08,34.767269134521484,34.767269134521484,34.13513946533203,34.767269134521484,31.710107803344727,2127
2010-02-09,34.767269134521484,34.767269134521484,34.767269134521484,34.767269134521484,31.710107803344727,314
2010-02-10,34.767269134521484,35.3994026184082,34.767269134521484,35.3994026184082,32.286659240722656,514
2010-02-11,34.482810974121094,35.462615966796875,34.482810974121094,35.3994026184082,32.286659240722656,487
2010-02-15,35.87350082397461,35.87350082397461,35.87350082397461,35.87350082397461,32.71906280517578,1589
2010-02-16,35.87350082397461,35.87350082397461,34.89369583129883,34.89369583129883,31.82542610168457,1218
2010-02-17,34.89369583129883,34.89369583129883,34.89369583129883,34.89369583129883,31.82542610168457,0
2010-02-18,36.031532287597656,36.347599029541016,34.9569091796875,34.9569091796875,31.883073806762695,412
2010-02-19,34.862091064453125,35.71546936035156,34.862091064453125,35.27297592163086,32.171348571777344,858
2010-02-22,33.566219329833984,35.55743408203125,33.566219329833984,34.862091064453125,31.796592712402344,9662
2010-02-23,35.24136734008789,36.22117233276367,34.767269134521484,35.71546936035156,32.574928283691406,8748
2010-02-24,37.295799255371094,37.295799255371094,34.41959762573242,35.462615966796875,32.34431457519531,5729
2010-02-25,34.98851776123047,35.58904266357422,34.98851776123047,35.431007385253906,32.31547546386719,5645
2010-02-26,36.91651916503906,36.91651916503906,35.3994026184082,35.55743408203125,32.430789947509766,1309
2010-03-02,34.767269134521484,36.63206100463867,34.767269134521484,35.49422073364258,32.37313461303711,3757
2010-03-03,35.52582931518555,37.295799255371094,35.3994026184082,36.347599029541016,33.15148162841797,9907
2010-03-04,36.284385681152344,37.295799255371094,36.063140869140625,37.16937255859375,33.9009895324707,4109
2010-03-05,37.295799255371094,37.295799255371094,36.85330581665039,36.94812774658203,33.69919967651367,7063
2010-03-08,37.042945861816406,39.887542724609375,37.042945861816406,38.9393424987793,35.51531982421875,23243
2010-03-09,38.560062408447266,42.85856246948242,38.560062408447266,42.289642333984375,38.571022033691406,147459
2010-03-10,42.384464263916016,42.384464263916016,41.088592529296875,42.03678894042969,38.34040069580078,28747
2010-03-11,41.24662399291992,42.35285568237305,41.24662399291992,42.068397521972656,38.369239807128906,10330
2010-03-12,41.94197082519531,41.94197082519531,40.077178955078125,41.404659271240234,37.763858795166016,22955
2010-03-15,40.456459045410156,41.56269073486328,40.1403923034668,40.80413055419922,37.21613693237305,13437
2010-03-16,39.03416061401367,41.24662399291992,39.03416061401367,41.088592529296875,37.4755859375,35059
2010-03-17,39.82432556152344,41.373050689697266,39.82432556152344,41.088592529296875,37.4755859375,5769
2010-03-18,40.456459045410156,44.186038970947266,40.36164093017578,42.984989166259766,39.205223083496094,68814
2010-03-19,42.384464263916016,44.24925231933594,42.35285568237305,42.41606903076172,38.686336517333984,48399
2010-03-22,41.404659271240234,42.921775817871094,41.088592529296875,41.34144592285156,37.70620346069336,52705
2010-03-23,45.45030212402344,45.45030212402344,41.056983947753906,41.088592529296875,37.4755859375,3209
2010-03-25,39.31862258911133,42.25803756713867,39.255409240722656,41.12019729614258,37.5044059753418,16513
2010-03-26,40.456459045410156,41.34144592285156,40.456459045410156,41.056983947753906,37.446754455566406,11502
2010-03-29,41.7523307800293,42.35285568237305,40.488067626953125,42.10000228881836,38.3980598449707,6932
2010-03-30,41.72072219848633,43.55390548706055,41.72072219848633,42.384464263916016,38.657508850097656,5222
2010-03-31,42.41606903076172,42.668922424316406,41.18341064453125,42.668922424316406,38.916954040527344,5725
2010-04-01,41.72072219848633,44.186038970947266,40.55127716064453,43.45908737182617,39.637638092041016,10543
2010-04-05,39.855934143066406,44.502105712890625,39.855934143066406,44.502105712890625,40.58894348144531,13788
2010-04-06,43.806758880615234,45.197452545166016,43.64872741699219,45.0078125,41.05017852783203,10496
2010-04-07,44.24925231933594,48.547752380371094,44.24925231933594,46.27207565307617,42.203269958496094,35315
2010-04-08,48.35811233520508,48.35811233520508,44.5653190612793,45.26066589355469,41.28079605102539,20278
2010-04-09,42.510887145996094,46.14564895629883,42.510887145996094,45.26066589355469,41.28079605102539,7137
2010-04-12,41.12019729614258,47.409912109375,41.12019729614258,45.95600891113281,41.91499328613281,19836
2010-04-13,45.0394172668457,47.694374084472656,45.0394172668457,46.80938720703125,42.69333267211914,20399
2010-04-15,46.49332046508789,47.66276550292969,44.69174575805664,45.60833740234375,41.597896575927734,8162
2010-04-16,44.40728759765625,46.46171569824219,44.37567901611328,45.51351547241211,41.51141357421875,11091
2010-04-19,45.197452545166016,48.04204559326172,43.74354553222656,45.481910705566406,41.48258590698242,8480
2010-04-20,46.14564895629883,48.516143798828125,44.94459915161133,47.599552154541016,43.41402053833008,21101
2010-04-21,47.409912109375,48.516143798828125,47.12545394897461,47.44152069091797,43.26988983154297,7118
2010-04-22,47.12545394897461,47.536338806152344,46.27207565307617,47.06224060058594,42.923954010009766,10989
2010-04-23,46.84099578857422,47.283485412597656,46.14564895629883,46.2088623046875,42.1456184387207,1195
2010-04-26,47.409912109375,49.93844223022461,46.77778244018555,47.631160736083984,43.442848205566406,15162
2010-04-27,47.97883224487305,48.610965728759766,44.40728759765625,47.8524055480957,43.64463806152344,5585
2010-04-28,46.80938720703125,48.35811233520508,46.14564895629883,46.14564895629883,42.08795928955078,28974
2010-04-29,49.17988586425781,49.93844223022461,43.61711883544922,46.80938720703125,42.69333267211914,10697
2010-04-30,47.409912109375,47.72597885131836,46.14564895629883,46.90420913696289,42.779815673828125,66930
2010-05-03,45.51351547241211,47.409912109375,45.51351547241211,46.77778244018555,42.66451644897461,1001
2010-05-04,47.72597885131836,47.72597885131836,44.881385803222656,45.51351547241211,41.51141357421875,1316
2010-05-05,44.24925231933594,46.46171569824219,43.61711883544922,45.51351547241211,41.51141357421875,6058
2010-05-06,45.134239196777344,46.46171569824219,44.24925231933594,45.51351547241211,41.51141357421875,62039
2010-05-07,44.881385803222656,45.51351547241211,43.61711883544922,43.99639892578125,40.12770080566406,33915
2010-05-10,43.30105209350586,46.46171569824219,42.984989166259766,45.98761749267578,41.94382858276367,34758
2010-05-11,46.77778244018555,46.77778244018555,45.197452545166016,45.29227066040039,41.30962371826172,11048
2010-05-12,46.46171569824219,47.409912109375,44.881385803222656,44.94459915161133,40.99252700805664,7069
2010-05-13,45.26066589355469,45.26066589355469,45.0394172668457,45.26066589355469,41.28079605102539,5093
2010-05-14,45.26066589355469,46.14564895629883,43.93318557739258,43.96479415893555,40.098876953125,6229
2010-05-17,45.197452545166016,45.45030212402344,41.72072219848633,42.73213577270508,38.974605560302734,115260
2010-05-18,42.35285568237305,44.122825622558594,42.068397521972656,42.35285568237305,38.62867736816406,11927
2010-05-19,41.404659271240234,42.35285568237305,40.456459045410156,41.088592529296875,37.4755859375,8124
2010-05-20,42.03678894042969,48.35811233520508,37.70668411254883,38.9393424987793,35.51531982421875,19309
2010-05-21,37.92793273925781,39.761112213134766,37.3274040222168,37.51704406738281,34.21809387207031,583
2010-05-24,36.663665771484375,41.72072219848633,36.663665771484375,39.95075225830078,36.43779373168945,3499
2010-05-25,37.54865264892578,38.560062408447266,32.23874282836914,33.755859375,30.787633895874023,44030
2010-05-26,35.747074127197266,35.99992752075195,33.66103744506836,35.33618927001953,32.22900390625,8669
2010-05-27,37.16937255859375,37.16937255859375,33.37657928466797,34.60923767089844,31.565975189208984,2551
2010-05-28,36.031532287597656,36.979732513427734,35.93671417236328,36.031532287597656,32.86320114135742,10102
2010-05-31,38.14917755126953,38.14917755126953,35.27297592163086,36.85330581665039,33.61271667480469,7417
2010-06-01,37.295799255371094,37.295799255371094,34.767269134521484,36.031532287597656,32.86320114135742,1352
2010-06-02,37.295799255371094,37.92793273925781,35.3994026184082,35.431007385253906,32.31547546386719,2744
2010-06-03,36.347599029541016,37.264190673828125,35.083335876464844,35.778682708740234,32.6325798034668,9077
2010-06-04,36.979732513427734,37.48543930053711,35.20976257324219,35.3994026184082,32.286659240722656,2043
2010-06-07,35.778682708740234,37.92793273925781,33.534610748291016,35.71546936035156,32.574928283691406,4494
2010-06-08,37.61186599731445,37.61186599731445,35.083335876464844,35.083335876464844,31.998384475708008,6903
2010-06-09,37.92793273925781,37.92793273925781,34.767269134521484,35.431007385253906,32.31547546386719,1243
2010-06-10,34.767269134521484,37.01133728027344,34.767269134521484,35.778682708740234,32.6325798034668,259
2010-06-11,36.979732513427734,37.295799255371094,34.166744232177734,35.3994026184082,32.286659240722656,245
2010-06-14,36.347599029541016,37.7382926940918,35.87350082397461,36.79009246826172,33.55506134033203,1624
2010-06-15,37.295799255371094,37.61186599731445,36.09474563598633,37.13776779174805,33.872169494628906,2054
2010-06-16,36.347599029541016,36.347599029541016,34.13513946533203,35.30458068847656,32.200172424316406,10246
2010-06-17,34.64084243774414,37.580257415771484,34.229957580566406,37.07455062866211,33.81450653076172,10303
2010-06-18,37.295799255371094,38.2123908996582,36.663665771484375,37.54865264892578,34.24692153930664,12810
2010-06-21,37.295799255371094,37.86471939086914,36.031532287597656,36.56884765625,33.353267669677734,18829
2010-06-22,37.295799255371094,37.83311080932617,36.347599029541016,37.45383071899414,34.160438537597656,278
2010-06-23,37.295799255371094,37.896324157714844,36.663665771484375,36.72687911987305,33.497413635253906,813
2010-06-24,37.295799255371094,37.295799255371094,36.031532287597656,36.09474563598633,32.92085647583008,533
2010-06-25,36.979732513427734,37.7698974609375,35.24136734008789,35.62064743041992,32.48844528198242,188
2010-06-28,34.9569091796875,37.54865264892578,34.9253044128418,35.841896057128906,32.690242767333984,4880
2010-06-29,37.295799255371094,37.295799255371094,35.3994026184082,36.031532287597656,32.86320114135742,6599
2010-06-30,36.663665771484375,36.663665771484375,35.30458068847656,35.55743408203125,32.430789947509766,2540
2010-07-01,36.347599029541016,37.295799255371094,35.3994026184082,35.96832275390625,32.805545806884766,688
2010-07-02,36.979732513427734,43.17462921142578,36.663665771484375,43.07980728149414,39.29170227050781,243619
2010-07-05,43.07980728149414,44.122825622558594,39.82432556152344,40.393245697021484,36.84138107299805,37166
2010-07-06,40.64609909057617,40.993770599365234,39.192195892333984,40.67770767211914,37.100830078125,11015
2010-07-07,38.68648910522461,40.456459045410156,38.14917755126953,39.097373962402344,35.659454345703125,7914
2010-07-08,38.275604248046875,39.508262634277344,38.275604248046875,39.03416061401367,35.601806640625,2768
2010-07-09,39.03416061401367,40.108787536621094,39.03416061401367,39.28701400756836,35.83242416381836,3812
2010-07-12,38.560062408447266,44.02800750732422,38.560062408447266,40.74091720581055,37.158477783203125,394803
2010-07-13,40.456459045410156,42.289642333984375,40.456459045410156,41.7523307800293,38.08096694946289,12695
2010-07-14,41.088592529296875,46.14564895629883,40.80413055419922,41.15180587768555,37.533241271972656,6659
2010-07-15,40.488067626953125,43.8383674621582,40.488067626953125,41.62590408325195,37.96564865112305,21655
2010-07-16,40.456459045410156,42.41606903076172,40.456459045410156,41.53108215332031,37.8791618347168,3984
2010-07-19,41.12019729614258,46.80938720703125,41.12019729614258,43.206233978271484,39.40701675415039,309118
2010-07-20,42.13161087036133,43.45908737182617,41.94197082519531,42.25803756713867,38.54220199584961,9722
2010-07-21,42.85856246948242,43.23784255981445,42.10000228881836,42.79534912109375,39.032264709472656,16436
2010-07-22,43.522300720214844,43.55390548706055,41.404659271240234,42.10000228881836,38.3980598449707,4250
2010-07-23,42.25803756713867,42.890167236328125,40.64609909057617,42.03678894042969,38.34040069580078,11825
2010-07-26,42.921775817871094,42.921775817871094,40.04557418823242,41.12019729614258,37.5044059753418,15518
2010-07-27,44.31246566772461,44.31246566772461,38.275604248046875,39.192195892333984,35.74594497680664,30621
2010-07-28,41.088592529296875,41.373050689697266,38.43363571166992,39.761112213134766,36.264835357666016,9858
2010-07-29,38.970947265625,39.476654052734375,38.496849060058594,38.654884338378906,35.25587463378906,1691
2010-07-30,39.761112213134766,41.0253791809082,38.81291580200195,40.772525787353516,37.18730545043945,148419
2010-08-02,40.993770599365234,41.0253791809082,39.44504928588867,40.709312438964844,37.12965393066406,3367
2010-08-03,39.508262634277344,39.82432556152344,38.560062408447266,38.970947265625,35.544151306152344,11211
2010-08-04,39.82432556152344,39.82432556152344,38.33881759643555,38.907737731933594,35.48649597167969,4646
2010-08-05,39.761112213134766,39.82432556152344,38.68648910522461,39.44504928588867,35.97657012939453,9744
2010-08-06,39.82432556152344,39.82432556152344,37.92793273925781,38.68648910522461,35.28470230102539,6311
2010-08-09,38.560062408447266,39.82432556152344,38.560062408447266,38.876129150390625,35.45766830444336,2129
2010-08-10,38.781307220458984,39.192195892333984,38.560062408447266,38.68648910522461,35.28470230102539,5644
2010-08-11,38.37042236328125,38.560062408447266,37.92793273925781,38.243995666503906,34.8811149597168,6082
2010-08-12,36.79009246826172,38.876129150390625,36.79009246826172,37.83311080932617,34.50636291503906,3972
2010-08-13,38.243995666503906,38.560062408447266,37.92793273925781,37.92793273925781,34.59284973144531,1300
2010-08-16,39.72950744628906,39.72950744628906,36.72687911987305,36.979732513427734,33.72802734375,2320
2010-08-17,37.295799255371094,37.580257415771484,36.18956756591797,36.695274353027344,33.46857833862305,3163
2010-08-18,37.7698974609375,37.7698974609375,36.47402572631836,36.82169723510742,33.58387756347656,3777
2010-08-19,36.41081237792969,38.40203094482422,36.41081237792969,38.180782318115234,34.823463439941406,1442
2010-08-20,38.876129150390625,38.876129150390625,37.39061737060547,38.37042236328125,34.996429443359375,3965
2010-08-23,38.74970245361328,40.456459045410156,37.7698974609375,39.508262634277344,36.03421401977539,8759
2010-08-24,40.456459045410156,41.689117431640625,39.192195892333984,40.33003234863281,36.78372573852539,23828
2010-08-25,41.088592529296875,41.72072219848633,40.20360565185547,41.056983947753906,37.446754455566406,6932
2010-08-26,41.373050689697266,41.373050689697266,40.51967239379883,40.64609909057617,37.071998596191406,6927
2010-08-27,41.21501922607422,41.594295501708984,40.23521423339844,40.456459045410156,36.89903259277344,6875
2010-08-30,40.772525787353516,42.35285568237305,40.1403923034668,40.1403923034668,36.61075973510742,4345
2010-08-31,40.64609909057617,40.64609909057617,38.876129150390625,39.255409240722656,35.803592681884766,5940
2010-09-01,38.560062408447266,40.772525787353516,38.560062408447266,40.393245697021484,36.84138107299805,7387
2010-09-02,40.26681900024414,42.984989166259766,40.01396560668945,42.35285568237305,38.62867736816406,16971
2010-09-03,41.81554412841797,44.186038970947266,41.72072219848633,42.668922424316406,38.916954040527344,19288
2010-09-06,44.217647552490234,44.217647552490234,41.84714889526367,42.85856246948242,39.08992004394531,8639
2010-09-07,42.03678894042969,48.010440826416016,41.72072219848633,47.75758743286133,43.55815887451172,263843
2010-09-08,47.25188064575195,50.222900390625,45.51351547241211,46.24047088623047,42.1744499206543,442630
2010-09-09,47.09384536743164,47.631160736083984,45.703155517578125,46.05083084106445,42.00148010253906,36487
2010-09-13,46.46171569824219,48.86381912231445,43.64872741699219,45.60833740234375,41.597896575927734,111429
2010-09-14,46.6513557434082,47.3783073425293,44.596923828125,45.134239196777344,41.16549301147461,28264
2010-09-15,45.481910705566406,46.14564895629883,44.280860900878906,44.470497131347656,40.56010818481445,20460
2010-09-16,44.470497131347656,45.197452545166016,42.79534912109375,43.522300720214844,40.26768493652344,20674
2010-09-17,42.984989166259766,44.53371047973633,41.18341064453125,41.87875747680664,38.74704360961914,17322
2010-09-20,41.72072219848633,43.77515411376953,41.72072219848633,42.47928237915039,39.30266189575195,11315
2010-09-21,41.81554412841797,44.881385803222656,41.72072219848633,43.45908737182617,40.20919418334961,24934
2010-09-22,42.13161087036133,43.93318557739258,42.068397521972656,42.41606903076172,39.244171142578125,8763
2010-09-23,42.10000228881836,42.32124710083008,41.24662399291992,41.53108215332031,38.42536544799805,4419
2010-09-24,41.72072219848633,42.984989166259766,41.53108215332031,42.19482421875,39.03947067260742,8510
2010-09-27,43.30105209350586,44.53371047973633,42.47928237915039,43.3958740234375,40.15071105957031,13376
2010-09-28,42.605709075927734,43.93318557739258,42.605709075927734,42.9533805847168,39.74130630493164,9377
2010-09-29,43.61711883544922,44.24925231933594,42.574100494384766,43.33266067504883,40.09222412109375,10201
2010-09-30,42.668922424316406,44.05961227416992,42.54249572753906,43.522300720214844,40.26768493652344,9838
2010-10-01,43.206233978271484,43.61711883544922,42.73213577270508,43.01659393310547,39.7997932434082,10236
2010-10-04,44.122825622558594,44.122825622558594,42.47928237915039,42.984989166259766,39.77055358886719,7816
2010-10-05,42.668922424316406,43.61711883544922,41.21501922607422,43.206233978271484,39.97524642944336,1819
2010-10-06,42.510887145996094,43.61711883544922,42.510887145996094,43.269447326660156,40.033729553222656,5495
2010-10-07,42.384464263916016,43.45908737182617,41.72072219848633,42.16321563720703,39.010231018066406,5052
2010-10-08,41.81554412841797,42.984989166259766,41.689117431640625,41.72072219848633,38.600826263427734,17659
2010-10-11,42.32124710083008,42.984989166259766,41.43626403808594,42.16321563720703,39.010231018066406,5992
2010-10-12,42.890167236328125,46.114044189453125,42.13161087036133,44.280860900878906,40.96951675415039,77504
2010-10-13,45.51351547241211,45.51351547241211,43.93318557739258,43.96479415893555,40.67708969116211,10124
2010-10-14,43.93318557739258,43.93318557739258,43.33266067504883,43.42748260498047,40.17995071411133,1706
2010-10-15,42.70052719116211,43.901580810546875,42.70052719116211,42.82695388793945,39.624332427978516,2518
2010-10-18,41.467872619628906,43.23784255981445,41.467872619628906,42.03678894042969,38.893253326416016,2504
2010-10-19,41.72072219848633,42.35285568237305,41.24662399291992,41.404659271240234,38.30839538574219,11912
2010-10-20,41.404659271240234,42.984989166259766,41.088592529296875,42.73213577270508,39.53660583496094,7189
2010-10-21,43.93318557739258,44.881385803222656,43.07980728149414,43.269447326660156,40.033729553222656,9966
2010-10-22,42.76374053955078,44.24925231933594,42.384464263916016,43.901580810546875,40.61860275268555,8512
2010-10-25,43.30105209350586,44.75495910644531,42.70052719116211,43.17462921142578,39.946006774902344,20522
2010-10-26,43.04820251464844,45.54512405395508,42.85856246948242,43.77515411376953,40.501625061035156,15719
2010-10-27,43.490692138671875,44.31246566772461,42.984989166259766,43.11141586303711,39.88752746582031,1675
2010-10-28,42.76374053955078,45.0394172668457,42.76374053955078,44.596923828125,41.26194381713867,12984
2010-10-29,44.24925231933594,44.24925231933594,42.510887145996094,43.522300720214844,40.26768493652344,3730
2010-11-01,42.984989166259766,43.68033218383789,42.384464263916016,42.44767761230469,39.27341842651367,2064
2010-11-02,41.594295501708984,43.93318557739258,41.594295501708984,43.55390548706055,40.29692459106445,4168
2010-11-03,42.82695388793945,44.02800750732422,42.668922424316406,43.61711883544922,40.35540771484375,5014
2010-11-04,43.61711883544922,44.24925231933594,42.79534912109375,42.85856246948242,39.6535758972168,1368
2010-11-08,42.10000228881836,43.61711883544922,42.10000228881836,43.01659393310547,39.7997932434082,3203
2010-11-09,42.510887145996094,43.71194076538086,42.510887145996094,43.3642692565918,40.121463775634766,10032
2010-11-10,43.01659393310547,45.38709259033203,42.984989166259766,44.596923828125,41.26194381713867,31328
2010-11-11,43.45908737182617,44.05961227416992,43.23784255981445,43.3958740234375,40.15071105957031,2641
2010-11-12,42.76374053955078,42.76374053955078,40.077178955078125,41.18341064453125,38.10369873046875,11825
2010-11-15,41.088592529296875,42.54249572753906,39.31862258911133,41.27823257446289,38.19142532348633,14705
2010-11-16,40.04557418823242,42.25803756713867,39.508262634277344,39.66629409790039,36.700035095214844,20369
2010-11-18,39.508262634277344,41.088592529296875,38.243995666503906,40.33003234863281,37.31413269042969,3834
2010-11-19,38.654884338378906,40.772525787353516,38.62327575683594,40.23521423339844,37.22640609741211,8145
2010-11-22,40.1403923034668,40.55127716064453,39.57147216796875,40.36164093017578,37.343379974365234,4410
2010-11-23,40.1403923034668,42.35285568237305,38.81291580200195,39.792720794677734,36.81699752807617,1164
2010-11-24,40.393245697021484,41.594295501708984,39.508262634277344,40.80413055419922,37.75278091430664,4476
2010-11-25,39.35022735595703,41.088592529296875,38.243995666503906,39.4134407043457,36.466087341308594,4646
2010-11-26,38.68648910522461,39.82432556152344,35.178157806396484,36.88491439819336,34.12664031982422,4320
2010-11-29,36.031532287597656,39.06576919555664,35.3994026184082,38.52845764160156,35.64728546142578,6561
2010-11-30,36.063140869140625,40.29842758178711,36.063140869140625,39.097373962402344,36.17365646362305,3532
2010-12-01,40.42485427856445,41.088592529296875,39.855934143066406,39.98236083984375,36.992462158203125,2453
2010-12-02,39.82432556152344,41.43626403808594,39.82432556152344,41.15180587768555,38.07445526123047,2763
2010-12-03,42.984989166259766,42.984989166259766,36.22117233276367,38.33881759643555,35.471824645996094,10016
2010-12-06,37.07455062866211,41.72072219848633,37.07455062866211,39.82432556152344,36.84624481201172,5497
2010-12-07,34.830482482910156,39.22380065917969,34.830482482910156,38.14917755126953,35.29636764526367,991
2010-12-08,37.51704406738281,38.243995666503906,37.45383071899414,37.61186599731445,34.79922866821289,1200
2010-12-09,36.53723907470703,40.04557418823242,34.451202392578125,34.830482482910156,32.2258415222168,6629
2010-12-10,36.347599029541016,36.347599029541016,34.13513946533203,34.13513946533203,31.582496643066406,1181
2010-12-13,36.6004524230957,36.91651916503906,35.90510940551758,36.379207611083984,33.65875244140625,3749
2010-12-14,36.031532287597656,37.580257415771484,35.71546936035156,36.157962799072266,33.454044342041016,430
2010-12-15,37.51704406738281,38.243995666503906,35.841896057128906,36.94812774658203,34.18513107299805,3780
2010-12-16,37.86471939086914,37.92793273925781,37.86471939086914,37.92793273925781,35.09166717529297,425
2010-12-20,36.979732513427734,37.7382926940918,36.82169723510742,36.91651916503906,34.155879974365234,1045
2010-12-21,37.92793273925781,38.74970245361328,36.758487701416016,38.33881759643555,35.471824645996094,1341
2010-12-22,38.560062408447266,39.192195892333984,37.99114227294922,38.52845764160156,35.64728546142578,1156
2010-12-23,38.591670989990234,38.844520568847656,37.92793273925781,37.959537506103516,35.120906829833984,711
2010-12-24,37.92793273925781,38.243995666503906,37.45383071899414,37.61186599731445,34.79922866821289,13731
2010-12-27,38.243995666503906,38.46524429321289,37.295799255371094,37.92793273925781,35.09166717529297,4188
2010-12-28,37.896324157714844,38.560062408447266,37.896324157714844,37.92793273925781,35.09166717529297,1577
2010-12-29,39.12898254394531,39.12898254394531,37.07455062866211,37.295799255371094,34.50680160522461,1922
2010-12-30,37.295799255371094,37.295799255371094,37.295799255371094,37.295799255371094,34.50680160522461,0
2010-12-31,38.844520568847656,39.192195892333984,37.13776779174805,38.560062408447266,35.6765251159668,13081
2011-01-03,37.92793273925781,39.12898254394531,37.92793273925781,38.71809768676758,35.82273864746094,1143
2011-01-04,37.359012603759766,38.71809768676758,37.359012603759766,38.71809768676758,35.82273864746094,3184
2011-01-05,37.39061737060547,38.46524429321289,37.295799255371094,37.295799255371094,34.50680160522461,2553
2011-01-06,37.295799255371094,37.8015022277832,36.979732513427734,37.042945861816406,34.272857666015625,1635
2011-01-07,36.758487701416016,36.88491439819336,35.3994026184082,35.747074127197266,33.073890686035156,1455
2011-01-10,32.870872497558594,36.53723907470703,32.870872497558594,35.3994026184082,32.75221633911133,3636
2011-01-11,36.979732513427734,36.979732513427734,35.3994026184082,35.3994026184082,32.75221633911133,1581
2011-01-12,33.59782409667969,35.3994026184082,33.59782409667969,35.051727294921875,32.4305419921875,442
2011-01-13,34.13513946533203,35.65225601196289,34.10353088378906,34.451202392578125,31.874923706054688,507
2011-01-14,34.767269134521484,35.367794036865234,34.166744232177734,34.229957580566406,31.670225143432617,311
2011-01-17,33.534610748291016,34.13513946533203,32.23874282836914,32.36516571044922,29.944881439208984,3907
2011-01-18,32.23874282836914,33.471397399902344,31.92267417907715,33.471397399902344,30.96839141845703,39800
2011-01-19,34.451202392578125,34.451202392578125,32.554805755615234,32.870872497558594,30.412769317626953,1724
2011-01-20,32.554805755615234,33.69264602661133,31.796249389648438,32.618019104003906,30.178829193115234,416
2011-01-21,32.36516571044922,34.04031753540039,32.270347595214844,33.15533447265625,30.675968170166016,1001
2011-01-24,33.882286071777344,33.882286071777344,32.333560943603516,32.83926773071289,30.383533477783203,71
2011-01-25,32.1123161315918,32.52320098876953,31.258935928344727,31.638214111328125,29.27229118347168,1305
2011-01-27,34.00871276855469,34.00871276855469,31.00608253479004,31.037689208984375,28.716676712036133,3858
2011-01-28,29.994672775268555,31.353755950927734,29.078079223632812,29.236112594604492,27.049821853637695,15487
2011-01-31,27.81381607055664,29.71021270751953,27.81381607055664,28.57237434387207,26.435718536376953,1615
2011-02-01,29.078079223632812,29.078079223632812,27.402929306030273,27.560962677001953,25.499935150146484,1202
2011-02-02,28.382734298706055,29.931459426879883,27.49774932861328,28.540767669677734,26.406475067138672,5878
2011-02-03,28.445947647094727,28.477554321289062,28.445947647094727,28.477554321289062,26.34798812866211,949
2011-02-04,30.342344284057617,30.342344284057617,28.445947647094727,29.20450782775879,27.02058219909668,911
2011-02-07,30.1527042388916,30.1527042388916,28.477554321289062,28.5091609954834,26.37723159790039,213
2011-02-08,28.57237434387207,29.014867782592773,25.949026107788086,26.201879501342773,24.242490768432617,7639
2011-02-09,26.265092849731445,26.265092849731445,26.265092849731445,26.265092849731445,24.300975799560547,79
2011-02-10,24.653154373168945,28.445947647094727,24.653154373168945,27.11846923828125,25.090538024902344,227
2011-02-11,26.012239456176758,26.549551010131836,24.431909561157227,25.285287857055664,23.394441604614258,17224
2011-02-14,25.47492790222168,26.865617752075195,25.47492790222168,26.549551010131836,24.56416130065918,1866
2011-02-15,26.549551010131836,26.549551010131836,26.107059478759766,26.549551010131836,24.56416130065918,1275
2011-02-16,26.5179443359375,29.71021270751953,26.5179443359375,28.9516544342041,26.78663444519043,5016
2011-02-17,27.845422744750977,29.362539291381836,27.81381607055664,28.920047760009766,26.757389068603516,4760
2011-02-18,29.078079223632812,31.3221492767334,28.920047760009766,29.078079223632812,26.903606414794922,4307
2011-02-21,28.445947647094727,29.64699935913086,27.181684494018555,29.014867782592773,26.84511947631836,10885
2011-02-22,27.339717864990234,28.19309425354004,27.339717864990234,28.19309425354004,26.084800720214844,83
2011-02-23,30.342344284057617,30.342344284057617,28.477554321289062,28.477554321289062,26.34798812866211,346
2011-02-24,30.974477767944336,30.974477767944336,27.90863609313965,28.035062789916992,25.938587188720703,13701
2011-02-25,28.762014389038086,29.078079223632812,28.73040771484375,29.04647445678711,26.87436294555664,2958
2011-02-28,28.445947647094727,29.394145965576172,27.81381607055664,28.382734298706055,26.2602596282959,1023
2011-03-01,30.342344284057617,30.342344284057617,28.445947647094727,30.215917587280273,27.95635414123535,310
2011-03-03,29.394145965576172,29.394145965576172,28.19309425354004,28.19309425354004,26.084800720214844,349
2011-03-04,30.72162437438965,30.72162437438965,28.445947647094727,29.678606033325195,27.459226608276367,843
2011-03-07,32.68123245239258,32.68123245239258,28.319520950317383,28.540767669677734,26.406475067138672,7996
2011-03-08,30.879657745361328,30.879657745361328,28.445947647094727,28.445947647094727,26.318744659423828,3118
2011-03-09,28.445947647094727,28.445947647094727,28.445947647094727,28.445947647094727,26.318744659423828,0
2011-03-10,29.678606033325195,29.678606033325195,28.161487579345703,28.762014389038086,26.611175537109375,3318
2011-03-11,28.319520950317383,28.920047760009766,28.319520950317383,28.920047760009766,26.757389068603516,4223
2011-03-14,28.287914276123047,29.078079223632812,28.287914276123047,29.078079223632812,26.903606414794922,3432
2011-03-15,30.62680435180664,30.62680435180664,28.445947647094727,28.445947647094727,26.318744659423828,378
2011-03-16,29.078079223632812,31.037689208984375,29.078079223632812,29.741819381713867,27.517711639404297,13720
2011-03-17,30.279130935668945,30.342344284057617,29.10968780517578,29.899852752685547,27.663928985595703,1823
2011-03-18,29.394145965576172,30.62680435180664,29.394145965576172,30.56359100341797,28.278030395507812,6530
2011-03-21,29.836639404296875,36.031532287597656,29.71021270751953,33.21854782104492,30.73444938659668,412274
2011-03-22,35.24136734008789,35.3994026184082,31.92267417907715,32.017494201660156,29.623210906982422,307171
2011-03-23,32.23874282836914,33.37657928466797,30.974477767944336,32.83926773071289,30.383533477783203,161769
2011-03-24,32.23874282836914,34.13513946533203,30.974477767944336,33.66103744506836,31.143850326538086,6120
2011-03-25,32.554805755615234,34.767269134521484,32.554805755615234,33.882286071777344,31.34855079650879,7504
2011-03-28,32.71284103393555,34.70405578613281,32.71284103393555,33.945499420166016,31.40703773498535,8544
2011-03-29,33.81907272338867,34.767269134521484,32.90248107910156,34.767269134521484,32.16735076904297,8795
2011-03-30,34.451202392578125,34.451202392578125,32.870872497558594,32.99729919433594,30.52974510192871,368
2011-03-31,32.45998764038086,34.26156234741211,32.45998764038086,33.18693923950195,30.705196380615234,1142
2011-04-01,32.649627685546875,34.071922302246094,32.649627685546875,32.90248107910156,30.4420166015625,613
2011-04-04,32.90248107910156,32.90248107910156,32.870872497558594,32.870872497558594,30.412769317626953,15
2011-04-05,35.93671417236328,35.93671417236328,32.618019104003906,32.618019104003906,30.178829193115234,609
2011-04-06,34.10353088378906,34.13513946533203,34.00871276855469,34.13513946533203,31.582496643066406,9390
2011-04-07,34.5144157409668,36.31599426269531,34.5144157409668,35.3994026184082,32.75221633911133,3061
2011-04-08,33.72425079345703,40.96216583251953,33.72425079345703,37.10615921020508,34.33134078979492,311550
2011-04-11,37.295799255371094,37.896324157714844,35.52582931518555,35.62064743041992,32.95691680908203,4152
2011-04-13,37.10615921020508,37.10615921020508,34.5144157409668,34.830482482910156,32.2258415222168,15689
2011-04-15,34.5144157409668,36.18956756591797,34.451202392578125,34.767269134521484,32.16735076904297,2792
2011-04-18,34.13513946533203,35.11494445800781,33.72425079345703,34.10353088378906,31.553251266479492,3693
2011-04-19,35.083335876464844,35.083335876464844,33.566219329833984,34.10353088378906,31.553251266479492,1637
2011-04-20,34.862091064453125,35.02012252807617,34.13513946533203,34.57762908935547,31.99189567565918,2138
2011-04-21,33.755859375,36.031532287597656,33.72425079345703,34.79887771606445,32.19660568237305,6936
2011-04-25,35.083335876464844,35.083335876464844,33.81907272338867,34.166744232177734,31.611738204956055,1243
2011-04-26,33.50300598144531,33.50300598144531,33.18693923950195,33.3133659362793,30.822174072265625,651
2011-04-27,34.767269134521484,34.767269134521484,34.13513946533203,34.13513946533203,31.582496643066406,2342
2011-04-28,34.1983528137207,34.67245101928711,33.50300598144531,33.72425079345703,31.202333450317383,917
2011-04-29,33.028907775878906,33.7874641418457,32.554805755615234,32.83926773071289,30.383533477783203,1214
2011-05-02,34.00871276855469,34.13513946533203,32.99729919433594,33.40818786621094,30.9099063873291,4548
2011-05-03,33.028907775878906,33.50300598144531,32.39677429199219,33.50300598144531,30.997636795043945,6430
2011-05-04,32.870872497558594,33.18693923950195,31.733034133911133,33.18693923950195,30.705196380615234,6012
2011-05-05,33.18693923950195,33.18693923950195,32.5864143371582,32.5864143371582,30.149585723876953,1139
2011-05-06,32.5864143371582,32.870872497558594,32.554805755615234,32.554805755615234,30.120342254638672,1194
2011-05-09,32.23874282836914,33.50300598144531,32.23874282836914,32.68123245239258,30.23731231689453,447
2011-05-10,33.471397399902344,33.50300598144531,32.49159240722656,33.18693923950195,30.705196380615234,927
2011-05-11,33.471397399902344,34.13513946533203,32.870872497558594,32.99729919433594,30.52974510192871,10167
2011-05-12,32.270347595214844,33.18693923950195,29.394145965576172,29.678606033325195,27.459226608276367,18174
2011-05-13,30.91126251220703,30.942869186401367,30.184310913085938,30.342344284057617,28.07332992553711,2018
2011-05-16,29.71021270751953,31.606609344482422,29.71021270751953,30.373950958251953,28.102569580078125,647
2011-05-17,30.373950958251953,30.373950958251953,29.899852752685547,29.899852752685547,27.663928985595703,237
2011-05-18,29.899852752685547,29.899852752685547,29.899852752685547,29.899852752685547,27.663928985595703,0
2011-05-19,29.394145965576172,32.08070755004883,28.57237434387207,29.425752639770508,27.225276947021484,210
2011-05-20,29.10968780517578,29.10968780517578,29.078079223632812,29.078079223632812,26.903606414794922,474
2011-05-23,29.394145965576172,29.394145965576172,28.445947647094727,28.762014389038086,26.611175537109375,438
2011-05-24,28.477554321289062,29.583786010742188,27.845422744750977,28.445947647094727,26.318744659423828,892
2011-05-25,28.445947647094727,30.342344284057617,28.445947647094727,29.520572662353516,27.31300926208496,1344
2011-05-26,28.762014389038086,28.762014389038086,28.161487579345703,28.445947647094727,26.318744659423828,4274
2011-05-27,28.540767669677734,29.141292572021484,28.445947647094727,28.635587692260742,26.494205474853516,987
2011-05-30,28.477554321289062,28.477554321289062,28.477554321289062,28.477554321289062,26.34798812866211,158
2011-05-31,29.994672775268555,32.49159240722656,28.793621063232422,31.54339599609375,29.184568405151367,4850
2011-06-01,32.23874282836914,32.45998764038086,30.658411026000977,31.037689208984375,28.716676712036133,2844
2011-06-02,30.342344284057617,31.891067504882812,29.17289924621582,29.80503273010254,27.576196670532227,1358
2011-06-03,30.658411026000977,30.658411026000977,28.445947647094727,28.73040771484375,26.581932067871094,16080
2011-06-06,29.394145965576172,30.342344284057617,28.825227737426758,29.678606033325195,27.459226608276367,174
2011-06-07,28.888439178466797,29.678606033325195,28.698801040649414,28.856834411621094,26.69890594482422,547
2011-06-08,28.762014389038086,28.762014389038086,27.81381607055664,28.603981018066406,26.4649600982666,8351
2011-06-09,28.920047760009766,30.31073760986328,28.445947647094727,28.57237434387207,26.435718536376953,4774
2011-06-10,28.445947647094727,30.026277542114258,28.445947647094727,29.014867782592773,26.84511947631836,4946
2011-06-13,31.3221492767334,31.3221492767334,28.698801040649414,29.078079223632812,26.903606414794922,493
2011-06-14,29.583786010742188,29.583786010742188,28.762014389038086,28.793621063232422,26.640422821044922,60
2011-06-15,30.974477767944336,30.974477767944336,29.10968780517578,30.026277542114258,27.780899047851562,1366
2011-06-16,29.394145965576172,29.994672775268555,28.445947647094727,28.477554321289062,26.34798812866211,4519
2011-06-17,28.477554321289062,29.615392684936523,28.477554321289062,29.236112594604492,27.049821853637695,267
2011-06-20,28.603981018066406,28.635587692260742,28.445947647094727,28.445947647094727,26.318744659423828,5030
2011-06-21,28.445947647094727,28.762014389038086,27.97184944152832,28.667194366455078,26.523448944091797,8184
2011-06-22,28.445947647094727,28.698801040649414,27.97184944152832,28.161487579345703,26.055561065673828,2618
2011-06-23,28.1298828125,28.1298828125,27.97184944152832,27.97184944152832,25.880096435546875,1001
2011-06-24,27.845422744750977,29.394145965576172,27.845422744750977,28.9516544342041,26.78663444519043,210
2011-06-27,28.445947647094727,28.698801040649414,28.161487579345703,28.445947647094727,26.318744659423828,12340
2011-06-28,28.825227737426758,28.825227737426758,28.445947647094727,28.445947647094727,26.318744659423828,2059
2011-06-29,28.445947647094727,28.445947647094727,28.445947647094727,28.445947647094727,26.318744659423828,363
2011-06-30,28.445947647094727,29.078079223632812,28.1298828125,29.04647445678711,26.87436294555664,96183
2011-07-01,29.71021270751953,29.71021270751953,27.49774932861328,27.75060272216797,25.675399780273438,3871
2011-07-04,27.65578269958496,28.41434097290039,27.181684494018555,27.181684494018555,25.149023056030273,40028
2011-07-05,27.81381607055664,27.81381607055664,27.27650260925293,27.371322631835938,25.324481964111328,2167
2011-07-06,27.81381607055664,28.41434097290039,27.371322631835938,27.940242767333984,25.85085678100586,1409
2011-07-07,27.845422744750977,28.035062789916992,27.81381607055664,28.035062789916992,25.938587188720703,379
2011-07-08,28.73040771484375,28.73040771484375,26.581157684326172,27.244897842407227,25.207509994506836,751
2011-07-11,27.308109283447266,27.43453598022461,27.181684494018555,27.308109283447266,25.265995025634766,637
2011-07-12,27.244897842407227,27.244897842407227,27.181684494018555,27.181684494018555,25.149023056030273,473
2011-07-13,27.181684494018555,27.181684494018555,27.181684494018555,27.181684494018555,25.149023056030273,0
2011-07-14,27.181684494018555,27.81381607055664,26.612764358520508,27.402929306030273,25.35372543334961,510
2011-07-15,27.181684494018555,27.782209396362305,27.086864471435547,27.244897842407227,25.207509994506836,3100
2011-07-18,27.782209396362305,28.319520950317383,27.75060272216797,28.224702835083008,26.114044189453125,10451
2011-07-19,30.91126251220703,30.91126251220703,27.181684494018555,28.287914276123047,26.172531127929688,1585
2011-07-20,28.41434097290039,29.48896598815918,28.1298828125,28.445947647094727,26.318744659423828,11178
2011-07-21,28.1298828125,28.1298828125,28.1298828125,28.1298828125,26.026317596435547,87
2011-07-22,28.382734298706055,28.445947647094727,27.90863609313965,27.940242767333984,25.85085678100586,1121
2011-07-25,27.940242767333984,27.940242767333984,27.940242767333984,27.940242767333984,25.85085678100586,0
2011-07-26,28.5091609954834,28.825227737426758,28.319520950317383,28.825227737426758,26.66966438293457,412
2011-07-27,28.445947647094727,28.983259201049805,28.445947647094727,28.983259201049805,26.81587791442871,338
2011-07-28,28.445947647094727,28.445947647094727,28.445947647094727,28.445947647094727,26.318744659423828,99
2011-07-29,27.97184944152832,28.319520950317383,27.97184944152832,28.224702835083008,26.114044189453125,2216
2011-08-01,29.04647445678711,29.078079223632812,28.445947647094727,28.445947647094727,26.318744659423828,4027
2011-08-02,28.445947647094727,28.762014389038086,28.1298828125,28.762014389038086,26.611175537109375,2690
2011-08-03,27.81381607055664,28.1298828125,27.308109283447266,27.845422744750977,25.76313018798828,275
2011-08-04,27.90863609313965,27.940242767333984,27.90863609313965,27.940242767333984,25.85085678100586,1805
2011-08-05,26.549551010131836,28.382734298706055,26.549551010131836,28.382734298706055,26.2602596282959,458
2011-08-08,27.181684494018555,27.49774932861328,25.727779388427734,25.790992736816406,23.862327575683594,1208
2011-08-09,24.431909561157227,28.287914276123047,24.431909561157227,26.486337661743164,24.505680084228516,3091
2011-08-10,26.865617752075195,26.865617752075195,25.60135269165039,26.328304290771484,24.359458923339844,1982
2011-08-11,26.549551010131836,26.928831100463867,25.91741943359375,25.91741943359375,23.97930145263672,1107
2011-08-12,25.91741943359375,25.91741943359375,25.91741943359375,25.91741943359375,23.97930145263672,0
2011-08-16,27.181684494018555,27.181684494018555,25.60135269165039,25.6961727142334,23.774600982666016,484
2011-08-17,25.632959365844727,30.78483772277832,25.632959365844727,26.233484268188477,24.271730422973633,2080
2011-08-18,25.91741943359375,26.99204444885254,25.75938606262207,25.790992736816406,23.862327575683594,488
2011-08-19,24.653154373168945,25.253679275512695,23.136037826538086,23.38888931274414,21.63985824584961,2633
2011-08-22,25.222074508666992,25.222074508666992,22.314266204833984,23.009611129760742,21.288942337036133,34
2011-08-23,24.17905616760254,25.253679275512695,24.17905616760254,24.33708953857422,22.51715087890625,743
2011-08-24,24.08423614501953,25.190467834472656,23.736562728881836,25.127254486083984,23.248228073120117,23605
2011-08-25,24.653154373168945,25.09564781188965,24.368694305419922,24.969221115112305,23.10201072692871,238
2011-08-26,24.02102279663086,24.62154769897461,22.78836441040039,23.42049789428711,21.669099807739258,69
2011-08-29,24.653154373168945,26.865617752075195,23.515317916870117,24.747974395751953,22.897310256958008,1847
2011-08-30,27.181684494018555,27.181684494018555,24.811187744140625,25.222074508666992,23.335954666137695,12336
2011-09-02,26.107059478759766,26.107059478759766,24.17905616760254,25.127254486083984,23.248228073120117,242
2011-09-05,24.17905616760254,25.91741943359375,24.02102279663086,25.569746017456055,23.65762710571289,2186
2011-09-06,27.086864471435547,28.382734298706055,25.53813934326172,26.201879501342773,24.242490768432617,1151
2011-09-07,26.233484268188477,26.233484268188477,24.811187744140625,25.91741943359375,23.97930145263672,1407
2011-09-08,25.348499298095703,26.170272827148438,24.716367721557617,25.91741943359375,23.97930145263672,1748
2011-09-09,27.181684494018555,29.71021270751953,25.822599411010742,26.865617752075195,24.856592178344727,12321
2011-09-12,26.549551010131836,27.65578269958496,26.012239456176758,26.67597770690918,24.681137084960938,3995
2011-09-13,26.99204444885254,28.319520950317383,26.960437774658203,26.960437774658203,24.944326400756836,3235
2011-09-14,27.687389373779297,28.287914276123047,27.308109283447266,27.308109283447266,25.265995025634766,1866
2011-09-15,27.81381607055664,27.81381607055664,26.865617752075195,27.75060272216797,25.675399780273438,5649
2011-09-16,27.181684494018555,27.181684494018555,27.05525779724121,27.181684494018555,25.149023056030273,1646
2011-09-19,28.287914276123047,28.287914276123047,27.05525779724121,27.11846923828125,25.090538024902344,3244
2011-09-20,26.644371032714844,27.529356002807617,26.644371032714844,26.865617752075195,24.856592178344727,3331
2011-09-21,26.865617752075195,26.865617752075195,26.865617752075195,26.865617752075195,24.856592178344727,0
2011-09-22,25.980632781982422,27.181684494018555,24.115842819213867,24.716367721557617,23.41910171508789,4257
2011-09-23,26.549551010131836,26.549551010131836,24.653154373168945,25.348499298095703,24.018054962158203,13446
2011-09-26,25.348499298095703,25.348499298095703,25.348499298095703,25.348499298095703,24.018054962158203,0
2011-09-27,25.91741943359375,25.91741943359375,25.91741943359375,25.91741943359375,24.55711555480957,158
2011-09-28,25.91741943359375,25.91741943359375,25.91741943359375,25.91741943359375,24.55711555480957,0
2011-09-29,26.549551010131836,28.445947647094727,26.265092849731445,27.49774932861328,26.054500579833984,3051
2011-09-30,26.549551010131836,27.339717864990234,26.265092849731445,26.265092849731445,24.88654327392578,1985
2011-10-03,26.770797729492188,27.15007781982422,25.6961727142334,26.391517639160156,25.006330490112305,1294
2011-10-04,28.224702835083008,28.762014389038086,25.664566040039062,26.170272827148438,24.79669952392578,11260
2011-10-05,28.57237434387207,28.698801040649414,25.285287857055664,26.233484268188477,24.856592178344727,9659
2011-10-07,25.91741943359375,27.181684494018555,25.91741943359375,26.67597770690918,25.275861740112305,385
2011-10-10,26.07545280456543,27.81381607055664,26.07545280456543,26.707584381103516,25.30580711364746,37
2011-10-11,26.707584381103516,26.707584381103516,26.707584381103516,26.707584381103516,25.30580711364746,0
2011-10-12,26.549551010131836,26.549551010131836,26.549551010131836,26.549551010131836,25.156068801879883,52
2011-10-13,26.707584381103516,27.49774932861328,26.549551010131836,26.581157684326172,25.186016082763672,2271
2011-10-14,25.91741943359375,27.05525779724121,25.60135269165039,26.549551010131836,25.156068801879883,208
2011-10-17,25.285287857055664,27.529356002807617,25.285287857055664,26.328304290771484,24.946435928344727,843
2011-10-18,26.265092849731445,26.265092849731445,26.265092849731445,26.265092849731445,24.88654327392578,83
2011-10-19,28.445947647094727,28.445947647094727,26.265092849731445,26.265092849731445,24.88654327392578,82
2011-10-20,25.60135269165039,28.382734298706055,25.506532669067383,27.81381607055664,26.353979110717773,12
2011-10-21,27.181684494018555,27.687389373779297,26.549551010131836,26.549551010131836,25.156068801879883,18
2011-10-24,25.91741943359375,27.65578269958496,25.285287857055664,27.181684494018555,25.755022048950195,139
2011-10-25,26.549551010131836,26.549551010131836,26.549551010131836,26.549551010131836,25.156068801879883,166
2011-10-28,28.445947647094727,28.445947647094727,26.549551010131836,26.612764358520508,25.215965270996094,884
2011-10-31,26.581157684326172,27.97184944152832,26.549551010131836,27.90863609313965,26.443819046020508,658
2011-11-01,27.181684494018555,27.877029418945312,26.201879501342773,26.549551010131836,25.156068801879883,828
2011-11-02,27.181684494018555,27.75060272216797,26.233484268188477,27.43453598022461,25.99460792541504,613
2011-11-03,26.549551010131836,26.581157684326172,25.91741943359375,26.581157684326172,25.186016082763672,817
2011-11-04,26.549551010131836,27.11846923828125,26.549551010131836,27.11846923828125,25.69512939453125,11
2011-11-08,26.549551010131836,26.770797729492188,25.949026107788086,26.67597770690918,25.275861740112305,297
2011-11-09,25.91741943359375,25.91741943359375,25.91741943359375,25.91741943359375,24.55711555480957,9
2011-11-11,27.49774932861328,27.49774932861328,24.874401092529297,24.906007766723633,23.598791122436523,47980
2011-11-14,25.348499298095703,25.348499298095703,23.831382751464844,23.92620277404785,22.67041015625,2931
2011-11-15,23.641742706298828,25.253679275512695,22.914791107177734,23.26246452331543,22.0415096282959,1303
2011-11-16,25.91741943359375,25.91741943359375,21.80855941772461,24.558334350585938,23.269365310668945,832
2011-11-17,23.7049560546875,24.62154769897461,22.693544387817383,24.273874282836914,22.999834060668945,262
2011-11-18,23.072824478149414,25.064041137695312,22.12462615966797,22.12462615966797,20.963390350341797,166
2011-11-21,24.62154769897461,24.62154769897461,22.251052856445312,23.831382751464844,22.580568313598633,1661
2011-11-22,23.38888931274414,23.38888931274414,23.38888931274414,23.38888931274414,22.16130256652832,118
2011-11-23,22.756757736206055,24.4951229095459,22.756757736206055,24.4951229095459,23.209470748901367,26
2011-11-24,23.38888931274414,23.38888931274414,21.081607818603516,21.6821346282959,20.544124603271484,8594
2011-11-25,23.989416122436523,23.989416122436523,20.860361099243164,20.955181121826172,19.855327606201172,2641
2011-11-28,21.492494583129883,21.492494583129883,20.544296264648438,20.639114379882812,19.55584716796875,1482
2011-11-29,20.73393440246582,21.239641189575195,20.639114379882812,20.639114379882812,19.55584716796875,634
2011-11-30,19.690916061401367,21.492494583129883,19.690916061401367,20.73393440246582,19.64569091796875,5248
2011-12-01,20.575902938842773,22.409086227416992,20.575902938842773,22.093019485473633,20.93344497680664,1523
2011-12-02,24.02102279663086,24.02102279663086,21.555707931518555,23.38888931274414,22.16130256652832,441
2011-12-05,22.756757736206055,23.610137939453125,21.05000114440918,21.58731460571289,20.454280853271484,7205
2011-12-07,22.535512924194336,22.535512924194336,21.334461212158203,22.061412811279297,20.90349578857422,1523
2011-12-08,21.492494583129883,21.492494583129883,21.018394470214844,21.144821166992188,20.03501319885254,11
2011-12-09,21.492494583129883,24.906007766723633,20.544296264648438,23.86298942565918,22.610515594482422,6373
2011-12-12,27.81381607055664,27.81381607055664,23.072824478149414,24.305482864379883,23.029783248901367,4448
2011-12-13,23.957809448242188,24.02102279663086,22.34587287902832,22.72515106201172,21.532398223876953,702
2011-12-14,23.42049789428711,25.222074508666992,22.756757736206055,22.819971084594727,21.622241973876953,480
2011-12-15,22.156232833862305,22.156232833862305,19.37485122680664,19.817344665527344,18.777210235595703,20017
2011-12-16,21.42928123474121,23.26246452331543,20.860361099243164,21.745346069335938,20.604019165039062,10254
2011-12-19,21.492494583129883,21.492494583129883,19.46967124938965,19.596097946166992,18.567575454711914,2774
2011-12-20,19.596097946166992,19.596097946166992,17.826126098632812,19.027177810668945,18.028514862060547,2013
2011-12-21,19.627704620361328,20.5126895904541,18.963964462280273,20.5126895904541,19.436059951782227,963
2011-12-22,21.492494583129883,21.492494583129883,18.55307960510254,18.99557113647461,17.99856948852539,322
2011-12-23,19.596097946166992,21.492494583129883,19.280031204223633,21.239641189575195,20.12485694885254,430
2011-12-26,20.860361099243164,21.492494583129883,19.97537612915039,21.176427841186523,20.064960479736328,1010
2011-12-27,20.860361099243164,21.492494583129883,19.659311294555664,20.860361099243164,19.76548194885254,1036
2011-12-28,22.12462615966797,22.12462615966797,19.91216278076172,19.91216278076172,18.86705207824707,1036
2011-12-29,18.99557113647461,20.038589477539062,17.85773468017578,18.774324417114258,17.788936614990234,3401
2011-12-30,20.196622848510742,20.196622848510742,18.363439559936523,18.363439559936523,17.39961814880371,79
2012-01-02,20.196622848510742,21.176427841186523,19.75412940979004,20.417869567871094,19.346216201782227,2376
2012-01-03,19.596097946166992,20.386262893676758,18.963964462280273,20.228229522705078,19.16653060913086,488
2012-01-04,19.627704620361328,21.176427841186523,19.627704620361328,19.659311294555664,18.627473831176758,137
2012-01-05,20.228229522705078,20.481082916259766,19.75412940979004,19.848949432373047,18.80715560913086,327
2012-01-06,19.848949432373047,19.848949432373047,19.438064575195312,19.659311294555664,18.627473831176758,379
2012-01-09,20.67072105407715,22.535512924194336,19.91216278076172,20.481082916259766,19.406112670898438,840
2012-01-10,20.797147750854492,24.558334350585938,20.228229522705078,24.558334350585938,23.269365310668945,10262
2012-01-11,24.052629470825195,26.45473289489746,22.78836441040039,24.02102279663086,22.760255813598633,2227
2012-01-12,23.38888931274414,24.93761444091797,22.756757736206055,23.42049789428711,22.19124984741211,12
2012-01-13,22.756757736206055,24.62154769897461,22.756757736206055,22.8831844329834,21.6821346282959,403
2012-01-16,23.072824478149414,24.273874282836914,22.440692901611328,24.273874282836914,22.999834060668945,20
2012-01-17,24.273874282836914,24.273874282836914,22.78836441040039,23.38888931274414,22.16130256652832,389
2012-01-18,22.756757736206055,25.190467834472656,22.18783950805664,22.94639778137207,21.74203109741211,384
2012-01-19,22.314266204833984,27.529356002807617,22.314266204833984,27.529356002807617,26.084449768066406,20228
2012-01-20,28.698801040649414,28.698801040649414,24.558334350585938,25.09564781188965,23.778472900390625,14047
2012-01-23,27.75060272216797,27.75060272216797,24.33708953857422,25.285287857055664,23.95816421508789,1108
2012-01-24,24.653154373168945,24.653154373168945,24.02102279663086,24.46351432800293,23.179521560668945,9
2012-01-25,25.91741943359375,27.624176025390625,24.33708953857422,26.612764358520508,25.215965270996094,2826
2012-01-27,27.529356002807617,31.606609344482422,25.91741943359375,28.825227737426758,27.312305450439453,7526
2012-01-30,29.71021270751953,30.184310913085938,25.949026107788086,28.09827423095703,26.623506546020508,5533
2012-01-31,27.181684494018555,27.81381607055664,25.75938606262207,27.782209396362305,26.324031829833984,506
2012-02-01,28.445947647094727,28.445947647094727,26.865617752075195,28.382734298706055,26.893035888671875,1689
2012-02-02,27.81381607055664,29.3309326171875,27.81381607055664,28.161487579345703,26.68340492248535,3238
2012-02-03,27.529356002807617,32.77605438232422,27.49774932861328,30.437164306640625,28.839637756347656,16086
2012-02-06,30.91126251220703,31.511789321899414,29.10968780517578,29.678606033325195,28.120893478393555,1566
2012-02-07,29.078079223632812,31.54339599609375,27.90863609313965,30.24752426147461,28.659948348999023,4473
2012-02-08,29.71021270751953,31.448575973510742,28.9516544342041,29.71021270751953,28.150840759277344,1211
2012-02-09,29.425752639770508,32.554805755615234,29.425752639770508,31.7646427154541,30.097442626953125,55660
2012-02-10,31.037689208984375,31.480182647705078,29.71021270751953,30.342344284057617,28.749794006347656,5761
2012-02-13,30.78483772277832,32.23874282836914,30.342344284057617,30.879657745361328,29.258907318115234,10175
2012-02-14,30.342344284057617,31.796249389648438,29.963064193725586,30.816444396972656,29.199010848999023,7242
2012-02-15,32.20713424682617,32.20713424682617,29.48896598815918,30.658411026000977,29.049270629882812,3227
2012-02-16,29.773426055908203,30.974477767944336,29.773426055908203,30.437164306640625,28.839637756347656,1667
2012-02-17,30.942869186401367,31.606609344482422,30.31073760986328,31.54339599609375,29.887807846069336,190941
2012-02-21,32.870872497558594,34.73566436767578,31.290542602539062,31.606609344482422,29.947702407836914,194508
2012-02-22,32.20713424682617,32.20713424682617,30.658411026000977,30.658411026000977,29.049270629882812,2342
2012-02-23,30.40555763244629,31.290542602539062,29.078079223632812,31.100902557373047,29.468542098999023,3383
2012-02-24,30.72162437438965,31.606609344482422,29.10968780517578,30.500377655029297,28.899534225463867,2190
2012-02-27,32.74444580078125,34.13513946533203,28.667194366455078,30.026277542114258,28.4503173828125,12367
2012-02-28,29.55217933654785,36.031532287597656,29.141292572021484,32.08070755004883,30.39691734313965,11369
2012-02-29,29.48896598815918,32.77605438232422,29.48896598815918,31.132509231567383,29.498485565185547,329
2012-03-01,30.342344284057617,31.92267417907715,30.026277542114258,31.606609344482422,29.947702407836914,112794
2012-03-02,30.595197677612305,30.974477767944336,30.595197677612305,30.974477767944336,29.3487491607666,42
2012-03-05,31.606609344482422,31.606609344482422,31.606609344482422,31.606609344482422,29.947702407836914,0
2012-03-06,30.974477767944336,32.23874282836914,30.974477767944336,31.290542602539062,29.648223876953125,155
2012-03-07,31.290542602539062,31.606609344482422,31.290542602539062,31.606609344482422,29.947702407836914,27823
2012-03-09,31.606609344482422,31.606609344482422,31.606609344482422,31.606609344482422,29.947702407836914,0
2012-03-12,31.290542602539062,31.290542602539062,31.290542602539062,31.290542602539062,29.648223876953125,4056
2012-03-13,31.290542602539062,31.290542602539062,31.069297790527344,31.069297790527344,29.4385929107666,158
2012-03-14,30.342344284057617,30.974477767944336,30.342344284057617,30.72162437438965,29.10917091369629,1139
2012-03-15,29.899852752685547,30.658411026000977,29.899852752685547,30.658411026000977,29.049270629882812,517
2012-03-16,30.40555763244629,30.974477767944336,30.40555763244629,30.974477767944336,29.3487491607666,822
2012-03-19,29.48896598815918,30.974477767944336,29.48896598815918,30.342344284057617,28.749794006347656,15985
2012-03-20,30.342344284057617,30.342344284057617,30.342344284057617,30.342344284057617,28.749794006347656,0
2012-03-21,29.741819381713867,29.741819381713867,29.394145965576172,29.425752639770508,27.881309509277344,221
2012-03-22,29.425752639770508,29.425752639770508,29.425752639770508,29.425752639770508,27.881309509277344,63
2012-03-23,29.425752639770508,29.425752639770508,29.425752639770508,29.425752639770508,27.881309509277344,0
2012-03-26,28.667194366455078,28.793621063232422,28.224702835083008,28.224702835083008,26.74329948425293,110
2012-03-27,28.035062789916992,28.035062789916992,28.035062789916992,28.035062789916992,26.563613891601562,79
2012-03-28,26.865617752075195,26.865617752075195,26.865617752075195,26.865617752075195,25.45554542541504,240
2012-03-29,27.181684494018555,27.181684494018555,27.181684494018555,27.181684494018555,25.755022048950195,286
2012-03-30,26.928831100463867,28.540767669677734,26.89722442626953,28.35112762451172,26.863086700439453,333
2012-04-02,28.35112762451172,28.35112762451172,28.35112762451172,28.35112762451172,26.863086700439453,0
2012-04-03,28.35112762451172,28.35112762451172,28.35112762451172,28.35112762451172,26.863086700439453,0
2012-04-04,27.213289260864258,27.213289260864258,27.213289260864258,27.213289260864258,25.784971237182617,1
2012-04-09,28.445947647094727,28.57237434387207,26.67597770690918,26.67597770690918,25.275861740112305,529
2012-04-10,26.549551010131836,28.003454208374023,26.549551010131836,28.003454208374023,26.533662796020508,901
2012-04-11,27.244897842407227,27.244897842407227,27.244897842407227,27.244897842407227,25.81492042541504,79
2012-04-12,27.81381607055664,27.97184944152832,27.244897842407227,27.59256935119629,26.144344329833984,790
2012-04-13,27.59256935119629,27.59256935119629,27.59256935119629,27.59256935119629,26.144344329833984,0
2012-04-16,28.445947647094727,28.445947647094727,28.445947647094727,28.445947647094727,26.952932357788086,522
2012-04-17,28.445947647094727,28.445947647094727,28.445947647094727,28.445947647094727,26.952932357788086,0
2012-04-18,28.445947647094727,28.445947647094727,28.445947647094727,28.445947647094727,26.952932357788086,0
2012-04-19,29.868244171142578,29.868244171142578,29.868244171142578,29.868244171142578,28.300575256347656,601
2012-04-20,31.353755950927734,31.353755950927734,31.353755950927734,31.353755950927734,29.708120346069336,1194
2012-04-23,31.290542602539062,31.290542602539062,31.290542602539062,31.290542602539062,29.648223876953125,253
2012-04-24,32.554805755615234,32.554805755615234,32.554805755615234,32.554805755615234,30.846134185791016,31
2012-04-25,31.638214111328125,33.344970703125,30.974477767944336,30.974477767944336,29.3487491607666,2589
2012-04-26,30.974477767944336,30.974477767944336,30.974477767944336,30.974477767944336,29.3487491607666,79
2012-04-27,31.606609344482422,32.23874282836914,31.606609344482422,32.23874282836914,30.546659469604492,7909
2012-04-30,30.658411026000977,30.658411026000977,30.658411026000977,30.658411026000977,29.049270629882812,158
2012-05-02,30.658411026000977,30.658411026000977,30.658411026000977,30.658411026000977,29.049270629882812,0
2012-05-03,29.71021270751953,30.974477767944336,29.141292572021484,30.026277542114258,28.4503173828125,158680
2012-05-04,29.267719268798828,30.658411026000977,29.267719268798828,30.658411026000977,29.049270629882812,3687
2012-05-07,30.026277542114258,30.026277542114258,29.141292572021484,29.141292572021484,27.611780166625977,158194
2012-05-08,29.773426055908203,29.773426055908203,29.773426055908203,29.773426055908203,28.210735321044922,2372
2012-05-09,29.773426055908203,29.773426055908203,29.773426055908203,29.773426055908203,28.210735321044922,0
2012-05-10,29.078079223632812,29.520572662353516,29.078079223632812,29.394145965576172,27.851364135742188,321
2012-05-11,29.17289924621582,29.71021270751953,29.17289924621582,29.71021270751953,28.150840759277344,316
2012-05-14,29.963064193725586,29.963064193725586,29.71021270751953,29.71021270751953,28.150840759277344,395
2012-05-15,29.71021270751953,29.773426055908203,29.71021270751953,29.741819381713867,28.180789947509766,585
2012-05-16,29.71021270751953,29.836639404296875,29.71021270751953,29.71021270751953,28.150840759277344,5168
2012-05-17,29.836639404296875,29.836639404296875,29.71021270751953,29.71021270751953,28.150840759277344,2372
2012-05-18,29.71021270751953,29.71021270751953,29.71021270751953,29.71021270751953,28.150840759277344,158
2012-05-21,29.71021270751953,29.71021270751953,29.71021270751953,29.71021270751953,28.150840759277344,94
2012-05-22,28.667194366455078,29.71021270751953,28.667194366455078,29.457359313964844,27.911258697509766,482
2012-05-23,28.825227737426758,28.825227737426758,28.825227737426758,28.825227737426758,27.312305450439453,316
2012-05-24,28.825227737426758,28.825227737426758,28.825227737426758,28.825227737426758,27.312305450439453,0
2012-05-25,28.825227737426758,28.825227737426758,28.825227737426758,28.825227737426758,27.312305450439453,0
2012-05-28,28.825227737426758,28.825227737426758,28.825227737426758,28.825227737426758,27.312305450439453,0
2012-05-29,28.825227737426758,28.825227737426758,28.825227737426758,28.825227737426758,27.312305450439453,0
2012-05-30,28.445947647094727,28.445947647094727,28.445947647094727,28.445947647094727,26.952932357788086,1502
2012-05-31,28.445947647094727,28.445947647094727,28.445947647094727,28.445947647094727,26.952932357788086,0
2012-06-01,28.1298828125,28.1298828125,27.213289260864258,28.003454208374023,26.533662796020508,158
2012-06-04,28.003454208374023,28.003454208374023,28.003454208374023,28.003454208374023,26.533662796020508,0
2012-06-05,28.003454208374023,28.003454208374023,28.003454208374023,28.003454208374023,26.533662796020508,0
2012-06-06,26.612764358520508,26.612764358520508,26.612764358520508,26.612764358520508,25.215965270996094,3907
2012-06-07,25.47492790222168,25.47492790222168,25.47492790222168,25.47492790222168,24.137849807739258,52
2012-06-08,25.47492790222168,25.47492790222168,25.47492790222168,25.47492790222168,24.137849807739258,0
2012-06-11,24.46351432800293,24.46351432800293,24.46351432800293,24.46351432800293,23.179521560668945,316
2012-06-12,24.46351432800293,24.46351432800293,24.46351432800293,24.46351432800293,23.179521560668945,0
2012-06-13,25.664566040039062,25.664566040039062,25.664566040039062,25.664566040039062,24.31753158569336,316
2012-06-14,26.928831100463867,26.928831100463867,26.928831100463867,26.928831100463867,25.515443801879883,118
2012-06-15,27.244897842407227,27.244897842407227,27.244897842407227,27.244897842407227,25.81492042541504,310
2012-06-18,27.181684494018555,27.181684494018555,26.043846130371094,26.549551010131836,25.156068801879883,1222
2012-06-19,27.560962677001953,27.560962677001953,26.612764358520508,26.99204444885254,25.57533836364746,7
2012-06-20,26.99204444885254,26.99204444885254,26.99204444885254,26.99204444885254,25.57533836364746,1
2012-06-21,28.319520950317383,28.319520950317383,26.012239456176758,28.1298828125,26.653457641601562,4904
2012-06-22,28.1298828125,28.1298828125,28.1298828125,28.1298828125,26.653457641601562,0
2012-06-25,28.1298828125,28.1298828125,28.1298828125,28.1298828125,26.653457641601562,0
2012-06-26,28.1298828125,28.1298828125,28.1298828125,28.1298828125,26.653457641601562,0
2012-06-27,28.41434097290039,28.41434097290039,28.41434097290039,28.41434097290039,26.922985076904297,789
2012-06-28,27.213289260864258,27.782209396362305,27.023651123046875,27.023651123046875,25.60528564453125,69
2012-06-29,26.770797729492188,26.865617752075195,26.549551010131836,26.83401107788086,25.42559814453125,950
2012-07-02,28.1298828125,28.1298828125,27.81381607055664,28.1298828125,26.653457641601562,1186
2012-07-03,28.09827423095703,28.09827423095703,27.90863609313965,27.90863609313965,26.443819046020508,395
2012-07-04,27.845422744750977,28.319520950317383,27.845422744750977,28.003454208374023,26.533662796020508,158590
2012-07-05,28.003454208374023,28.003454208374023,28.003454208374023,28.003454208374023,26.533662796020508,0
2012-07-06,27.59256935119629,27.59256935119629,27.49774932861328,27.49774932861328,26.054500579833984,397
2012-07-09,27.49774932861328,27.49774932861328,27.49774932861328,27.49774932861328,26.054500579833984,0
2012-07-10,27.49774932861328,27.49774932861328,27.49774932861328,27.49774932861328,26.054500579833984,0
2012-07-11,28.382734298706055,29.394145965576172,27.308109283447266,27.308109283447266,25.874813079833984,514
2012-07-12,27.181684494018555,30.026277542114258,27.181684494018555,29.899852752685547,28.33053207397461,484
2012-07-13,29.014867782592773,29.014867782592773,27.27650260925293,27.308109283447266,25.874813079833984,246
2012-07-16,28.698801040649414,29.078079223632812,27.244897842407227,28.287914276123047,26.803194046020508,15825
2012-07-17,26.83401107788086,26.83401107788086,26.83401107788086,26.83401107788086,25.42559814453125,94
2012-07-18,28.983259201049805,29.014867782592773,26.644371032714844,28.762014389038086,27.252408981323242,664
2012-07-19,26.770797729492188,28.35112762451172,26.707584381103516,27.181684494018555,25.755022048950195,2714
2012-07-20,27.181684494018555,27.181684494018555,27.181684494018555,27.181684494018555,25.755022048950195,0
2012-07-23,26.581157684326172,28.41434097290039,26.581157684326172,27.27650260925293,25.844865798950195,292
2012-07-24,27.181684494018555,27.181684494018555,25.91741943359375,25.91741943359375,24.55711555480957,158
2012-07-25,27.43453598022461,27.43453598022461,27.43453598022461,27.43453598022461,25.99460792541504,3
2012-07-26,27.43453598022461,27.43453598022461,27.43453598022461,27.43453598022461,25.99460792541504,0
2012-07-27,27.43453598022461,27.43453598022461,27.43453598022461,27.43453598022461,25.99460792541504,0
2012-07-30,27.43453598022461,27.43453598022461,27.43453598022461,27.43453598022461,25.99460792541504,0
2012-07-31,27.43453598022461,27.43453598022461,27.43453598022461,27.43453598022461,25.99460792541504,0
2012-08-01,27.940242767333984,29.678606033325195,27.940242767333984,28.667194366455078,27.162569046020508,3393
2012-08-02,28.445947647094727,28.445947647094727,28.445947647094727,28.445947647094727,26.952932357788086,949
2012-08-03,28.477554321289062,29.520572662353516,28.477554321289062,28.5091609954834,27.012826919555664,82
2012-08-06,30.1527042388916,31.290542602539062,28.477554321289062,30.215917587280273,28.630002975463867,1722
2012-08-07,30.184310913085938,30.215917587280273,29.55217933654785,29.55217933654785,28.0011043548584,1015
2012-08-08,29.10968780517578,29.994672775268555,29.078079223632812,29.994672775268555,28.420372009277344,692
2012-08-09,29.078079223632812,29.078079223632812,29.078079223632812,29.078079223632812,27.5518856048584,205
2012-08-10,30.1527042388916,30.1527042388916,28.762014389038086,29.994672775268555,28.420372009277344,713
2012-08-13,29.078079223632812,29.836639404296875,28.445947647094727,29.836639404296875,28.270631790161133,3012
2012-08-14,28.825227737426758,30.46877098083496,28.825227737426758,29.078079223632812,27.5518856048584,3233
2012-08-16,29.141292572021484,29.141292572021484,29.141292572021484,29.141292572021484,27.611780166625977,490
2012-08-17,29.078079223632812,29.078079223632812,29.078079223632812,29.078079223632812,27.5518856048584,1
2012-08-21,29.078079223632812,29.078079223632812,29.078079223632812,29.078079223632812,27.5518856048584,0
2012-08-22,28.445947647094727,30.342344284057617,28.445947647094727,28.9516544342041,27.432096481323242,447
2012-08-23,28.983259201049805,29.078079223632812,28.983259201049805,29.078079223632812,27.5518856048584,317
2012-08-24,29.078079223632812,29.931459426879883,27.59256935119629,29.931459426879883,28.360475540161133,1116
2012-08-27,29.71021270751953,29.71021270751953,28.445947647094727,28.445947647094727,26.952932357788086,153
2012-08-28,28.445947647094727,29.868244171142578,28.445947647094727,28.445947647094727,26.952932357788086,1118
2012-08-29,27.81381607055664,29.71021270751953,27.402929306030273,29.71021270751953,28.150840759277344,324
2012-08-30,29.71021270751953,29.71021270751953,29.71021270751953,29.71021270751953,28.150840759277344,0
2012-08-31,29.48896598815918,29.48896598815918,27.43453598022461,27.466142654418945,26.024553298950195,164
2012-09-03,28.762014389038086,28.762014389038086,27.466142654418945,27.466142654418945,26.024553298950195,4
2012-09-04,27.466142654418945,28.888439178466797,27.466142654418945,28.161487579345703,26.68340492248535,83
2012-09-05,28.9516544342041,28.9516544342041,27.43453598022461,28.9516544342041,27.432096481323242,308
2012-09-06,28.9516544342041,28.9516544342041,28.9516544342041,28.9516544342041,27.432096481323242,158
2012-09-07,27.81381607055664,29.71021270751953,27.529356002807617,29.10968780517578,27.58183479309082,37
2012-09-10,29.04647445678711,29.04647445678711,27.49774932861328,27.49774932861328,26.054500579833984,197
2012-09-11,27.466142654418945,28.41434097290039,27.466142654418945,27.466142654418945,26.024553298950195,632
2012-09-12,27.43453598022461,29.457359313964844,27.43453598022461,29.014867782592773,27.491989135742188,23
2012-09-13,27.49774932861328,28.920047760009766,27.43453598022461,28.920047760009766,28.012439727783203,166
2012-09-14,27.49774932861328,28.9516544342041,26.865617752075195,27.023651123046875,26.175559997558594,1108
2012-09-17,28.762014389038086,28.762014389038086,26.328304290771484,26.581157684326172,25.7469539642334,678
2012-09-18,26.043846130371094,26.043846130371094,26.043846130371094,26.043846130371094,25.226503372192383,94
2012-09-20,25.980632781982422,28.9516544342041,25.91741943359375,27.97184944152832,27.093997955322266,2138
2012-09-21,27.43453598022461,28.9516544342041,26.29669761657715,27.59256935119629,26.726625442504883,4160
2012-09-24,27.181684494018555,27.43453598022461,26.107059478759766,27.213289260864258,26.3592472076416,264
2012-09-25,27.213289260864258,27.213289260864258,26.612764358520508,26.67597770690918,25.83880043029785,1069
2012-09-26,26.67597770690918,26.67597770690918,26.67597770690918,26.67597770690918,25.83880043029785,286
2012-09-27,26.928831100463867,28.540767669677734,26.928831100463867,27.27650260925293,26.420475006103516,1153
2012-09-28,28.540767669677734,28.698801040649414,26.45473289489746,28.445947647094727,27.553220748901367,26
2012-10-01,28.41434097290039,29.678606033325195,26.45473289489746,28.635587692260742,27.736909866333008,1817
2012-10-03,27.81381607055664,29.71021270751953,26.612764358520508,28.540767669677734,27.645065307617188,654
2012-10-04,27.845422744750977,27.97184944152832,27.81381607055664,27.81381607055664,26.940927505493164,3940
2012-10-05,27.81381607055664,27.81381607055664,27.81381607055664,27.81381607055664,26.940927505493164,0
2012-10-08,27.81381607055664,27.81381607055664,27.81381607055664,27.81381607055664,26.940927505493164,1
2012-10-09,26.73919105529785,27.687389373779297,26.549551010131836,27.181684494018555,26.328632354736328,2554
2012-10-10,27.181684494018555,27.181684494018555,26.012239456176758,26.45473289489746,25.624496459960938,398
2012-10-11,27.05525779724121,27.687389373779297,27.05525779724121,27.687389373779297,26.818470001220703,6
2012-10-12,27.687389373779297,27.687389373779297,27.687389373779297,27.687389373779297,26.818470001220703,0
2012-10-15,27.560962677001953,27.687389373779297,26.328304290771484,27.59256935119629,26.726625442504883,503
2012-10-16,27.65578269958496,27.65578269958496,26.391517639160156,26.391517639160156,25.563264846801758,79
2012-10-17,26.043846130371094,26.043846130371094,26.043846130371094,26.043846130371094,25.226503372192383,276
2012-10-18,26.043846130371094,26.043846130371094,26.043846130371094,26.043846130371094,25.226503372192383,0
2012-10-19,27.181684494018555,27.181684494018555,26.043846130371094,27.181684494018555,26.328632354736328,781
2012-10-22,27.181684494018555,27.687389373779297,26.423124313354492,26.581157684326172,25.7469539642334,267
2012-10-23,26.73919105529785,26.73919105529785,26.73919105529785,26.73919105529785,25.900026321411133,185
2012-10-25,25.980632781982422,30.974477767944336,25.949026107788086,30.215917587280273,29.267642974853516,10262
2012-10-29,28.762014389038086,31.16411590576172,28.445947647094727,28.57237434387207,27.675682067871094,5277
2012-10-30,28.9516544342041,28.9516544342041,27.718996047973633,27.718996047973633,26.849084854125977,237
2012-10-31,27.718996047973633,27.718996047973633,27.244897842407227,27.49774932861328,26.63477897644043,115
2012-11-01,28.35112762451172,29.014867782592773,26.67597770690918,26.707584381103516,25.86941146850586,805
2012-11-02,26.99204444885254,28.445947647094727,26.707584381103516,28.445947647094727,27.553220748901367,31
2012-11-05,27.687389373779297,29.04647445678711,26.865617752075195,27.466142654418945,26.60416603088379,1482
2012-11-06,27.181684494018555,28.41434097290039,27.181684494018555,28.41434097290039,27.522607803344727,9
2012-11-07,27.181684494018555,27.687389373779297,26.99204444885254,26.99204444885254,26.144947052001953,33
2012-11-08,26.99204444885254,26.99204444885254,26.99204444885254,26.99204444885254,26.144947052001953,0
2012-11-09,26.67597770690918,27.782209396362305,26.328304290771484,26.5179443359375,25.68572425842285,1354
2012-11-12,27.213289260864258,28.9516544342041,27.181684494018555,27.65578269958496,26.787851333618164,1072
2012-11-15,29.04647445678711,30.342344284057617,27.81381607055664,27.81381607055664,26.940927505493164,1031
2012-11-16,29.04647445678711,29.678606033325195,27.49774932861328,28.762014389038086,27.85936737060547,1021
2012-11-19,29.71021270751953,29.80503273010254,29.71021270751953,29.71021270751953,28.777809143066406,395
2012-11-20,28.445947647094727,28.762014389038086,28.41434097290039,28.5091609954834,27.614450454711914,284
2012-11-21,28.477554321289062,28.477554321289062,28.477554321289062,28.477554321289062,27.583837509155273,161
2012-11-22,28.762014389038086,28.762014389038086,28.762014389038086,28.762014389038086,27.85936737060547,158
2012-11-23,28.445947647094727,28.445947647094727,28.1298828125,28.445947647094727,27.553220748901367,950
2012-11-26,28.445947647094727,28.445947647094727,27.339717864990234,27.339717864990234,26.48171043395996,545
2012-11-27,28.603981018066406,28.603981018066406,28.035062789916992,28.161487579345703,27.277690887451172,1346
2012-11-29,27.687389373779297,27.687389373779297,27.687389373779297,27.687389373779297,26.818470001220703,166
2012-11-30,27.81381607055664,27.845422744750977,27.687389373779297,27.845422744750977,26.97154426574707,1608
2012-12-03,27.687389373779297,29.04647445678711,27.65578269958496,28.445947647094727,27.553220748901367,509
2012-12-04,27.877029418945312,29.014867782592773,27.65578269958496,28.888439178466797,27.981826782226562,2205
2012-12-05,28.888439178466797,28.888439178466797,28.888439178466797,28.888439178466797,27.981826782226562,0
2012-12-06,27.877029418945312,28.9516544342041,27.845422744750977,28.319520950317383,27.430763244628906,259
2012-12-07,27.81381607055664,29.394145965576172,27.81381607055664,28.477554321289062,27.583837509155273,3643
2012-12-10,27.181684494018555,30.057884216308594,27.181684494018555,28.161487579345703,27.277690887451172,1482
2012-12-11,27.718996047973633,30.24752426147461,27.718996047973633,29.55217933654785,28.624736785888672,1107
2012-12-12,26.960437774658203,29.394145965576172,26.960437774658203,28.066669464111328,27.18584632873535,1561
2012-12-13,27.90863609313965,29.04647445678711,27.90863609313965,28.73040771484375,27.828750610351562,1980
2012-12-14,29.425752639770508,29.425752639770508,28.445947647094727,28.762014389038086,27.85936737060547,1404
2012-12-17,28.920047760009766,31.480182647705078,28.920047760009766,31.258935928344727,30.277929306030273,10632
2012-12-18,30.089492797851562,30.500377655029297,29.425752639770508,30.1527042388916,29.20641326904297,1184
2012-12-19,29.10968780517578,30.84804916381836,29.078079223632812,29.836639404296875,28.900266647338867,702
2012-12-20,31.575002670288086,31.575002670288086,29.394145965576172,29.71021270751953,28.777809143066406,1025
2012-12-21,29.71021270751953,30.342344284057617,29.078079223632812,29.299325942993164,28.37981605529785,1689
2012-12-24,29.014867782592773,30.342344284057617,28.983259201049805,30.279130935668945,29.328874588012695,719
2012-12-26,29.078079223632812,29.078079223632812,29.078079223632812,29.078079223632812,28.16551399230957,49
2012-12-27,30.279130935668945,30.279130935668945,29.20450782775879,29.520572662353516,28.594120025634766,1064
2012-12-28,29.141292572021484,29.520572662353516,29.10968780517578,29.10968780517578,28.196130752563477,876
2012-12-31,29.141292572021484,30.658411026000977,29.078079223632812,29.10968780517578,28.196130752563477,45044
2013-01-01,29.17289924621582,31.290542602539062,29.17289924621582,29.17289924621582,28.25735855102539,490
2013-01-02,29.10968780517578,29.71021270751953,29.04647445678711,29.678606033325195,28.747194290161133,17315
2013-01-03,30.531984329223633,30.595197677612305,29.10968780517578,29.141292572021484,28.226741790771484,512
2013-01-04,29.141292572021484,30.595197677612305,28.445947647094727,29.17289924621582,28.25735855102539,6471
2013-01-07,28.825227737426758,30.342344284057617,28.667194366455078,29.520572662353516,28.594120025634766,1306
2013-01-08,29.55217933654785,29.55217933654785,29.362539291381836,29.362539291381836,28.44104766845703,192
2013-01-09,28.445947647094727,29.04647445678711,28.09827423095703,28.793621063232422,27.889986038208008,2088
2013-01-10,28.793621063232422,28.793621063232422,28.793621063232422,28.793621063232422,27.889986038208008,0
2013-01-11,28.73040771484375,28.762014389038086,28.35112762451172,28.35112762451172,27.461374282836914,2176
2013-01-14,27.81381607055664,30.91126251220703,27.81381607055664,30.184310913085938,29.237028121948242,2643
2013-01-15,29.078079223632812,30.84804916381836,29.078079223632812,29.71021270751953,28.777809143066406,9001
2013-01-16,28.445947647094727,29.3309326171875,28.445947647094727,29.236112594604492,28.318588256835938,365
2013-01-17,28.445947647094727,29.362539291381836,28.445947647094727,29.362539291381836,28.44104766845703,118
2013-01-18,29.10968780517578,29.899852752685547,28.445947647094727,29.299325942993164,28.37981605529785,1381
2013-01-21,28.57237434387207,29.64699935913086,28.477554321289062,29.64699935913086,28.71657943725586,11565
2013-01-22,28.445947647094727,29.678606033325195,27.59256935119629,29.678606033325195,28.747194290161133,294
2013-01-23,28.477554321289062,30.215917587280273,27.718996047973633,29.48896598815918,28.563505172729492,7487
2013-01-24,30.658411026000977,35.27297592163086,27.529356002807617,28.224702835083008,27.338918685913086,1252639
2013-01-25,27.81381607055664,29.078079223632812,27.308109283447266,29.078079223632812,28.16551399230957,2888
2013-01-28,28.762014389038086,29.078079223632812,27.845422744750977,28.762014389038086,27.85936737060547,322
2013-01-29,28.1298828125,28.1298828125,27.181684494018555,27.371322631835938,26.51232147216797,1767
2013-01-30,26.865617752075195,27.81381607055664,25.60135269165039,26.391517639160156,25.563264846801758,6020
2013-01-31,26.865617752075195,27.05525779724121,25.91741943359375,26.612764358520508,25.777568817138672,5304
2013-02-01,26.865617752075195,27.624176025390625,26.581157684326172,26.83401107788086,25.991870880126953,523
2013-02-04,27.181684494018555,29.994672775268555,26.549551010131836,28.477554321289062,27.583837509155273,16052
2013-02-05,32.1123161315918,33.882286071777344,28.1298828125,29.141292572021484,28.226741790771484,1428239
2013-02-06,28.445947647094727,29.078079223632812,27.49774932861328,27.59256935119629,26.726625442504883,8075
2013-02-07,26.170272827148438,27.624176025390625,26.170272827148438,26.549551010131836,25.716337203979492,6065
2013-02-08,28.066669464111328,28.066669464111328,26.107059478759766,26.328304290771484,25.50203514099121,42350
2013-02-11,27.687389373779297,27.687389373779297,26.043846130371094,26.5179443359375,25.68572425842285,767
2013-02-12,27.65578269958496,27.65578269958496,24.368694305419922,24.747974395751953,23.971302032470703,9950
2013-02-13,25.91741943359375,25.91741943359375,24.115842819213867,24.273874282836914,23.5120792388916,3744
2013-02-14,24.17905616760254,25.885812759399414,24.17905616760254,24.273874282836914,23.5120792388916,2050
2013-02-15,25.285287857055664,25.285287857055664,24.02102279663086,24.40030288696289,23.634540557861328,10472
2013-02-18,24.431909561157227,24.431909561157227,23.7049560546875,24.40030288696289,23.634540557861328,166
2013-02-19,24.33708953857422,24.5267276763916,24.02102279663086,24.02102279663086,23.267166137695312,226
2013-02-20,25.127254486083984,25.190467834472656,24.17905616760254,24.17905616760254,23.420238494873047,474
2013-02-21,24.653154373168945,24.653154373168945,24.02102279663086,24.052629470825195,23.297779083251953,651
2013-02-22,24.052629470825195,24.052629470825195,24.052629470825195,24.052629470825195,23.297779083251953,0
2013-02-25,24.77958106994629,24.77958106994629,23.894596099853516,24.33708953857422,23.573314666748047,838
2013-02-26,23.452104568481445,24.02102279663086,22.314266204833984,24.02102279663086,23.267166137695312,14
2013-02-27,22.630332946777344,24.653154373168945,22.598724365234375,24.653154373168945,23.879459381103516,5095
2013-02-28,23.136037826538086,24.653154373168945,22.78836441040039,24.62154769897461,23.84884262084961,811
2013-03-01,24.02102279663086,25.380107879638672,22.28265953063965,23.989416122436523,23.236549377441406,168686
2013-03-04,22.472299575805664,25.222074508666992,22.472299575805664,22.756757736206055,22.04257583618164,6253
2013-03-05,24.62154769897461,24.62154769897461,22.472299575805664,22.567119598388672,21.858890533447266,1977
2013-03-06,22.503904342651367,24.46351432800293,22.28265953063965,23.894596099853516,23.144704818725586,14139
2013-03-07,23.38888931274414,27.308109283447266,23.136037826538086,26.043846130371094,25.226503372192383,177500
2013-03-08,28.477554321289062,28.477554321289062,24.33708953857422,25.91741943359375,25.10404396057129,11961
2013-03-11,22.756757736206055,27.81381607055664,22.756757736206055,25.506532669067383,24.7060546875,1717
2013-03-12,25.91741943359375,25.91741943359375,24.747974395751953,25.411712646484375,24.61421012878418,825
2013-03-13,24.969221115112305,25.790992736816406,24.653154373168945,24.653154373168945,23.879459381103516,2374
2013-03-14,23.578529357910156,25.09564781188965,23.578529357910156,24.052629470825195,23.297779083251953,158
2013-03-15,23.989416122436523,26.45473289489746,23.452104568481445,25.822599411010742,25.012203216552734,2208
2013-03-18,25.285287857055664,26.486337661743164,24.17905616760254,25.980632781982422,25.1652774810791,2235
2013-03-19,24.147449493408203,26.45473289489746,24.052629470825195,25.31689453125,24.522367477416992,2029
2013-03-20,22.156232833862305,26.170272827148438,21.840166091918945,24.77958106994629,24.001916885375977,16928
2013-03-21,26.423124313354492,27.81381607055664,24.653154373168945,25.569746017456055,24.767284393310547,14593
2013-03-22,22.472299575805664,26.233484268188477,20.860361099243164,25.91741943359375,25.10404396057129,168409
2013-03-25,27.15007781982422,28.287914276123047,24.115842819213867,24.93761444091797,24.154991149902344,177504
2013-03-26,24.305482864379883,25.60135269165039,24.273874282836914,24.305482864379883,23.542695999145508,1748
2013-03-28,25.44331932067871,25.91741943359375,24.40030288696289,24.874401092529297,24.093761444091797,2393
2013-04-01,26.486337661743164,26.486337661743164,26.486337661743164,26.486337661743164,25.65511131286621,7
2013-04-02,25.31689453125,26.5179443359375,24.4951229095459,24.874401092529297,24.093761444091797,2376
2013-04-03,26.423124313354492,26.423124313354492,24.874401092529297,25.00082778930664,24.216218948364258,172
2013-04-04,24.02102279663086,26.359912872314453,24.02102279663086,24.84279441833496,24.063146591186523,1000156
2013-04-05,25.253679275512695,26.201879501342773,24.716367721557617,25.949026107788086,25.134662628173828,1371
2013-04-08,24.24226951599121,25.75938606262207,24.24226951599121,24.969221115112305,24.185604095458984,1102
2013-04-09,26.83401107788086,26.83401107788086,24.77958106994629,25.09564781188965,24.308061599731445,1213
2013-04-10,24.653154373168945,25.285287857055664,24.653154373168945,25.285287857055664,24.49175453186035,1945
2013-04-11,24.305482864379883,24.653154373168945,24.305482864379883,24.653154373168945,23.879459381103516,474
2013-04-12,24.08423614501953,26.5179443359375,23.54692268371582,23.799776077270508,23.0528621673584,2072
2013-04-15,23.799776077270508,25.47492790222168,23.768169403076172,23.989416122436523,23.236549377441406,416
2013-04-16,25.569746017456055,25.569746017456055,23.610137939453125,25.53813934326172,24.736669540405273,55
2013-04-17,25.53813934326172,25.53813934326172,23.610137939453125,25.285287857055664,24.49175453186035,215
2013-04-18,25.285287857055664,25.285287857055664,23.42049789428711,25.285287857055664,24.49175453186035,466
2013-04-22,24.68476104736328,24.68476104736328,24.653154373168945,24.653154373168945,23.879459381103516,80
2013-04-23,23.768169403076172,25.60135269165039,23.7049560546875,24.431909561157227,23.665157318115234,1123
2013-04-25,24.210662841796875,25.854206085205078,24.210662841796875,25.285287857055664,24.49175453186035,4168
2013-04-26,24.969221115112305,25.727779388427734,23.578529357910156,23.989416122436523,23.236549377441406,1183
2013-04-29,23.38888931274414,24.02102279663086,23.38888931274414,23.989416122436523,23.236549377441406,192
2013-04-30,23.610137939453125,25.31689453125,23.610137939453125,25.285287857055664,24.49175453186035,161
2013-05-02,24.33708953857422,25.885812759399414,23.673349380493164,24.24226951599121,23.481468200683594,654
2013-05-03,23.92620277404785,25.885812759399414,23.199251174926758,24.5267276763916,23.75699806213379,1284
2013-05-06,25.854206085205078,25.854206085205078,25.285287857055664,25.285287857055664,24.49175453186035,9
2013-05-07,24.747974395751953,25.064041137695312,24.653154373168945,25.032434463500977,24.246835708618164,3638
2013-05-08,25.032434463500977,25.032434463500977,25.032434463500977,25.032434463500977,24.246835708618164,0
2013-05-09,25.253679275512695,25.253679275512695,24.24226951599121,24.431909561157227,23.665157318115234,185
2013-05-10,24.431909561157227,24.431909561157227,24.431909561157227,24.431909561157227,23.665157318115234,0
2013-05-13,24.969221115112305,24.969221115112305,24.40030288696289,24.969221115112305,24.185604095458984,569
2013-05-14,25.222074508666992,25.285287857055664,22.756757736206055,23.641742706298828,22.8997859954834,13062
2013-05-15,23.452104568481445,23.452104568481445,22.756757736206055,23.38888931274414,22.65487289428711,382
2013-05-16,22.12462615966797,24.84279441833496,22.12462615966797,24.84279441833496,24.063146591186523,161
2013-05-17,24.02102279663086,24.5267276763916,23.26246452331543,23.894596099853516,23.144704818725586,1330
2013-05-20,24.5267276763916,24.558334350585938,24.02102279663086,24.02102279663086,23.267166137695312,493
2013-05-21,24.02102279663086,24.747974395751953,23.42049789428711,23.989416122436523,23.236549377441406,7349
2013-05-22,25.854206085205078,25.854206085205078,24.33708953857422,24.653154373168945,23.879459381103516,3638
2013-05-23,24.368694305419922,25.09564781188965,24.052629470825195,24.68476104736328,23.910070419311523,925
2013-05-24,27.11846923828125,27.11846923828125,24.02102279663086,24.33708953857422,23.573314666748047,1350
2013-05-27,25.854206085205078,25.854206085205078,23.957809448242188,24.558334350585938,23.787614822387695,185
2013-05-28,27.43453598022461,27.43453598022461,24.653154373168945,25.75938606262207,24.950971603393555,12
2013-05-29,25.854206085205078,25.885812759399414,24.02102279663086,24.17905616760254,23.420238494873047,1588
2013-05-30,24.052629470825195,24.558334350585938,23.10443115234375,24.08423614501953,23.32839584350586,454
2013-05-31,24.62154769897461,24.62154769897461,23.10443115234375,23.10443115234375,22.37933921813965,161
2013-06-03,23.10443115234375,24.558334350585938,23.10443115234375,24.558334350585938,23.787614822387695,55
2013-06-04,23.610137939453125,24.02102279663086,21.80855941772461,22.18783950805664,21.491514205932617,5225
2013-06-05,22.18783950805664,23.294071197509766,21.460887908935547,22.061412811279297,21.369054794311523,6617
2013-06-06,21.524099349975586,22.72515106201172,21.524099349975586,21.58731460571289,20.909833908081055,1287
2013-06-07,21.555707931518555,22.12462615966797,20.544296264648438,21.144821166992188,20.48122787475586,5226
2013-06-10,20.259836196899414,21.460887908935547,19.943769454956055,20.354656219482422,19.71586036682129,571
2013-06-11,20.038589477539062,20.038589477539062,20.038589477539062,20.038589477539062,19.409713745117188,4
2013-06-12,20.0701961517334,22.440692901611328,19.91216278076172,21.334461212158203,20.664915084838867,1347
2013-06-13,19.91216278076172,21.42928123474121,19.91216278076172,21.42928123474121,20.756759643554688,118
2013-06-14,20.228229522705078,22.756757736206055,20.228229522705078,21.776952743530273,21.093521118164062,126
2013-06-17,20.860361099243164,21.903379440307617,20.165016174316406,20.228229522705078,19.593402862548828,314
2013-06-18,20.228229522705078,20.860361099243164,19.596097946166992,20.860361099243164,20.2056941986084,7507
2013-06-19,22.061412811279297,22.093019485473633,20.228229522705078,21.36606788635254,20.69552993774414,18
2013-06-20,20.860361099243164,20.860361099243164,19.943769454956055,20.544296264648438,19.89954948425293,827
2013-06-21,20.67072105407715,21.302854537963867,20.67072105407715,21.302854537963867,20.634302139282227,3
2013-06-24,20.67072105407715,20.67072105407715,20.67072105407715,20.67072105407715,20.022005081176758,30
2013-06-25,19.596097946166992,20.165016174316406,18.647899627685547,20.165016174316406,19.53217124938965,798
2013-06-26,20.860361099243164,20.860361099243164,18.711111068725586,18.963964462280273,18.36881446838379,3334
2013-06-27,18.331832885742188,18.963964462280273,17.446847915649414,18.110586166381836,17.54221534729004,166
2013-06-28,19.596097946166992,19.596097946166992,17.415241241455078,18.489866256713867,17.909591674804688,734
2013-07-01,17.067569732666016,19.75412940979004,16.119369506835938,18.837539672851562,18.246356964111328,34
2013-07-02,17.731306076049805,20.386262893676758,17.193994522094727,18.205406188964844,17.634061813354492,88
2013-07-03,20.5126895904541,20.5126895904541,16.688289642333984,17.415241241455078,16.868694305419922,923
2013-07-04,17.6997013092041,18.142192840576172,16.467042922973633,18.142192840576172,17.572832107543945,3869
2013-07-05,17.193994522094727,18.963964462280273,17.067569732666016,17.09917449951172,16.56254768371582,802
2013-07-08,17.09917449951172,17.09917449951172,17.09917449951172,17.09917449951172,16.56254768371582,0
2013-07-09,16.309009552001953,19.501277923583984,16.309009552001953,19.090391159057617,18.491273880004883,22
2013-07-10,17.762914657592773,18.30022621154785,17.762914657592773,18.015766143798828,17.45037269592285,6
2013-07-11,18.331832885742188,18.99557113647461,17.288814544677734,18.99557113647461,18.399429321289062,6
2013-07-12,18.647899627685547,18.647899627685547,17.6997013092041,18.363439559936523,17.787137985229492,566
2013-07-15,16.972749710083008,18.869144439697266,16.972749710083008,18.521472930908203,17.940210342407227,20
2013-07-16,18.521472930908203,18.521472930908203,18.521472930908203,18.521472930908203,17.940210342407227,0
2013-07-17,18.331832885742188,18.489866256713867,16.84632110595703,17.6997013092041,17.14422607421875,7
2013-07-18,17.6997013092041,17.6997013092041,17.668094635009766,17.668094635009766,17.113611221313477,901
2013-07-19,17.6997013092041,19.21681785583496,17.225601196289062,17.92094612121582,17.35852813720703,261
2013-07-22,18.331832885742188,18.331832885742188,16.84632110595703,18.30022621154785,17.725906372070312,28
2013-07-23,18.30022621154785,18.30022621154785,18.30022621154785,18.30022621154785,17.725906372070312,0
2013-07-24,18.30022621154785,18.30022621154785,18.30022621154785,18.30022621154785,17.725906372070312,0
2013-07-25,18.963964462280273,18.963964462280273,16.909536361694336,16.909536361694336,16.37885856628418,379
2013-07-26,14.50743293762207,19.248424530029297,14.06494140625,17.415241241455078,16.868694305419922,12834
2013-07-29,15.329204559326172,18.30022621154785,14.570646286010742,15.803303718566895,15.307343482971191,1218
2013-07-30,15.803303718566895,15.803303718566895,15.803303718566895,15.803303718566895,15.307343482971191,126
2013-07-31,15.803303718566895,15.866517066955566,15.487237930297852,15.866517066955566,15.368574142456055,517
2013-08-01,14.66546630859375,15.771697998046875,14.602252960205078,15.107958793640137,14.633821487426758,150
2013-08-02,15.171172142028809,15.487237930297852,12.990316390991211,14.09654712677002,13.65415096282959,4288
2013-08-05,16.40382957458496,16.909536361694336,14.033333778381348,16.65668296813965,16.133941650390625,5691
2013-08-06,15.803303718566895,15.803303718566895,14.539039611816406,15.487237930297852,15.001197814941406,816
2013-08-07,15.171172142028809,16.40382957458496,13.306382179260254,15.898123741149902,15.399188041687012,2211
2013-08-08,15.866517066955566,15.866517066955566,14.381007194519043,14.697072982788086,14.235830307006836,1251
2013-08-12,14.697072982788086,16.94114112854004,14.412612915039062,15.550451278686523,15.06242847442627,2847
2013-08-13,15.487237930297852,16.49864959716797,15.0763521194458,16.309009552001953,15.797181129455566,401
2013-08-14,16.372222900390625,16.372222900390625,15.234384536743164,15.834911346435547,15.337961196899414,1118
2013-08-16,15.487237930297852,15.771697998046875,14.539039611816406,15.487237930297852,15.001197814941406,416
2013-08-19,14.539039611816406,17.035961151123047,13.90690803527832,14.66546630859375,14.205216407775879,371
2013-08-20,13.401202201843262,13.90690803527832,13.401202201843262,13.685661315917969,13.256160736083984,825
2013-08-21,16.056156158447266,16.087764739990234,15.58205795288086,15.58205795288086,15.093040466308594,536
2013-08-22,14.254579544067383,14.254579544067383,14.254579544067383,14.254579544067383,13.80722427368164,3
2013-08-23,15.645271301269531,15.803303718566895,14.222973823547363,14.791893005371094,14.327675819396973,2047
2013-08-26,14.791893005371094,16.435436248779297,14.791893005371094,16.372222900390625,15.85840892791748,1140
2013-08-27,15.013138771057129,18.39504623413086,15.013138771057129,17.731306076049805,17.174840927124023,4699
2013-08-28,17.067569732666016,18.93235969543457,15.961337089538574,17.984159469604492,17.419757843017578,319240
2013-08-29,16.40382957458496,18.173799514770508,16.24579620361328,16.40382957458496,15.88902473449707,1263
2013-08-30,18.331832885742188,19.659311294555664,15.834911346435547,16.309009552001953,15.797181129455566,4144
2013-09-02,16.119369506835938,17.541667938232422,16.119369506835938,16.467042922973633,15.950254440307617,3734
2013-09-03,15.803303718566895,17.035961151123047,15.234384536743164,16.625076293945312,16.103328704833984,1338
2013-09-04,15.803303718566895,17.035961151123047,15.803303718566895,16.593469619750977,16.072708129882812,319
2013-09-05,16.972749710083008,16.972749710083008,16.972749710083008,16.972749710083008,16.440088272094727,3
2013-09-06,16.24579620361328,17.826126098632812,15.834911346435547,16.435436248779297,15.919636726379395,1096
2013-09-10,15.329204559326172,16.8779296875,15.202778816223145,15.771697998046875,15.276731491088867,5834
2013-09-11,15.171172142028809,18.331832885742188,15.171172142028809,16.84632110595703,16.317628860473633,289
2013-09-12,16.435436248779297,18.963964462280273,14.697072982788086,18.047372817993164,17.480987548828125,1934
2013-09-13,17.067569732666016,18.39504623413086,16.435436248779297,18.23701286315918,17.664674758911133,727
2013-09-16,17.446847915649414,19.15360450744629,16.435436248779297,16.625076293945312,16.103328704833984,1243
2013-09-17,16.40382957458496,18.015766143798828,15.013138771057129,16.783109664916992,16.25640106201172,6449
2013-09-18,17.85773468017578,17.85773468017578,15.99294376373291,16.84632110595703,16.317628860473633,1097
2013-09-19,17.668094635009766,17.668094635009766,16.18258285522461,17.446847915649414,16.899311065673828,541
2013-09-20,17.984159469604492,18.110586166381836,16.277402877807617,17.446847915649414,16.899311065673828,1760
2013-09-23,16.909536361694336,17.352027893066406,16.435436248779297,17.352027893066406,16.807466506958008,1670
2013-09-24,16.435436248779297,18.711111068725586,15.550451278686523,15.803303718566895,15.307343482971191,12527
2013-09-25,18.30022621154785,18.30022621154785,14.66546630859375,14.697072982788086,14.235830307006836,2211
2013-09-26,17.130781173706055,17.130781173706055,15.107958793640137,16.087764739990234,15.582878112792969,295
2013-09-27,16.688289642333984,16.688289642333984,15.676877975463867,16.40382957458496,15.88902473449707,1809
2013-09-30,17.00435447692871,17.6997013092041,15.329204559326172,15.708483695983887,15.215500831604004,1461
2013-10-01,16.814716339111328,16.814716339111328,15.803303718566895,15.803303718566895,15.307343482971191,273
2013-10-03,16.972749710083008,17.193994522094727,16.467042922973633,16.814716339111328,16.28701400756836,526
2013-10-04,16.40382957458496,16.40382957458496,15.803303718566895,15.929731369018555,15.429804801940918,367
2013-10-07,16.119369506835938,16.751501083374023,15.834911346435547,16.40382957458496,15.88902473449707,208
2013-10-08,15.834911346435547,16.71989631652832,15.803303718566895,16.688289642333984,16.1645565032959,3685
2013-10-09,15.834911346435547,16.8779296875,15.803303718566895,16.02454948425293,15.521647453308105,6591
2013-10-10,16.056156158447266,16.783109664916992,15.487237930297852,16.150976181030273,15.644105911254883,2912
2013-10-11,17.2572078704834,17.2572078704834,16.02454948425293,16.71989631652832,16.195171356201172,784
2013-10-14,16.71989631652832,16.814716339111328,16.087764739990234,16.751501083374023,16.225784301757812,1640
2013-10-15,17.6997013092041,17.826126098632812,15.58205795288086,15.898123741149902,15.399188041687012,1879
2013-10-17,16.71989631652832,16.71989631652832,14.47582721710205,14.949926376342773,14.480751037597656,9570
2013-10-18,15.42402458190918,16.309009552001953,14.760286331176758,15.803303718566895,15.307343482971191,3728
2013-10-21,16.309009552001953,16.71989631652832,15.58205795288086,16.65668296813965,16.133941650390625,1893
2013-10-22,16.625076293945312,16.94114112854004,16.056156158447266,16.435436248779297,15.919636726379395,1463
2013-10-23,16.751501083374023,17.32042121887207,15.866517066955566,17.2572078704834,16.715620040893555,2891
2013-10-24,16.56186294555664,17.2572078704834,16.56186294555664,16.593469619750977,16.072708129882812,362
2013-10-25,15.613664627075195,17.00435447692871,15.613664627075195,16.84632110595703,16.317628860473633,262
2013-10-28,15.487237930297852,16.688289642333984,15.487237930297852,15.866517066955566,15.368574142456055,792
2013-10-29,15.392417907714844,16.40382957458496,15.360812187194824,15.771697998046875,15.276731491088867,1706
2013-10-30,15.550451278686523,16.150976181030273,14.286187171936035,15.708483695983887,15.215500831604004,319
2013-10-31,15.99294376373291,16.688289642333984,15.455631256103516,16.02454948425293,15.521647453308105,1528
2013-11-01,14.918318748474121,16.593469619750977,14.918318748474121,16.372222900390625,15.85840892791748,2004
2013-11-05,16.150976181030273,17.035961151123047,16.150976181030273,16.435436248779297,15.919636726379395,1075
2013-11-06,16.814716339111328,16.814716339111328,16.71989631652832,16.751501083374023,16.225784301757812,381
2013-11-07,16.214189529418945,16.972749710083008,15.898123741149902,15.929731369018555,15.429804801940918,10284
2013-11-08,15.360812187194824,17.383634567260742,15.360812187194824,16.8779296875,16.348247528076172,428
2013-11-11,16.751501083374023,16.751501083374023,15.929731369018555,15.929731369018555,15.429804801940918,145
2013-11-12,16.119369506835938,16.119369506835938,15.708483695983887,15.740091323852539,15.246114730834961,3858
2013-11-13,15.171172142028809,16.40382957458496,15.171172142028809,16.214189529418945,15.705334663391113,1314
2013-11-14,15.171172142028809,16.24579620361328,14.001727104187012,15.740091323852539,15.246114730834961,930
2013-11-18,15.487237930297852,16.435436248779297,15.455631256103516,15.771697998046875,15.276731491088867,1673
2013-11-19,16.309009552001953,16.309009552001953,15.234384536743164,15.360812187194824,14.878741264343262,145
2013-11-20,15.107958793640137,15.803303718566895,15.107958793640137,15.171172142028809,14.695051193237305,4487
2013-11-21,14.981532096862793,16.087764739990234,14.981532096862793,15.487237930297852,15.001197814941406,2181
2013-11-22,16.087764739990234,18.584686279296875,14.760286331176758,18.584686279296875,18.00143814086914,16101
2013-11-25,19.05878448486328,22.251052856445312,18.61629295349121,20.165016174316406,19.53217124938965,16909
2013-11-26,17.731306076049805,20.038589477539062,17.731306076049805,18.61629295349121,18.032052993774414,1732
2013-11-27,17.09917449951172,19.722524642944336,16.94114112854004,17.067569732666016,16.531932830810547,1828
2013-11-28,17.00435447692871,19.343244552612305,17.00435447692871,18.30022621154785,17.725906372070312,4828
2013-11-29,18.047372817993164,18.963964462280273,17.85773468017578,18.047372817993164,17.480987548828125,3459
2013-12-02,18.39504623413086,19.027177810668945,18.015766143798828,18.39504623413086,17.8177490234375,5620
2013-12-03,18.963964462280273,18.963964462280273,18.331832885742188,18.331832885742188,17.75651741027832,246
2013-12-04,19.15360450744629,19.15360450744629,18.331832885742188,18.774324417114258,18.18512535095215,770
2013-12-05,17.889339447021484,18.711111068725586,17.541667938232422,17.826126098632812,17.266687393188477,1547
2013-12-06,17.6997013092041,18.711111068725586,17.6997013092041,17.762914657592773,17.205453872680664,2561
2013-12-09,17.6997013092041,18.679506301879883,17.225601196289062,18.173799514770508,17.60344696044922,2695
2013-12-10,18.647899627685547,18.647899627685547,17.889339447021484,17.92094612121582,17.35852813720703,1102
2013-12-11,15.834911346435547,18.489866256713867,15.834911346435547,17.63648796081543,17.082996368408203,2969
2013-12-12,17.63648796081543,18.489866256713867,17.383634567260742,18.0789794921875,17.511598587036133,779
2013-12-13,18.61629295349121,18.61629295349121,17.193994522094727,17.6997013092041,17.14422607421875,1271
2013-12-16,17.984159469604492,17.984159469604492,16.65668296813965,17.352027893066406,16.807466506958008,428
2013-12-17,16.150976181030273,17.383634567260742,16.150976181030273,16.814716339111328,16.28701400756836,632
2013-12-18,16.435436248779297,18.774324417114258,15.803303718566895,16.783109664916992,16.25640106201172,1460
2013-12-19,16.119369506835938,18.268619537353516,16.119369506835938,17.668094635009766,17.113611221313477,734
2013-12-20,18.93235969543457,20.0701961517334,17.32042121887207,17.510061264038086,16.960538864135742,457
2013-12-23,18.963964462280273,20.986787796020508,18.363439559936523,20.986787796020508,20.328153610229492,19543
2013-12-24,22.12462615966797,23.831382751464844,21.11321449279785,22.72515106201172,22.011960983276367,44111
2013-12-26,25.09564781188965,25.09564781188965,22.94639778137207,24.273874282836914,23.5120792388916,23003
2013-12-27,24.02102279663086,25.09564781188965,23.736562728881836,23.92620277404785,23.17531967163086,2899
2013-12-30,24.02102279663086,24.84279441833496,24.02102279663086,24.653154373168945,23.879459381103516,2273
2013-12-31,24.653154373168945,24.653154373168945,23.009611129760742,23.294071197509766,22.563030242919922,3282
2014-01-01,23.26246452331543,23.673349380493164,22.756757736206055,23.357284545898438,22.62425422668457,574
2014-01-02,21.840166091918945,24.811187744140625,21.80855941772461,23.894596099853516,23.144704818725586,4372
2014-01-03,22.12462615966797,23.989416122436523,22.12462615966797,22.8831844329834,22.1650333404541,1282
2014-01-06,24.558334350585938,25.09564781188965,23.54692268371582,23.957809448242188,23.205934524536133,2339
2014-01-07,24.305482864379883,24.305482864379883,23.26246452331543,23.48370933532715,22.74671173095703,2602
2014-01-08,22.598724365234375,23.673349380493164,22.567119598388672,22.598724365234375,21.88950538635254,1221
2014-01-09,23.92620277404785,23.92620277404785,21.524099349975586,22.02980613708496,21.33843994140625,3263
2014-01-10,22.72515106201172,22.72515106201172,20.860361099243164,21.302854537963867,20.634302139282227,503
2014-01-13,22.72515106201172,22.72515106201172,21.20803451538086,21.334461212158203,20.664915084838867,1072
2014-01-14,20.860361099243164,22.756757736206055,20.860361099243164,22.472299575805664,21.767044067382812,1042
2014-01-15,22.156232833862305,22.472299575805664,21.80855941772461,21.80855941772461,21.124134063720703,219
2014-01-16,21.144821166992188,21.555707931518555,21.11321449279785,21.20803451538086,20.542455673217773,787
2014-01-17,23.167644500732422,23.167644500732422,23.167644500732422,23.167644500732422,22.440567016601562,3
2014-01-20,23.167644500732422,23.167644500732422,20.860361099243164,22.598724365234375,21.88950538635254,950
2014-01-21,22.693544387817383,22.693544387817383,21.58731460571289,22.661937713623047,21.95073127746582,50
2014-01-22,22.440692901611328,22.440692901611328,20.797147750854492,21.840166091918945,21.154748916625977,1080
2014-01-23,20.8919677734375,22.093019485473633,20.860361099243164,22.093019485473633,21.399667739868164,69
2014-01-24,20.828754425048828,21.840166091918945,20.165016174316406,21.27124786376953,20.60368537902832,2894
2014-01-27,20.860361099243164,21.80855941772461,19.596097946166992,21.6821346282959,21.001676559448242,1382
2014-01-28,21.6821346282959,21.6821346282959,21.6821346282959,21.6821346282959,21.001676559448242,0
2014-01-29,19.690916061401367,21.460887908935547,19.690916061401367,20.639114379882812,19.991390228271484,411
2014-01-30,19.090391159057617,20.60750961303711,18.584686279296875,19.280031204223633,18.67496109008789,2567
2014-01-31,18.331832885742188,19.53288459777832,17.731306076049805,19.343244552612305,18.736190795898438,242
2014-02-03,18.963964462280273,21.27124786376953,18.963964462280273,20.196622848510742,19.562786102294922,140
2014-02-04,18.963964462280273,21.7137393951416,18.963964462280273,19.31163787841797,18.70557975769043,1588
2014-02-05,21.081607818603516,21.144821166992188,19.027177810668945,19.343244552612305,18.736190795898438,184122
2014-02-06,20.165016174316406,20.196622848510742,19.280031204223633,19.280031204223633,18.67496109008789,10140
2014-02-07,20.196622848510742,20.196622848510742,18.963964462280273,18.963964462280273,18.36881446838379,1105
2014-02-10,20.196622848510742,20.196622848510742,17.889339447021484,19.248424530029297,18.644344329833984,367
2014-02-11,17.826126098632812,19.785736083984375,17.762914657592773,19.722524642944336,19.10356903076172,692
2014-02-12,18.55307960510254,19.564491271972656,18.521472930908203,19.185211181640625,18.583118438720703,2009
2014-02-13,17.984159469604492,19.37485122680664,17.731306076049805,18.110586166381836,17.54221534729004,1450
2014-02-14,17.762914657592773,19.46967124938965,17.762914657592773,17.92094612121582,17.35852813720703,2284
2014-02-17,17.668094635009766,18.426652908325195,16.18258285522461,17.130781173706055,16.59316062927246,1493
2014-02-18,16.94114112854004,17.130781173706055,16.909536361694336,17.130781173706055,16.59316062927246,110
2014-02-19,18.30022621154785,18.805931091308594,17.130781173706055,18.110586166381836,17.54221534729004,38180
2014-02-20,17.067569732666016,19.438064575195312,17.067569732666016,19.15360450744629,18.552501678466797,1912
2014-02-21,18.39504623413086,19.15360450744629,17.2572078704834,17.2572078704834,16.715620040893555,9010
2014-02-24,16.783109664916992,17.63648796081543,16.751501083374023,17.00435447692871,16.470703125,4791
2014-02-25,16.214189529418945,18.173799514770508,15.866517066955566,17.541667938232422,16.991151809692383,3703
2014-02-26,17.225601196289062,18.268619537353516,16.467042922973633,17.09917449951172,16.56254768371582,1373
2014-02-28,17.889339447021484,17.889339447021484,17.288814544677734,17.383634567260742,16.838075637817383,1205
2014-03-03,16.435436248779297,18.015766143798828,16.435436248779297,17.446847915649414,16.899311065673828,768
2014-03-04,18.015766143798828,18.015766143798828,17.00435447692871,17.130781173706055,16.59316062927246,1154
2014-03-05,17.067569732666016,17.352027893066406,16.277402877807617,16.372222900390625,15.85840892791748,8314
2014-03-06,16.435436248779297,16.71989631652832,16.309009552001953,16.435436248779297,15.919636726379395,3434
2014-03-07,17.668094635009766,17.6997013092041,16.435436248779297,16.814716339111328,16.28701400756836,4960
2014-03-10,17.510061264038086,17.668094635009766,16.435436248779297,17.09917449951172,16.56254768371582,176910
2014-03-11,17.067569732666016,18.110586166381836,16.40382957458496,16.65668296813965,16.133941650390625,194013
2014-03-12,16.751501083374023,17.79452133178711,16.751501083374023,17.352027893066406,16.807466506958008,3116
2014-03-13,17.383634567260742,18.521472930908203,17.383634567260742,17.6997013092041,17.14422607421875,9558
2014-03-14,17.2572078704834,17.984159469604492,17.225601196289062,17.6997013092041,17.14422607421875,953
2014-03-18,18.015766143798828,18.015766143798828,17.6997013092041,17.6997013092041,17.14422607421875,1009
2014-03-19,18.015766143798828,18.015766143798828,17.6997013092041,17.6997013092041,17.14422607421875,827
2014-03-20,17.6997013092041,18.521472930908203,17.6997013092041,18.015766143798828,17.45037269592285,3553
2014-03-21,18.647899627685547,18.647899627685547,16.909536361694336,17.067569732666016,16.531932830810547,10700
2014-03-24,17.668094635009766,17.668094635009766,15.961337089538574,16.56186294555664,16.042097091674805,34848
2014-03-25,15.929731369018555,16.087764739990234,15.645271301269531,15.961337089538574,15.460418701171875,16289
2014-03-26,15.803303718566895,16.435436248779297,15.550451278686523,15.550451278686523,15.06242847442627,88441
2014-03-27,17.193994522094727,17.193994522094727,15.58205795288086,15.613664627075195,15.1236572265625,6009
2014-03-28,15.676877975463867,16.214189529418945,15.487237930297852,15.740091323852539,15.246114730834961,19915
2014-03-31,16.34061622619629,16.688289642333984,15.898123741149902,16.435436248779297,15.919636726379395,3284
2014-04-01,16.688289642333984,16.688289642333984,16.277402877807617,16.40382957458496,15.88902473449707,14748
2014-04-02,17.035961151123047,17.067569732666016,16.277402877807617,17.067569732666016,16.531932830810547,66889
2014-04-03,16.751501083374023,17.225601196289062,15.898123741149902,16.94114112854004,16.409473419189453,1548
2014-04-04,16.751501083374023,16.751501083374023,16.087764739990234,16.372222900390625,15.85840892791748,3296
2014-04-07,16.71989631652832,18.679506301879883,16.34061622619629,16.71989631652832,16.195171356201172,6568
2014-04-09,17.984159469604492,17.984159469604492,16.783109664916992,17.16238784790039,16.623777389526367,9619
2014-04-10,18.173799514770508,18.173799514770508,17.130781173706055,17.415241241455078,16.868694305419922,40643
2014-04-11,17.6997013092041,18.205406188964844,17.383634567260742,17.6997013092041,17.14422607421875,10243
2014-04-15,17.6997013092041,19.596097946166992,17.6997013092041,18.963964462280273,18.36881446838379,18276
2014-04-16,18.963964462280273,19.596097946166992,17.383634567260742,18.489866256713867,17.909591674804688,6484
2014-04-17,18.963964462280273,19.090391159057617,17.826126098632812,18.774324417114258,18.18512535095215,4907
2014-04-21,18.489866256713867,19.564491271972656,18.489866256713867,19.46967124938965,18.858652114868164,2597
2014-04-22,19.090391159057617,19.090391159057617,18.61629295349121,18.61629295349121,18.032052993774414,1409
2014-04-23,18.647899627685547,19.46967124938965,18.489866256713867,18.61629295349121,18.032052993774414,3114
2014-04-24,18.61629295349121,18.61629295349121,18.61629295349121,18.61629295349121,18.032052993774414,0
2014-04-25,18.331832885742188,18.963964462280273,18.110586166381836,18.30022621154785,17.725906372070312,1749
2014-04-28,17.889339447021484,18.963964462280273,17.383634567260742,18.426652908325195,17.84836196899414,3108
2014-04-29,18.963964462280273,19.248424530029297,18.963964462280273,18.963964462280273,18.36881446838379,317
2014-04-30,18.521472930908203,18.99557113647461,18.0789794921875,18.0789794921875,17.511598587036133,947
2014-05-02,17.79452133178711,19.343244552612305,17.731306076049805,17.79452133178711,17.23607063293457,1892
2014-05-05,17.762914657592773,19.848949432373047,17.762914657592773,19.46967124938965,18.858652114868164,11820
2014-05-06,18.837539672851562,19.280031204223633,18.837539672851562,18.963964462280273,18.36881446838379,822
2014-05-07,18.963964462280273,18.963964462280273,18.963964462280273,18.963964462280273,18.36881446838379,1
2014-05-08,19.46967124938965,20.165016174316406,18.711111068725586,18.805931091308594,18.215736389160156,7479
2014-05-09,18.963964462280273,19.46967124938965,18.489866256713867,18.489866256713867,17.909591674804688,238
2014-05-12,20.13340950012207,21.05000114440918,18.363439559936523,18.869144439697266,18.276968002319336,4989
2014-05-13,18.963964462280273,19.596097946166992,18.205406188964844,18.963964462280273,18.36881446838379,7226
2014-05-14,18.679506301879883,19.248424530029297,18.205406188964844,18.331832885742188,17.75651741027832,22878
2014-05-15,17.92094612121582,18.711111068725586,17.92094612121582,18.489866256713867,17.909591674804688,3935
2014-05-16,19.343244552612305,19.343244552612305,16.71989631652832,18.205406188964844,17.634061813354492,2852
2014-05-19,18.015766143798828,18.963964462280273,18.015766143798828,18.963964462280273,18.36881446838379,8453
2014-05-20,18.963964462280273,20.828754425048828,18.647899627685547,19.406457901000977,18.79741859436035,40195
2014-05-21,19.596097946166992,20.797147750854492,18.963964462280273,20.101802825927734,19.4709415435791,21940
2014-05-22,20.860361099243164,24.115842819213867,20.860361099243164,24.02102279663086,23.267166137695312,64760
2014-05-23,25.285287857055664,25.44331932067871,22.377479553222656,24.46351432800293,23.695770263671875,35399
2014-05-26,24.33708953857422,25.885812759399414,22.219446182250977,23.768169403076172,23.022247314453125,30098
2014-05-27,24.5267276763916,24.5267276763916,21.20803451538086,22.440692901611328,21.736433029174805,7360
2014-05-28,22.756757736206055,22.914791107177734,21.27124786376953,22.598724365234375,21.88950538635254,4853
2014-05-29,23.957809448242188,24.02102279663086,22.756757736206055,23.009611129760742,22.287494659423828,4744
2014-05-30,24.33708953857422,25.790992736816406,23.38888931274414,24.62154769897461,23.84884262084961,33135
2014-06-02,24.02102279663086,27.11846923828125,24.02102279663086,25.506532669067383,24.7060546875,8536
2014-06-03,25.31689453125,30.595197677612305,25.31689453125,30.595197677612305,29.635019302368164,134626
2014-06-04,32.20713424682617,36.695274353027344,31.3221492767334,36.695274353027344,35.54365921020508,423723
2014-06-05,39.44504928588867,40.33003234863281,34.64084243774414,36.1263542175293,34.992591857910156,259521
2014-06-06,35.52582931518555,37.8015022277832,35.52582931518555,36.82169723510742,35.66611099243164,233989
2014-06-09,38.46524429321289,38.970947265625,36.85330581665039,37.580257415771484,36.4008674621582,66554
2014-06-10,36.85330581665039,37.61186599731445,34.32477569580078,36.09474563598633,34.96197509765625,55001
2014-06-11,36.18956756591797,36.663665771484375,32.49159240722656,33.12372589111328,32.08419418334961,51791
2014-06-12,33.50300598144531,34.13513946533203,31.22732925415039,32.23874282836914,31.226987838745117,75775
2014-06-13,33.18693923950195,33.18693923950195,30.62680435180664,31.100902557373047,30.12485694885254,42353
2014-06-16,32.649627685546875,32.649627685546875,32.649627685546875,32.649627685546875,31.62497901916504,1738
2014-06-17,34.26156234741211,34.26156234741211,34.26156234741211,34.26156234741211,33.18632125854492,6968
2014-06-18,35.96832275390625,35.96832275390625,35.96832275390625,35.96832275390625,34.83951950073242,3379
2014-06-19,37.7382926940918,37.7382926940918,37.7382926940918,37.7382926940918,36.55393981933594,7199
2014-06-20,39.60308074951172,39.60308074951172,38.560062408447266,39.60308074951172,38.36020278930664,187337
2014-06-23,41.56269073486328,41.56269073486328,39.855934143066406,41.56269073486328,40.25831604003906,127411
2014-06-24,43.61711883544922,43.61711883544922,41.72072219848633,42.47928237915039,41.14614486694336,251624
2014-06-25,42.35285568237305,44.596923828125,40.36164093017578,44.596923828125,43.197330474853516,297175
2014-06-26,46.74617385864258,46.77778244018555,44.24925231933594,46.74617385864258,45.27912521362305,121474
2014-06-27,48.16847229003906,48.16847229003906,44.69174575805664,45.797977447509766,44.36069107055664,123230
2014-06-30,46.46171569824219,46.46171569824219,43.61711883544922,43.61711883544922,42.248268127441406,32043
2014-07-01,43.522300720214844,45.797977447509766,42.03678894042969,45.63994216918945,44.207611083984375,60219
2014-07-02,47.283485412597656,47.283485412597656,44.5653190612793,45.797977447509766,44.36069107055664,27388
2014-07-03,46.77778244018555,46.77778244018555,44.5653190612793,45.418697357177734,43.993309020996094,17075
2014-07-04,45.51351547241211,45.82958221435547,43.3642692565918,43.96479415893555,42.58503723144531,19532
2014-07-07,44.24925231933594,46.14564895629883,44.24925231933594,45.67155075073242,44.23822784423828,89520
2014-07-08,46.14564895629883,46.14564895629883,43.3958740234375,43.585514068603516,42.2176513671875,45507
2014-07-09,41.72072219848633,44.24925231933594,41.43626403808594,43.23784255981445,41.880897521972656,19438
2014-07-10,45.38709259033203,45.38709259033203,41.87875747680664,44.62853240966797,43.22793960571289,30635
2014-07-11,46.46171569824219,46.46171569824219,42.41606903076172,42.41606903076172,41.08491134643555,21459
2014-07-14,40.61449432373047,44.217647552490234,40.61449432373047,41.62590408325195,40.31954574584961,10251
2014-07-15,40.772525787353516,43.68033218383789,40.772525787353516,43.68033218383789,42.30949783325195,6275
2014-07-16,44.881385803222656,45.86119079589844,44.881385803222656,45.86119079589844,44.421913146972656,73845
2014-07-17,47.915618896484375,48.13686752319336,45.57672882080078,48.04204559326172,46.534332275390625,81544
2014-07-18,49.93844223022461,49.93844223022461,46.935813903808594,47.694374084472656,46.19757080078125,30740
2014-07-21,49.78041076660156,49.812015533447266,48.35811233520508,48.832210540771484,47.29969787597656,78186
2014-07-22,48.20008087158203,50.57057571411133,47.09384536743164,47.283485412597656,45.7995719909668,29212
2014-07-23,47.12545394897461,47.72597885131836,44.94459915161133,47.283485412597656,45.7995719909668,30014
2014-07-24,45.57672882080078,48.35811233520508,45.57672882080078,47.47312545776367,45.9832649230957,19045
2014-07-25,48.04204559326172,48.32650375366211,45.102630615234375,45.102630615234375,43.687164306640625,37300
2014-07-28,45.134239196777344,47.06224060058594,42.984989166259766,44.15443420410156,42.76872253417969,33417
2014-07-30,44.818172454833984,45.35548400878906,42.984989166259766,45.16584396362305,43.748390197753906,6069
2014-07-31,43.04820251464844,46.14564895629883,43.04820251464844,43.269447326660156,41.91150665283203,32795
2014-08-01,44.24925231933594,45.418697357177734,42.984989166259766,45.07102584838867,43.65654754638672,22802
2014-08-04,46.714569091796875,46.714569091796875,43.64872741699219,45.102630615234375,43.687164306640625,24211
2014-08-05,45.45030212402344,47.34669876098633,43.07980728149414,47.34669876098633,45.86080551147461,174836
2014-08-06,47.315093994140625,49.68558883666992,46.14564895629883,48.16847229003906,46.65679168701172,214749
2014-08-07,46.27207565307617,48.35811233520508,46.27207565307617,46.682960510253906,45.2178955078125,30550
2014-08-08,46.58814239501953,46.77778244018555,44.69174575805664,45.7663688659668,44.3300666809082,24241
2014-08-11,46.14564895629883,47.409912109375,45.7663688659668,46.77778244018555,45.309749603271484,48523
2014-08-12,47.09384536743164,49.0534553527832,45.89279556274414,48.231685638427734,46.718017578125,66198
2014-08-13,48.04204559326172,49.17988586425781,45.82958221435547,45.82958221435547,44.39130401611328,34173
2014-08-14,44.31246566772461,48.10525894165039,43.61711883544922,48.10525894165039,46.595558166503906,51535
2014-08-18,46.2088623046875,50.47575378417969,46.2088623046875,49.24309539794922,47.69768524169922,114515
2014-08-19,48.5793571472168,49.78041076660156,46.84099578857422,47.88401412963867,46.38125991821289,70934
2014-08-20,46.77778244018555,50.25450897216797,46.77778244018555,50.1912956237793,48.61612319946289,140264
2014-08-21,50.25450897216797,52.68821716308594,50.25450897216797,52.68821716308594,51.03468322753906,246747
2014-08-22,55.31156539916992,55.31156539916992,54.36336898803711,55.31156539916992,53.57570266723633,305094
2014-08-25,58.06134033203125,58.06134033203125,58.06134033203125,58.06134033203125,56.23918914794922,22069
2014-08-26,60.93754196166992,60.93754196166992,55.69084548950195,57.587242126464844,55.779972076416016,352351
2014-08-27,58.788291931152344,60.463443756103516,56.41779708862305,60.11577224731445,58.22914123535156,369150
2014-08-28,59.42042541503906,63.1183967590332,58.946327209472656,63.1183967590332,61.137535095214844,243529
2014-09-01,63.0867919921875,66.24745178222656,63.0867919921875,66.24745178222656,64.16838836669922,54120
2014-09-02,69.53453826904297,69.53453826904297,67.63814544677734,69.53453826904297,67.35230255126953,388692
2014-09-03,70.7988052368164,72.97966003417969,66.05781555175781,66.15263366699219,64.07654571533203,518048
2014-09-04,66.15263366699219,67.63814544677734,62.897151947021484,66.24745178222656,64.16838836669922,120867
2014-09-05,64.50908660888672,65.74174499511719,63.24482345581055,63.813743591308594,61.811058044433594,83270
2014-09-08,63.8453483581543,66.97440338134766,63.8453483581543,66.97440338134766,64.87252807617188,46787
2014-09-09,70.29309844970703,70.29309844970703,70.29309844970703,70.29309844970703,68.08707427978516,19106
2014-09-10,73.80142974853516,73.80142974853516,72.06307220458984,73.80142974853516,71.48530578613281,153999
2014-09-11,77.4677963256836,77.4677963256836,73.01126861572266,76.7408447265625,74.33247375488281,119924
2014-09-12,73.39054870605469,77.43619537353516,72.91645050048828,72.94805145263672,70.65869903564453,47086
2014-09-15,69.53453826904297,71.74700164794922,69.31329345703125,69.31329345703125,67.13800811767578,67863
2014-09-16,72.63198852539062,72.63198852539062,65.86817169189453,65.86817169189453,63.80101776123047,92828
2014-09-17,62.897151947021484,68.90240478515625,62.581085205078125,64.63551330566406,62.60704040527344,120601
2014-09-18,62.897151947021484,67.85939025878906,62.897151947021484,67.70135498046875,65.57666778564453,76208
2014-09-19,64.54069519042969,70.35631561279297,64.54069519042969,65.74174499511719,63.67854690551758,13797
2014-09-22,65.10961151123047,66.65834045410156,62.45465850830078,66.2158432006836,64.13777160644531,53710
2014-09-23,63.5292854309082,68.58634185791016,62.92876052856445,62.92876052856445,60.953853607177734,198426
2014-09-24,65.07801055908203,65.07801055908203,59.799705505371094,62.296627044677734,60.341556549072266,24537
2014-09-25,62.265018463134766,64.12980651855469,59.26239013671875,59.51524353027344,57.6474609375,19973
2014-09-26,57.049930572509766,61.601280212402344,57.049930572509766,59.95773696899414,58.07606887817383,28342
2014-09-29,57.84009552001953,62.581085205078125,57.84009552001953,62.17020034790039,60.219093322753906,53368
2014-09-30,65.26764678955078,65.26764678955078,65.26764678955078,65.26764678955078,63.219337463378906,76134
2014-10-01,67.8277816772461,68.52313232421875,66.3738784790039,68.52313232421875,66.37265014648438,26546
2014-10-07,70.67237854003906,70.98844146728516,65.10961151123047,65.64692687988281,63.58671569824219,77172
2014-10-08,66.94279479980469,67.9858169555664,65.10961151123047,66.12102508544922,64.04593658447266,47105
2014-10-09,68.83919525146484,69.40811157226562,65.4256820678711,69.40811157226562,67.22986602783203,143832
2014-10-10,68.7127685546875,71.9998550415039,66.08941650390625,70.6407699584961,68.423828125,113183
2014-10-13,70.6407699584961,72.97966003417969,68.27027893066406,68.99723052978516,66.83187103271484,109405
2014-10-14,69.72418212890625,71.43093872070312,65.8365707397461,66.43709564208984,64.35208129882812,103919
2014-10-15,66.43709564208984,66.43709564208984,66.43709564208984,66.43709564208984,64.35208129882812,0
2014-10-16,66.08941650390625,68.27027893066406,64.16141510009766,64.79354858398438,62.76011276245117,48107
2014-10-17,66.05781555175781,68.01742553710938,63.5292854309082,68.01742553710938,65.88282012939453,60286
2014-10-20,71.39933013916016,71.39933013916016,71.39933013916016,71.39933013916016,69.15857696533203,37387
2014-10-21,74.93927001953125,74.93927001953125,74.93927001953125,74.93927001953125,72.58743286132812,263386
2014-10-22,78.66885375976562,78.66885375976562,71.81021881103516,78.66885375976562,76.19996643066406,384066
2014-10-27,84.07357788085938,84.07357788085938,77.81547546386719,77.94189453125,75.49581909179688,151243
2014-10-28,78.13153839111328,81.82951354980469,77.75225830078125,81.82951354980469,79.26143646240234,91523
2014-10-29,84.07357788085938,85.9067611694336,79.68025970458984,85.9067611694336,83.21072387695312,477570
2014-10-30,87.23423767089844,90.17365264892578,86.94978332519531,88.75135803222656,85.96605682373047,465894
2014-10-31,89.88919830322266,92.1016616821289,84.32643127441406,84.32643127441406,81.67999267578125,517829
2014-11-03,82.80931854248047,88.53011322021484,80.50203704833984,88.53011322021484,85.75176239013672,286084
2014-11-05,92.1016616821289,92.95503997802734,91.40631103515625,92.95503997802734,90.03781127929688,132201
2014-11-07,96.40016174316406,97.60121154785156,91.12185668945312,95.7048110961914,92.70127868652344,423400
2014-11-10,95.42035675048828,100.47740936279297,92.92343139648438,100.47740936279297,97.32411193847656,185981
2014-11-11,100.82508087158203,104.61787414550781,98.61261749267578,100.95150756835938,97.78331756591797,139330
2014-11-12,103.669677734375,103.669677734375,97.37996673583984,98.01209259033203,94.93614959716797,100857
2014-11-13,96.9058609008789,99.21314239501953,93.23949432373047,93.96644592285156,91.01747131347656,93940
2014-11-14,94.18769836425781,98.64422607421875,91.65916442871094,98.64422607421875,95.5484390258789,118780
2014-11-17,103.57485961914062,103.57485961914062,101.29918670654297,103.57485961914062,100.3243408203125,269393
2014-11-18,106.19820404052734,108.72673797607422,99.87688446044922,107.58889770507812,104.21240997314453,532425
2014-11-19,108.03138732910156,109.35887145996094,102.21577453613281,102.21577453613281,99.00790405273438,146894
2014-11-20,102.21577453613281,103.63806915283203,97.91727447509766,100.22455596923828,97.07917785644531,60446
2014-11-21,100.95150756835938,100.98311614990234,97.6328125,98.67583465576172,95.57906341552734,52134
2014-11-24,97.88566589355469,100.3825912475586,94.18769836425781,94.4405517578125,91.4767074584961,104737
2014-11-25,94.4405517578125,94.78822326660156,89.73116302490234,92.07005310058594,89.18059539794922,103715
2014-11-26,92.07005310058594,96.65300750732422,91.6275634765625,96.65300750732422,93.61972045898438,51634
2014-11-27,97.34835815429688,101.45721435546875,97.34835815429688,99.87688446044922,96.74241638183594,245382
2014-11-28,100.50901794433594,101.71006774902344,95.1675033569336,96.05248260498047,93.03804016113281,179968
2014-12-01,96.08409118652344,96.65300750732422,91.2798843383789,91.84880828857422,88.9662857055664,73114
2014-12-02,91.5327377319336,91.91201782226562,88.18244171142578,90.42650604248047,87.58863067626953,140562
2014-12-03,91.02703094482422,94.94625091552734,91.02703094482422,94.78822326660156,91.81346893310547,169790
2014-12-04,93.52395629882812,94.4405517578125,90.0788345336914,90.36329650878906,87.52740478515625,130548
2014-12-05,91.59595489501953,93.87162780761719,89.88919830322266,91.59595489501953,88.72138214111328,54526
2014-12-08,89.76277160644531,93.23949432373047,83.22019958496094,86.82335662841797,84.09854888916016,104998
2014-12-09,85.96997833251953,91.34310150146484,84.7057113647461,85.71712493896484,83.02703857421875,67601
2014-12-10,82.93574523925781,91.50113677978516,82.93574523925781,88.59332275390625,85.8129653930664,59995
2014-12-11,89.1306381225586,90.64775848388672,85.02178192138672,89.63634490966797,86.82324981689453,33641
2014-12-12,90.39490509033203,97.34835815429688,85.33784484863281,86.98138427734375,84.25163269042969,128599
2014-12-15,85.96997833251953,89.76277160644531,80.66006469726562,82.08236694335938,79.50635528564453,128792
2014-12-16,81.54505157470703,84.57928466796875,74.30713653564453,78.85848999023438,76.38365173339844,151468
2014-12-17,79.6486587524414,82.11396789550781,73.95946502685547,81.41862487792969,78.86344146728516,71812
2014-12-18,83.47305297851562,89.5415267944336,83.47305297851562,89.2886734008789,86.48650360107422,124040
2014-12-19,91.2798843383789,94.0928726196289,85.33784484863281,86.15961456298828,83.45564270019531,82398
2014-12-22,87.55030822753906,89.06742858886719,84.07357788085938,85.33784484863281,82.65966033935547,24629
2014-12-23,81.54505157470703,87.55030822753906,81.54505157470703,84.48446655273438,81.83306121826172,25314
2014-12-24,83.63108825683594,86.60211181640625,83.53627014160156,84.7057113647461,82.04737091064453,34972
2014-12-26,85.1166000366211,91.2166748046875,84.07357788085938,87.96118927001953,85.20066833496094,17040
2014-12-29,90.71096801757812,94.18769836425781,88.49850463867188,91.24828338623047,88.38461303710938,82031
2014-12-30,90.42650604248047,93.23949432373047,90.39490509033203,92.417724609375,89.5173568725586,55621
2014-12-31,91.65916442871094,93.20789337158203,91.09024810791016,91.6907730102539,88.81321716308594,36218
2015-01-01,91.65916442871094,92.417724609375,89.82598114013672,90.64775848388672,87.80293273925781,21743
2015-01-02,91.09024810791016,97.22193145751953,90.36329650878906,94.15608978271484,91.20116424560547,72475
2015-01-05,92.92343139648438,100.95150756835938,92.92343139648438,94.69339752197266,91.72161102294922,178059
2015-01-06,94.7566146850586,94.78822326660156,90.52133178710938,91.2166748046875,88.35400390625,64288
2015-01-07,91.05863952636719,93.39752960205078,90.39490509033203,91.56434631347656,88.69075012207031,27943
2015-01-08,94.81982421875,97.34835815429688,91.40631103515625,95.76802825927734,92.76251983642578,62887
2015-01-09,103.57485961914062,103.57485961914062,93.87162780761719,94.9146499633789,91.9359130859375,90090
2015-01-12,94.85143280029297,97.91727447509766,94.81982421875,96.49497985839844,93.4666519165039,75713
2015-01-13,94.97785949707031,98.23333740234375,93.52395629882812,94.47215270996094,91.5073013305664,149033
2015-01-14,95.9576644897461,97.28514099121094,93.36592102050781,94.5037612915039,91.53792572021484,53512
2015-01-15,94.18769836425781,97.28514099121094,93.6187744140625,95.00946807861328,92.02775573730469,47861
2015-01-16,94.5037612915039,96.93746948242188,93.17628479003906,95.10428619384766,92.11961364746094,26576
2015-01-19,95.98927307128906,107.46247100830078,94.85143280029297,102.02613830566406,98.82422637939453,891601
2015-01-20,107.39926147460938,107.39926147460938,96.71622467041016,97.91727447509766,94.84430694580078,439140
2015-01-21,99.81367492675781,99.81367492675781,95.07267761230469,96.49497985839844,93.4666519165039,161858
2015-01-22,98.42298126220703,99.49760437011719,96.9058609008789,98.80226135253906,95.70152282714844,146232
2015-01-23,99.81367492675781,99.81367492675781,95.57838439941406,96.65300750732422,93.61972045898438,266749
2015-01-27,98.61261749267578,98.61261749267578,92.0068359375,94.97785949707031,91.99713897705078,56711
2015-01-28,94.15608978271484,94.81982421875,89.98401641845703,91.56434631347656,88.69075012207031,162097
2015-01-29,93.01824951171875,94.15608978271484,90.77418518066406,92.19647979736328,89.30304718017578,67525
2015-01-30,90.36329650878906,96.62140655517578,88.49850463867188,92.03844451904297,89.14997863769531,63670
2015-02-02,94.69339752197266,94.78822326660156,91.02703094482422,91.97523498535156,89.08875274658203,78833
2015-02-03,91.37471008300781,94.59857940673828,91.09024810791016,91.84880828857422,88.9662857055664,56173
2015-02-04,93.52395629882812,93.80841827392578,89.44670104980469,90.23686981201172,87.40493774414062,51544
2015-02-05,89.88919830322266,91.65916442871094,72.726806640625,85.1166000366211,82.44536590576172,96549
2015-02-06,86.60211181640625,87.23423767089844,81.165771484375,82.33522033691406,79.75126647949219,136014
2015-02-09,82.33522033691406,84.7057113647461,80.2807846069336,81.26058959960938,78.71037292480469,241346
2015-02-10,79.68025970458984,82.17718505859375,74.05428314208984,76.20353698730469,73.81202697753906,226971
2015-02-11,76.48799133300781,78.38439178466797,74.97087860107422,76.17192840576172,73.78140258789062,100838
2015-02-12,75.66622161865234,79.01652526855469,63.213218688964844,76.58281707763672,74.17939758300781,163877
2015-02-13,78.60563659667969,83.12538146972656,74.90766143798828,79.99633026123047,77.48577880859375,116945
2015-02-16,80.59685516357422,81.54505157470703,75.4765853881836,76.7408447265625,74.33247375488281,84317
2015-02-18,77.12012481689453,79.33258819580078,76.07711029052734,78.0367202758789,75.5876693725586,102429
2015-02-19,77.12012481689453,78.352783203125,71.0516586303711,71.68379211425781,69.43412017822266,307421
2015-02-20,71.68379211425781,73.26412200927734,69.40811157226562,69.72418212890625,67.5360107421875,221638
2015-02-23,71.08326721191406,77.05691528320312,70.26148986816406,71.20968627929688,68.97489166259766,177197
2015-02-24,71.9366455078125,72.79002380371094,69.66096496582031,70.70398712158203,68.48506927490234,80043
2015-02-25,73.26412200927734,73.9278564453125,70.7988052368164,73.07447814941406,70.78116607666016,81226
2015-02-26,73.07447814941406,74.46517181396484,71.14647674560547,71.96824645996094,69.70964813232422,31164
2015-02-27,73.95946502685547,75.03408813476562,71.46253967285156,73.07447814941406,70.78116607666016,83461
2015-03-02,74.46517181396484,78.06832122802734,70.3879165649414,75.57140350341797,73.1997299194336,284247
2015-03-03,75.57140350341797,86.82335662841797,75.57140350341797,81.98754119873047,79.41450500488281,503658
2015-03-04,82.74610137939453,84.07357788085938,76.48799133300781,77.30976867675781,74.8835220336914,85656
2015-03-05,78.352783203125,80.91291809082031,74.8128433227539,76.04550170898438,73.658935546875,111600
2015-03-09,75.85586547851562,75.85586547851562,72.50556182861328,73.80142974853516,71.48530578613281,118146
2015-03-10,73.4537582397461,77.05691528320312,73.32733154296875,74.59159851074219,72.25067138671875,65288
2015-03-11,74.59159851074219,78.98491668701172,72.88484191894531,75.72943878173828,73.35279846191406,182026
2015-03-12,74.68641662597656,77.12012481689453,74.68641662597656,76.20353698730469,73.81202697753906,36408
2015-03-13,74.59159851074219,79.33258819580078,74.0226821899414,74.90766143798828,72.55681610107422,128490
2015-03-16,74.68641662597656,76.45639038085938,72.69519805908203,73.16929626464844,70.87300872802734,60786
2015-03-17,75.16051483154297,75.76103973388672,72.4107437133789,73.51697540283203,71.20977783203125,71143
2015-03-18,73.9278564453125,75.03408813476562,73.64340209960938,74.46517181396484,72.12821197509766,61041
2015-03-19,74.21231842041016,75.85586547851562,72.75841522216797,73.1376953125,70.8423843383789,37046
2015-03-20,72.69519805908203,75.72943878173828,72.06307220458984,72.97966003417969,70.68931579589844,153255
2015-03-23,72.94805145263672,74.43356323242188,72.2527084350586,72.63198852539062,70.3525619506836,109421
2015-03-24,71.43093872070312,73.95946502685547,71.43093872070312,73.26412200927734,70.96485900878906,75520
2015-03-25,75.2237319946289,75.2237319946289,72.28431701660156,73.23251342773438,70.93424224853516,371461
2015-03-26,73.32733154296875,75.2237319946289,72.06307220458984,74.2755355834961,71.94453430175781,247946
2015-03-27,75.09730529785156,75.60301208496094,70.7988052368164,72.47395324707031,70.1994857788086,120402
2015-03-30,72.37913513183594,78.41600036621094,72.37913513183594,76.32996368408203,73.93448638916016,43544
2015-03-31,77.8786849975586,79.6486587524414,75.28694152832031,76.29835510253906,73.90386962890625,68085
2015-04-01,73.48536682128906,78.63724517822266,73.48536682128906,77.78386688232422,75.34276580810547,49736
2015-04-06,76.48799133300781,79.61705017089844,76.48799133300781,77.68904876708984,75.25090026855469,17633
2015-04-07,77.94189453125,80.09114837646484,76.55120849609375,79.45901489257812,76.96533203125,47346
2015-04-08,79.9647216796875,84.80052947998047,79.9647216796875,83.37823486328125,80.76154327392578,155945
2015-04-09,83.63108825683594,92.60736846923828,82.80931854248047,89.98401641845703,87.16002655029297,305700
2015-04-10,90.26847839355469,90.90060424804688,83.69429779052734,89.00421142578125,86.21096801757812,153001
2015-04-13,89.95240783691406,102.40541076660156,89.95240783691406,99.59242248535156,96.46688842773438,616013
2015-04-15,100.50901794433594,101.77328491210938,96.71622467041016,97.5696029663086,94.50756072998047,290663
2015-04-16,95.230712890625,100.19294738769531,95.230712890625,97.2535400390625,94.20140075683594,120232
2015-04-17,97.5696029663086,97.66442108154297,94.81982421875,95.38874816894531,92.3951416015625,56236
2015-04-20,95.6416015625,97.66442108154297,89.76277160644531,90.86900329589844,88.0172348022461,105520
2015-04-21,89.09902954101562,94.63018798828125,88.49850463867188,89.19384765625,86.39466094970703,70146
2015-04-22,91.18506622314453,91.5327377319336,87.01299285888672,88.62493133544922,85.84358978271484,56777
2015-04-23,90.30007934570312,91.75398254394531,87.86637115478516,88.24565124511719,85.4762191772461,40254
2015-04-24,87.55030822753906,89.47830963134766,80.91291809082031,83.75751495361328,81.1289291381836,105639
2015-04-27,86.4756851196289,86.4756851196289,80.72328186035156,82.3668212890625,79.7818832397461,81297
2015-04-28,82.17718505859375,86.12801361083984,79.90150451660156,82.99895477294922,80.39418029785156,35460
2015-04-29,82.24039459228516,84.4528579711914,80.21757507324219,82.33522033691406,79.75126647949219,40485
2015-04-30,83.44144439697266,87.86637115478516,81.07095336914062,86.3176498413086,83.60871887207031,79250
2015-05-04,87.83477020263672,88.62493133544922,84.20000457763672,85.55908966064453,82.87397766113281,136079
2015-05-05,85.33784484863281,87.86637115478516,84.23161315917969,84.99017333984375,82.32290649414062,44789
2015-05-06,83.94715118408203,85.87516021728516,81.165771484375,83.1885986328125,80.57787322998047,70418
2015-05-07,81.54505157470703,90.99542999267578,79.0797348022461,79.6486587524414,77.1490249633789,83142
2015-05-08,82.80931854248047,83.75751495361328,79.99633026123047,81.07095336914062,78.52667999267578,66767
2015-05-11,82.87252807617188,84.48446655273438,80.91291809082031,83.34662628173828,80.7309341430664,45047
2015-05-12,83.2518081665039,83.2518081665039,79.36419677734375,79.99633026123047,77.48577880859375,9077
2015-05-13,80.2807846069336,83.12538146972656,79.9647216796875,81.45023345947266,78.89405059814453,17179
2015-05-14,82.08236694335938,82.43003845214844,79.17455291748047,80.66006469726562,78.1286849975586,18610
2015-05-15,79.9647216796875,83.2518081665039,79.9647216796875,81.03934478759766,78.49606323242188,14247
2015-05-18,81.13416290283203,85.33784484863281,81.13416290283203,84.57928466796875,81.92491149902344,43424
2015-05-19,82.7777099609375,84.89535522460938,82.49324798583984,83.9155502319336,81.2820053100586,19654
2015-05-20,82.17718505859375,84.99017333984375,82.17718505859375,84.29483032226562,81.64938354492188,14297
2015-05-21,82.96734619140625,85.33784484863281,82.96734619140625,84.16840362548828,81.52693176269531,15322
2015-05-22,84.16840362548828,84.16840362548828,80.97613525390625,81.76629638671875,79.20020294189453,28810
2015-05-25,81.73468780517578,83.03056335449219,79.6486587524414,79.9647216796875,77.45516967773438,21797
2015-05-26,78.38439178466797,80.72328186035156,76.29835510253906,77.27816009521484,74.85291290283203,52197
2015-05-27,76.29835510253906,82.58807373046875,75.2237319946289,80.18596649169922,77.66947174072266,46284
2015-05-28,80.2807846069336,82.46163940429688,75.38175964355469,76.93048858642578,74.51615142822266,83368
2015-05-29,75.85586547851562,79.01652526855469,75.57140350341797,76.55120849609375,74.14878845214844,82101
2015-06-01,73.64340209960938,75.91907501220703,68.27027893066406,71.8418197631836,69.58718872070312,216736
2015-06-02,73.07447814941406,76.7408447265625,70.29309844970703,72.53717041015625,70.2607192993164,92651
2015-06-03,72.37913513183594,73.83303833007812,69.21847534179688,70.92523193359375,68.69937133789062,69656
2015-06-04,72.6635971069336,73.01126861572266,70.19828033447266,72.2527084350586,69.98518371582031,26242
2015-06-05,71.43093872070312,73.99107360839844,70.16667175292969,71.20968627929688,68.97489166259766,59365
2015-06-08,71.46253967285156,71.46253967285156,68.90240478515625,69.28168487548828,67.10740661621094,28941
2015-06-09,68.90240478515625,69.40811157226562,64.287841796875,66.50030517578125,64.41331481933594,120527
2015-06-10,66.08941650390625,71.43093872070312,66.05781555175781,70.51434326171875,68.3013687133789,64524
2015-06-11,70.45113372802734,71.39933013916016,66.43709564208984,66.91119384765625,64.8113021850586,20669
2015-06-12,65.74174499511719,73.95946502685547,65.74174499511719,69.53453826904297,67.35230255126953,59628
2015-06-15,68.2386703491211,69.72418212890625,63.213218688964844,64.287841796875,62.27028274536133,80703
2015-06-16,64.50908660888672,66.2158432006836,61.380035400390625,63.46607208251953,61.474300384521484,54097
2015-06-17,63.213218688964844,65.45729064941406,63.02357864379883,64.16141510009766,62.14781951904297,91104
2015-06-18,65.10961151123047,67.63814544677734,64.19302368164062,66.68994140625,64.59700012207031,37311
2015-06-19,67.44850158691406,69.40811157226562,63.8453483581543,64.66712188720703,62.637657165527344,70154
2015-06-22,65.67853546142578,66.3738784790039,62.675907135009766,64.19302368164062,62.178436279296875,116625
2015-06-23,65.04640197753906,66.2158432006836,64.25623321533203,64.98318481445312,62.94379806518555,25421
2015-06-24,67.60653686523438,67.63814544677734,64.00337982177734,65.23603820800781,63.188724517822266,44615
2015-06-25,65.39407348632812,65.52050018310547,62.92876052856445,64.06659698486328,62.05597686767578,41152
2015-06-26,64.88836669921875,64.95158386230469,63.40285873413086,63.971778869628906,61.96413040161133,29655
2015-06-29,62.612693786621094,63.213218688964844,60.90593719482422,62.897151947021484,60.92323684692383,23302
2015-06-30,62.04377365112305,65.52050018310547,62.04377365112305,64.09820556640625,62.08659362792969,17278
2015-07-01,65.07801055908203,65.5837173461914,63.8453483581543,64.85676574707031,62.821346282958984,20794
2015-07-02,64.47748565673828,70.04024505615234,64.12980651855469,66.84797668457031,64.75006866455078,99782
2015-07-03,68.11224365234375,70.13506317138672,66.68994140625,67.54332733154297,65.4236068725586,45156
2015-07-06,66.97440338134766,69.40811157226562,65.77335357666016,68.93401336669922,66.77063751220703,26731
2015-07-07,69.1236572265625,71.90503692626953,67.95420837402344,69.0288314819336,66.86248016357422,71818
2015-07-08,68.3018798828125,68.45991516113281,66.05781555175781,67.25886535644531,65.14805603027344,59516
2015-07-09,68.20706176757812,68.52313232421875,62.32823181152344,63.33964538574219,61.351844787597656,209290
2015-07-10,63.65571212768555,65.55210876464844,62.012168884277344,63.1183967590332,61.137535095214844,94905
2015-07-13,65.04640197753906,65.04640197753906,62.960365295410156,64.44587707519531,62.42334747314453,63035
2015-07-14,65.64692687988281,66.3106689453125,62.83393859863281,64.2246322631836,62.209049224853516,77637
2015-07-15,64.19302368164062,70.16667175292969,63.971778869628906,68.99723052978516,66.83187103271484,258762
2015-07-16,70.13506317138672,73.26412200927734,69.53453826904297,70.41952514648438,68.20952606201172,303191
2015-07-17,70.45113372802734,72.69519805908203,69.69257354736328,70.29309844970703,68.08707427978516,64340
2015-07-20,71.43093872070312,71.43093872070312,67.9858169555664,68.68115997314453,66.52571868896484,67443
2015-07-21,68.90240478515625,69.0288314819336,67.00601196289062,67.29047393798828,65.17867279052734,51359
2015-07-22,66.40548706054688,70.41952514648438,65.61531829833984,68.74437713623047,66.58695983886719,70393
2015-07-23,69.8506088256836,75.2237319946289,68.27027893066406,69.25008392333984,67.07678985595703,53387
2015-07-24,73.16929626464844,73.16929626464844,68.27027893066406,68.96562194824219,66.80126190185547,30270
2015-07-27,69.8506088256836,69.8506088256836,66.46869659423828,68.20706176757812,66.06649780273438,44550
2015-07-28,67.32207489013672,69.97703552246094,66.75315856933594,68.17545318603516,66.035888671875,70686
2015-07-29,67.8277816772461,68.99723052978516,67.32207489013672,67.54332733154297,65.4236068725586,32841
2015-07-30,68.08063507080078,70.67237854003906,68.08063507080078,69.81900024414062,67.62784576416016,49825
2015-07-31,69.53453826904297,70.73558807373047,67.8277816772461,68.04902648925781,65.91342163085938,55015
2015-08-03,70.16667175292969,73.83303833007812,67.51171875,72.22109985351562,69.95457458496094,112898
2015-08-04,73.51697540283203,74.59159851074219,70.29309844970703,71.9366455078125,69.67903900146484,90395
2015-08-05,72.12628173828125,74.14910125732422,68.3967056274414,68.87080383300781,66.70940399169922,174868
2015-08-06,69.34490203857422,69.94542694091797,68.11224365234375,68.74437713623047,66.58695983886719,62100
2015-08-07,68.74437713623047,69.81900024414062,67.63814544677734,68.83919525146484,66.67879486083984,64356
2015-08-10,69.50293731689453,76.17192840576172,68.87080383300781,73.58018493652344,71.27099609375,491712
2015-08-11,74.2755355834961,74.30713653564453,70.16667175292969,71.0516586303711,68.82181549072266,109600
2015-08-12,69.5977554321289,71.39933013916016,68.04902648925781,68.33348846435547,66.18895721435547,66835
2015-08-13,70.67237854003906,70.7988052368164,67.06922149658203,67.5749282836914,65.4542007446289,57946
2015-08-14,66.3738784790039,67.25886535644531,63.71892547607422,64.60391235351562,62.57643127441406,100137
2015-08-17,64.60391235351562,68.90240478515625,62.581085205078125,67.25886535644531,65.14805603027344,86337
2015-08-18,68.14385223388672,71.1148681640625,66.6267318725586,69.34490203857422,67.16863250732422,66924
2015-08-19,70.67237854003906,72.56877136230469,68.08063507080078,71.27290344238281,69.0361328125,94507
2015-08-20,70.95684051513672,72.69519805908203,69.53453826904297,70.6407699584961,68.423828125,112340
2015-08-21,68.90240478515625,70.16667175292969,67.19564819335938,69.5977554321289,67.4135513305664,45199
2015-08-24,67.16404724121094,68.27027893066406,57.68206024169922,59.57845687866211,57.70869064331055,200503
2015-08-25,60.7162971496582,63.181610107421875,56.60743713378906,58.535438537597656,56.69841003417969,73038
2015-08-26,58.59865188598633,62.45465850830078,56.575828552246094,59.07275390625,57.21885681152344,65641
2015-08-27,59.57845687866211,61.8857421875,59.57845687866211,60.368621826171875,58.474056243896484,42464
2015-08-28,61.53806686401367,62.960365295410156,60.05255889892578,60.7162971496582,58.810821533203125,31112
2015-08-31,60.21059036254883,60.684688568115234,56.575828552246094,59.23078536987305,57.37192916870117,79295
2015-09-01,58.28258514404297,60.11577224731445,57.14474868774414,58.69347381591797,56.85148239135742,32705
2015-09-02,58.946327209472656,60.05255889892578,57.0183219909668,57.71366882324219,55.902427673339844,37392
2015-09-03,58.472225189208984,60.7162971496582,58.40901565551758,60.43183517456055,58.53528594970703,65272
2015-09-04,60.11577224731445,60.11577224731445,57.74527359008789,59.199180603027344,57.341312408447266,65573
2015-09-07,58.81990051269531,59.67327880859375,53.09910202026367,56.354583740234375,54.58599090576172,102758
2015-09-08,55.62763214111328,56.386192321777344,53.73123550415039,55.0903205871582,53.361412048339844,43973
2015-09-09,55.31156539916992,62.201805114746094,54.42658233642578,61.25360870361328,59.331275939941406,115477
2015-09-10,60.43183517456055,65.39407348632812,58.28258514404297,63.276432037353516,61.29060745239258,200768
2015-09-11,65.07801055908203,66.05781555175781,62.581085205078125,63.43446350097656,61.44368362426758,44987
2015-09-14,64.95158386230469,65.74174499511719,63.560890197753906,65.4256820678711,63.37240982055664,62072
2015-09-15,66.34226989746094,67.32207489013672,64.03498840332031,66.87958526611328,64.78068542480469,30727
2015-09-16,67.5749282836914,72.03146362304688,65.74174499511719,69.21847534179688,67.04617309570312,117733
2015-09-18,71.43093872070312,75.539794921875,68.90240478515625,72.97966003417969,70.68931579589844,120182
2015-09-21,72.18949127197266,74.52838134765625,70.19828033447266,73.73822021484375,71.424072265625,52802
2015-09-22,74.90766143798828,78.70045471191406,73.51697540283203,74.37035369873047,72.03636169433594,233449
2015-09-23,74.84445190429688,78.41600036621094,72.75841522216797,77.34136962890625,74.91413879394531,124633
2015-09-24,76.6776351928711,78.95330810546875,74.84445190429688,75.4765853881836,73.10787963867188,69944
2015-09-28,75.00248718261719,78.38439178466797,74.59159851074219,76.39317321777344,73.9957046508789,558506
2015-09-29,75.85586547851562,76.36156463623047,73.26412200927734,75.28694152832031,72.92418670654297,37977
2015-09-30,77.72064971923828,81.41862487792969,74.97087860107422,80.21757507324219,77.70008087158203,162399
2015-10-01,81.22898864746094,82.87252807617188,79.68025970458984,81.82951354980469,79.26143646240234,162151
2015-10-05,82.17718505859375,83.72590637207031,81.00773620605469,81.79790496826172,79.2308120727539,175835
2015-10-06,82.61967468261719,84.01036834716797,81.03934478759766,81.4818344116211,78.9246597290039,70246
2015-10-07,82.49324798583984,83.44144439697266,80.40721130371094,80.7548828125,78.22052001953125,42598
2015-10-08,82.65128326416016,82.65128326416016,76.48799133300781,78.95330810546875,76.4754867553711,51300
2015-10-09,80.7548828125,81.4818344116211,78.44760131835938,78.73206329345703,76.26118469238281,46933
2015-10-12,81.19738006591797,81.19738006591797,78.06832122802734,79.52223205566406,77.02656555175781,40974
2015-10-13,79.52223205566406,83.31502532958984,77.84707641601562,82.08236694335938,79.50635528564453,68049
2015-10-14,83.31502532958984,93.36592102050781,83.12538146972656,91.31149291992188,88.44584655761719,605688
2015-10-15,93.5555648803711,97.66442108154297,93.5555648803711,95.6416015625,92.64006042480469,552632
2015-10-16,95.19910430908203,96.33694458007812,91.72238159179688,91.72238159179688,88.84382629394531,99390
2015-10-19,89.95240783691406,98.48619079589844,89.95240783691406,95.51517486572266,92.51759338378906,372448
2015-10-20,95.89445495605469,114.6055679321289,94.97785949707031,113.18326568603516,109.6312026977539,2411144
2015-10-21,111.50811767578125,111.50811767578125,104.30181121826172,105.56607818603516,102.25306701660156,622186
2015-10-23,106.19820404052734,112.39310455322266,102.5318374633789,106.64070129394531,103.29396057128906,590642
2015-10-26,107.43086242675781,108.75833892822266,101.96292114257812,102.68987274169922,99.46712493896484,221336
2015-10-27,100.856689453125,110.24385070800781,100.47740936279297,108.78994750976562,105.37576293945312,448762
2015-10-28,109.35887145996094,113.3096923828125,107.58889770507812,108.91637420654297,105.49822235107422,403084
2015-10-29,110.62313079833984,113.7205810546875,108.22103118896484,109.48529052734375,106.04928588867188,244586
2015-10-30,110.55992126464844,110.55992126464844,102.72148132324219,103.38521575927734,100.14065551757812,177480
2015-11-02,103.03754425048828,105.25000762939453,101.29918670654297,104.04895782470703,100.78356170654297,122736
2015-11-03,104.58627319335938,109.99099731445312,104.5546646118164,108.91637420654297,105.49822235107422,327615
2015-11-04,108.1578140258789,111.19205474853516,106.51427459716797,107.27283477783203,103.90626525878906,179079
2015-11-05,107.46247100830078,108.53709411621094,103.669677734375,104.61787414550781,101.33462524414062,143376
2015-11-06,104.3966293334961,105.53446960449219,102.15255737304688,102.9427261352539,99.71205139160156,45677
2015-11-09,101.14115142822266,108.66352081298828,98.73904418945312,107.77853393554688,104.39608764648438,178056
2015-11-10,108.72673797607422,110.0226058959961,104.93394470214844,106.13499450683594,102.80413055419922,197079
2015-11-13,105.02876281738281,107.39926147460938,103.22718811035156,104.99715423583984,101.70199584960938,96106
2015-11-16,103.669677734375,106.64070129394531,103.669677734375,105.5976791381836,102.28367614746094,68830
2015-11-17,106.04017639160156,108.53709411621094,103.82771301269531,105.3448257446289,102.03876495361328,117826
2015-11-18,105.47125244140625,106.83033752441406,104.58627319335938,105.78732299804688,102.46736907958984,98898
2015-11-19,106.83033752441406,118.1455078125,106.13499450683594,116.75481414794922,113.0906753540039,702615
2015-11-20,118.08229064941406,120.57921600341797,116.31232452392578,117.54498291015625,113.85602569580078,521403
2015-11-23,119.09370422363281,119.09370422363281,114.41592407226562,115.6485824584961,112.0191421508789,184467
2015-11-24,115.04805755615234,118.2087173461914,115.04805755615234,115.6485824584961,112.0191421508789,62346
2015-11-26,116.81803131103516,124.75128936767578,115.68019104003906,119.50459289550781,115.75414276123047,451476
2015-11-27,119.44137573242188,120.2315444946289,102.4686279296875,108.94798278808594,105.52884674072266,494883
2015-11-30,108.4106674194336,109.89617919921875,104.93394470214844,109.26404571533203,105.8349838256836,219370
2015-12-01,107.27283477783203,111.57132720947266,106.19820404052734,106.83033752441406,103.47764587402344,143950
2015-12-02,107.2096176147461,108.0946044921875,104.93394470214844,106.0085678100586,102.68167114257812,297915
2015-12-03,104.93394470214844,107.33604431152344,102.72148132324219,103.57485961914062,100.3243408203125,379162
2015-12-04,102.08934783935547,104.8707275390625,101.14115142822266,102.5318374633789,99.31404876708984,398642
2015-12-07,104.30181121826172,105.47125244140625,100.50901794433594,101.71006774902344,98.51808166503906,129790
2015-12-08,102.72148132324219,110.1806411743164,101.267578125,105.78732299804688,102.46736907958984,409680
2015-12-09,106.19820404052734,106.19820404052734,101.14115142822266,101.7416763305664,98.5487060546875,172288
2015-12-10,101.89971160888672,103.95413970947266,98.043701171875,100.63544464111328,97.47718048095703,319872
2015-12-11,103.48004150390625,106.45105743408203,98.10691833496094,99.6556396484375,96.52812194824219,143267
2015-12-14,100.28777313232422,104.23859405517578,97.9804916381836,102.21577453613281,99.00790405273438,75609
2015-12-15,104.30181121826172,105.21839904785156,102.15255737304688,104.1437759399414,100.87540435791016,68914
2015-12-16,105.53446960449219,105.53446960449219,103.03754425048828,104.01734924316406,100.75294494628906,131148
2015-12-17,106.19820404052734,109.04280090332031,104.45984649658203,107.74693298339844,104.365478515625,385308
2015-12-18,107.96817779541016,110.24385070800781,105.56607818603516,106.8935546875,103.53888702392578,169035
2015-12-21,104.99715423583984,111.3184814453125,104.99715423583984,107.96817779541016,104.57978820800781,162127
2015-12-22,107.96817779541016,110.30706787109375,103.51164245605469,106.22981262207031,102.8959732055664,112106
2015-12-23,106.9567642211914,109.99099731445312,105.43965148925781,107.30443572998047,103.9368667602539,129041
2015-12-24,107.46247100830078,113.46772766113281,105.56607818603516,110.71794891357422,107.2432632446289,216317
2015-12-28,111.88739776611328,115.68019104003906,109.6117172241211,115.14287567138672,111.5293197631836,280533
2015-12-29,115.96464538574219,117.51337432861328,110.11742401123047,112.32988739013672,108.80460357666016,286169
2015-12-30,114.41592407226562,117.2605209350586,113.7837905883789,114.4475326538086,110.85579681396484,276328
2015-12-31,115.45894622802734,115.45894622802734,111.3816909790039,113.34130096435547,109.78428649902344,124965
2016-01-01,113.15166473388672,114.79520416259766,112.48792266845703,114.1314697265625,110.54964447021484,94541
2016-01-04,115.01644897460938,115.2376937866211,111.25526428222656,112.14025115966797,108.62092590332031,95155
2016-01-05,112.51953125,117.57658386230469,111.57132720947266,113.65736389160156,110.0904312133789,167964
2016-01-06,114.38431549072266,117.51337432861328,113.12005615234375,113.94182586669922,110.36595916748047,225503
2016-01-07,111.88739776611328,113.75218963623047,108.0946044921875,108.31584930419922,104.91654968261719,104894
2016-01-08,109.04280090332031,112.32988739013672,108.0946044921875,109.86457061767578,106.41666412353516,81452
2016-01-11,108.72673797607422,111.76097106933594,106.19820404052734,110.9708023071289,107.4881820678711,76378
2016-01-12,111.88739776611328,113.46772766113281,108.0946044921875,111.69775390625,108.19232177734375,84135
2016-01-13,111.25526428222656,113.7837905883789,102.40541076660156,103.22718811035156,99.98758697509766,256164
2016-01-14,101.64685821533203,103.669677734375,98.73904418945312,102.68987274169922,99.46712493896484,99082
2016-01-15,104.30181121826172,104.30181121826172,93.5555648803711,95.1675033569336,92.18083190917969,70078
2016-01-18,94.81982421875,98.23333740234375,84.07357788085938,86.94978332519531,84.22101593017578,93001
2016-01-19,87.73994445800781,94.18769836425781,86.60211181640625,92.417724609375,89.5173568725586,53816
2016-01-20,90.90060424804688,90.90060424804688,84.57928466796875,88.24565124511719,85.4762191772461,251020
2016-01-21,90.86900329589844,92.22808837890625,86.53889465332031,90.90060424804688,88.04784393310547,134870
2016-01-22,91.65916442871094,96.49497985839844,90.7425765991211,95.26232147216797,92.27267456054688,133247
2016-01-25,95.38874816894531,100.3825912475586,94.81982421875,97.12711334228516,94.07894897460938,129675
2016-01-27,97.9804916381836,102.40541076660156,97.9804916381836,100.00331115722656,96.86487579345703,62872
2016-01-28,99.27635955810547,101.01472473144531,96.71622467041016,97.47478485107422,94.41570281982422,26687
2016-01-29,98.61261749267578,101.14115142822266,94.81982421875,96.5265884399414,93.49727630615234,68487
2016-02-01,98.9286880493164,99.62403106689453,95.230712890625,95.6416015625,92.64006042480469,42872
2016-02-02,97.60121154785156,97.6328125,89.32027435302734,90.90060424804688,88.04784393310547,46525
2016-02-03,90.0788345336914,94.69339752197266,86.60211181640625,89.63634490966797,86.82324981689453,56404
2016-02-04,90.39490509033203,90.93221282958984,86.60211181640625,88.21404266357422,85.44559478759766,26872
2016-02-05,88.49850463867188,90.3316879272461,86.63371276855469,88.75135803222656,85.96605682373047,24056
2016-02-08,87.23423767089844,91.02703094482422,86.4756851196289,89.73116302490234,86.91510772705078,20511
2016-02-09,87.86637115478516,90.96382141113281,82.99895477294922,84.20000457763672,81.55752563476562,42989
2016-02-10,83.44144439697266,84.23161315917969,77.43619537353516,80.3756103515625,77.85316467285156,86644
2016-02-11,80.3756103515625,81.4818344116211,69.913818359375,71.14647674560547,68.9136734008789,65242
2016-02-12,70.7988052368164,75.16051483154297,67.13243865966797,73.67500305175781,71.36283874511719,72766
2016-02-15,75.88746643066406,82.14557647705078,73.99107360839844,78.54242706298828,76.07750701904297,55314
2016-02-16,77.53101348876953,79.6486587524414,73.32733154296875,74.8128433227539,72.46497344970703,51734
2016-02-17,74.08589172363281,75.539794921875,69.53453826904297,73.9278564453125,71.60775756835938,54686
2016-02-18,76.45639038085938,80.66006469726562,75.85586547851562,78.0367202758789,75.5876693725586,71809
2016-02-19,77.1517333984375,79.61705017089844,77.12012481689453,78.47920989990234,76.01628875732422,20049
2016-02-22,77.75225830078125,81.22898864746094,75.91907501220703,79.80668640136719,77.30209350585938,35440
2016-02-23,80.66006469726562,84.23161315917969,79.01652526855469,82.46163940429688,79.87372589111328,80255
2016-02-24,82.17718505859375,85.21141815185547,81.51344299316406,83.978759765625,81.34323120117188,72418
2016-02-25,81.92433166503906,87.04460144042969,81.86111450195312,84.26322174072266,81.61875915527344,35579
2016-02-26,84.73731994628906,85.62230682373047,82.93574523925781,84.8637466430664,82.20044708251953,18619
2016-02-29,85.5906982421875,85.5906982421875,77.68904876708984,82.14557647705078,79.56756591796875,37136
2016-03-01,84.7057113647461,85.62230682373047,80.09114837646484,84.42124938964844,81.77184295654297,12318
2016-03-02,86.60211181640625,88.49850463867188,84.7057113647461,86.12801361083984,83.42501831054688,56831
2016-03-03,86.380859375,89.09902954101562,86.34925842285156,87.29745483398438,84.55778503417969,33530
2016-03-04,87.48709106445312,88.94099426269531,85.33784484863281,87.80316162109375,85.04761505126953,38813
2016-03-08,85.55908966064453,92.22808837890625,85.55908966064453,88.18244171142578,85.41499328613281,52587
2016-03-09,87.86637115478516,90.20526123046875,85.55908966064453,88.62493133544922,85.84358978271484,153980
2016-03-10,88.75135803222656,93.23949432373047,87.86637115478516,90.77418518066406,87.9253921508789,127595
2016-03-11,92.32290649414062,93.87162780761719,90.90060424804688,93.23949432373047,90.31333923339844,148598
2016-03-14,93.42913818359375,96.4317626953125,88.65653991699219,90.11044311523438,87.2824935913086,213922
2016-03-15,90.3316879272461,94.18769836425781,89.00421142578125,91.9436264038086,89.0581283569336,236232
2016-03-16,94.15608978271484,94.15608978271484,89.32027435302734,90.77418518066406,87.9253921508789,60132
2016-03-17,91.65916442871094,92.76539611816406,90.36329650878906,90.93221282958984,88.0784683227539,30461
2016-03-18,91.65916442871094,91.65916442871094,88.8777847290039,90.04723358154297,87.22125244140625,74125
2016-03-21,89.38349151611328,92.86021423339844,89.38349151611328,91.50113677978516,88.62953186035156,12093
2016-03-22,91.65916442871094,93.5555648803711,89.2886734008789,90.39490509033203,87.55802917480469,12894
2016-03-23,91.02703094482422,91.59595489501953,89.76277160644531,90.3316879272461,87.49678039550781,7360
2016-03-28,91.2166748046875,91.2166748046875,87.9927978515625,89.22545623779297,86.42526245117188,296295
2016-03-29,88.7197494506836,89.88919830322266,87.86637115478516,89.5415267944336,86.73141479492188,81451
2016-03-30,90.11044311523438,97.34835815429688,90.0788345336914,94.40894317626953,91.44609069824219,105917
2016-03-31,95.38874816894531,96.55818939208984,93.42913818359375,94.5037612915039,91.53792572021484,59822
2016-04-01,94.37733459472656,99.2447509765625,94.21929931640625,96.02088165283203,93.00743103027344,40959
2016-04-04,95.83123779296875,96.5265884399414,94.18769836425781,95.230712890625,92.24205780029297,28299
2016-04-05,95.45195770263672,95.45195770263672,93.5555648803711,94.66179656982422,91.69099426269531,20467
2016-04-06,94.81982421875,96.71622467041016,94.25090789794922,95.79962921142578,92.79312896728516,294495
2016-04-07,95.45195770263672,97.79084777832031,90.64775848388672,92.57575988769531,89.67042541503906,45479
2016-04-08,92.29129791259766,94.63018798828125,91.34310150146484,92.86021423339844,89.94596862792969,23215
2016-04-11,93.04985809326172,94.66179656982422,92.29129791259766,92.38611602783203,89.48672485351562,21297
2016-04-12,94.81982421875,96.40016174316406,93.23949432373047,94.21929931640625,91.26239776611328,39619
2016-04-13,95.7048110961914,96.71622467041016,93.68199157714844,94.5037612915039,91.53792572021484,13005
2016-04-18,92.92343139648438,97.9804916381836,92.92343139648438,97.2535400390625,94.20140075683594,46078
2016-04-20,99.2447509765625,105.25000762939453,98.23333740234375,104.33341979980469,101.05909729003906,249506
2016-04-21,105.56607818603516,105.94535064697266,101.80488586425781,103.29039764404297,100.04881286621094,50565
2016-04-22,102.8795166015625,102.8795166015625,98.99189758300781,99.52921295166016,96.4056625366211,52357
2016-04-25,100.22455596923828,100.50901794433594,97.60121154785156,98.73904418945312,95.6402816772461,42674
2016-04-26,98.10691833496094,99.11832427978516,96.4317626953125,98.61261749267578,95.51783752441406,52036
2016-04-27,98.043701171875,100.73026275634766,98.043701171875,99.43439483642578,96.31382751464844,21504
2016-04-28,98.043701171875,100.3825912475586,96.17890930175781,99.43439483642578,96.31382751464844,53153
2016-04-29,99.43439483642578,103.32200622558594,97.6328125,101.89971160888672,98.70176696777344,35521
2016-05-02,104.42823791503906,105.25000762939453,100.00331115722656,104.01734924316406,100.75294494628906,127198
2016-05-03,105.21839904785156,105.43965148925781,101.77328491210938,103.92253112792969,100.6611099243164,46058
2016-05-04,102.40541076660156,104.30181121826172,101.93131256103516,102.72148132324219,99.49774932861328,27685
2016-05-05,102.21577453613281,103.54325103759766,100.95150756835938,102.21577453613281,99.00790405273438,22055
2016-05-06,101.14115142822266,103.1955795288086,101.14115142822266,102.9427261352539,99.71205139160156,10170
2016-05-09,104.8707275390625,104.8707275390625,98.67583465576172,100.3825912475586,97.23224639892578,21894
2016-05-10,99.30796813964844,101.23596954345703,98.67583465576172,99.27635955810547,96.16073608398438,14583
2016-05-11,98.61261749267578,99.78206634521484,96.71622467041016,98.80226135253906,95.70152282714844,3853
2016-05-12,96.93746948242188,118.55638885498047,96.93746948242188,114.00503540039062,110.42718505859375,1311758
2016-05-13,114.00503540039062,116.88124084472656,108.884765625,109.7697525024414,106.32482147216797,165746
2016-05-16,109.6117172241211,111.44490051269531,108.1578140258789,109.80136108398438,106.35543060302734,32893
2016-05-17,111.25526428222656,115.04805755615234,108.53709411621094,109.45368957519531,106.0186767578125,89971
2016-05-18,110.14903259277344,111.25526428222656,106.57748413085938,109.13761901855469,105.7125244140625,22376
2016-05-19,109.99099731445312,110.40188598632812,106.4194564819336,107.14640808105469,103.78379821777344,32803
2016-05-20,106.19820404052734,109.86457061767578,104.93394470214844,107.77853393554688,104.39608764648438,24178
2016-05-23,109.99099731445312,109.99099731445312,104.42823791503906,105.06037139892578,101.76323699951172,20125
2016-05-24,104.93394470214844,104.93394470214844,100.16134643554688,101.20436096191406,98.02822875976562,45525
2016-05-25,101.36239624023438,105.72410583496094,100.22455596923828,101.45721435546875,98.27315521240234,38256
2016-05-26,103.669677734375,104.30181121826172,101.14115142822266,101.5836410522461,98.3956069946289,8401
2016-05-27,101.14115142822266,106.19820404052734,100.63544464111328,101.20436096191406,98.02822875976562,28248
2016-05-30,102.91111755371094,102.91111755371094,99.40278625488281,99.6556396484375,96.52812194824219,4310
2016-05-31,99.52921295166016,105.56607818603516,99.52921295166016,102.97433471679688,99.74266815185547,36663
2016-06-01,104.93394470214844,111.44490051269531,103.51164245605469,107.33604431152344,103.96748352050781,101144
2016-06-02,108.28424072265625,111.25526428222656,106.51427459716797,109.35887145996094,105.92684173583984,35038
2016-06-03,111.85578918457031,111.85578918457031,105.09197235107422,106.32463073730469,102.9878158569336,26772
2016-06-06,105.56607818603516,109.35887145996094,104.36502075195312,104.96554565429688,101.67137908935547,13092
2016-06-07,106.76712799072266,111.41329956054688,105.37643432617188,109.39047241210938,105.95743560791016,42687
2016-06-08,121.36937713623047,126.26840209960938,116.94445037841797,118.0506820678711,114.34587097167969,2016095
2016-06-09,118.24032592773438,119.28334045410156,114.47914123535156,116.15428924560547,112.50898742675781,187767
2016-06-10,116.31232452392578,116.31232452392578,111.88739776611328,112.5827407836914,109.04952239990234,141250
2016-06-13,111.3184814453125,112.51953125,108.34745788574219,111.2236557006836,107.73309326171875,44039
2016-06-14,109.73814392089844,117.4185562133789,109.73814392089844,115.3957290649414,111.77423858642578,117329
2016-06-15,115.52215576171875,116.1226806640625,112.64595794677734,113.81539916992188,110.24349212646484,47964
2016-06-16,115.04805755615234,115.04805755615234,109.295654296875,112.108642578125,108.5903091430664,64972
2016-06-17,113.84700775146484,126.42643737792969,113.84700775146484,119.72583770751953,115.96845245361328,734333
2016-06-20,120.04190063476562,123.64505767822266,118.96727752685547,122.98131561279297,119.12175750732422,303555
2016-06-21,123.26577758789062,123.771484375,119.47298431396484,120.04190063476562,116.27458953857422,87355
2016-06-22,120.70564270019531,123.26577758789062,118.2087173461914,118.65121459960938,114.92755126953125,96305
2016-06-23,119.37816619873047,121.62223052978516,116.62838745117188,117.45015716552734,113.76419067382812,62689
2016-06-24,115.68019104003906,116.21749877929688,109.99099731445312,114.8584213256836,111.2537841796875,116538
2016-06-27,117.86104583740234,121.36937713623047,115.68019104003906,119.78904724121094,116.02967834472656,99116
2016-06-28,120.67403411865234,124.53003692626953,118.8724594116211,121.96990203857422,118.14208221435547,147448
2016-06-29,122.82328033447266,123.55023956298828,120.10511779785156,120.61082458496094,116.8256607055664,51304
2016-06-30,121.59062957763672,123.26577758789062,120.83206939697266,121.71704864501953,117.89716339111328,76240
2016-07-01,122.53882598876953,122.69685363769531,119.59941101074219,120.35797119140625,116.58074188232422,55067
2016-07-04,120.10511779785156,123.20256042480469,120.10511779785156,122.12793731689453,118.295166015625,69882
2016-07-05,121.93830108642578,123.13935089111328,121.05331420898438,122.6336441040039,118.78499603271484,92282
2016-07-07,122.82328033447266,139.00587463378906,122.31758117675781,131.04100036621094,126.92848205566406,1050427
2016-07-08,131.04100036621094,134.32809448242188,129.5554962158203,131.83116149902344,127.6938705444336,188419
2016-07-11,132.96900939941406,138.40533447265625,131.6731414794922,134.4545135498047,130.23487854003906,180840
2016-07-12,133.5695343017578,139.7012176513672,132.08401489257812,136.54055786132812,132.25546264648438,286883
2016-07-13,137.52035522460938,137.52035522460938,131.2622528076172,131.70474243164062,127.5714111328125,89288
2016-07-14,132.55812072753906,138.43695068359375,130.25083923339844,136.95143127441406,132.65345764160156,138412
2016-07-15,137.10946655273438,137.64678955078125,134.01202392578125,134.92861938476562,130.69410705566406,68738
2016-07-18,134.83380126953125,137.10946655273438,130.53529357910156,131.73634338378906,127.60203552246094,56094
2016-07-19,132.0524139404297,134.29647827148438,129.27102661132812,133.12704467773438,128.94906616210938,49127
2016-07-20,133.9804229736328,135.90841674804688,132.4316864013672,133.69595336914062,129.50013732910156,47853
2016-07-21,133.9804229736328,135.84519958496094,132.11563110351562,132.52651977539062,128.3673858642578,48915
2016-07-22,132.71615600585938,135.2762908935547,131.9259796142578,134.48611450195312,130.2655029296875,56360
2016-07-25,134.8654022216797,138.3737335205078,134.01202392578125,136.41412353515625,132.13299560546875,84903
2016-07-26,135.87681579589844,136.50894165039062,131.98919677734375,134.67576599121094,130.44918823242188,78211
2016-07-27,134.0436248779297,142.4193878173828,134.01202392578125,137.425537109375,133.11265563964844,202291
2016-07-28,138.59498596191406,141.50279235839844,137.8048095703125,139.54318237304688,135.1638641357422,88740
2016-07-29,139.47996520996094,140.83905029296875,137.1726837158203,138.53176879882812,134.18418884277344,63828
2016-08-01,139.2903289794922,145.10594177246094,138.2156982421875,142.4825897216797,138.01101684570312,279159
2016-08-02,142.54580688476562,149.40444946289062,141.75564575195312,145.80128479003906,141.22555541992188,263217
2016-08-03,147.19198608398438,147.91893005371094,139.06907653808594,141.2815399169922,136.84765625,134628
2016-08-04,142.7986602783203,148.48785400390625,140.33334350585938,142.16653442382812,137.70486450195312,100195
2016-08-05,143.33596801757812,145.2007598876953,140.96548461914062,143.74685668945312,139.23561096191406,85031
2016-08-08,145.13754272460938,146.4966278076172,142.9250946044922,144.94790649414062,140.3989715576172,90280
2016-08-09,145.89610290527344,146.0225372314453,134.83380126953125,139.00587463378906,134.64340209960938,279277
2016-08-10,139.22711181640625,142.229736328125,137.8048095703125,140.45977783203125,136.0516815185547,71946
2016-08-11,139.06907653808594,147.855712890625,137.9944610595703,140.68101501464844,136.2659912109375,684859
2016-08-12,142.19813537597656,142.19813537597656,135.9716339111328,137.0462646484375,132.74530029296875,128661
2016-08-16,135.94003295898438,139.06907653808594,135.2446746826172,135.49752807617188,131.2451629638672,65571
2016-08-17,133.5379180908203,136.3825225830078,129.90316772460938,130.66172790527344,126.56112670898438,79110
2016-08-18,130.21922302246094,133.790771484375,129.27102661132812,130.8513641357422,126.74481964111328,52220
2016-08-19,132.08401489257812,135.2762908935547,130.0612030029297,133.9488067626953,129.74505615234375,83635
2016-08-22,132.55812072753906,135.8135986328125,130.88296508789062,134.64414978027344,130.4185791015625,38737
2016-08-23,133.44309997558594,138.68980407714844,133.4114990234375,137.23590087890625,132.92898559570312,158294
2016-08-24,137.10946655273438,138.59498596191406,134.96022033691406,137.14108276367188,132.83714294433594,38730
2016-08-25,136.54055786132812,143.49400329589844,135.9716339111328,139.35354614257812,134.9801788330078,109758
2016-08-26,142.1033172607422,144.1261444091797,139.06907653808594,142.2613525390625,137.79673767089844,87522
2016-08-29,142.83026123046875,147.3184051513672,140.9022674560547,141.81886291503906,137.3681182861328,142968
2016-08-30,141.9768829345703,144.15774536132812,141.81886291503906,142.54580688476562,138.072265625,268988
2016-08-31,145.16915893554688,151.07958984375,142.4193878173828,145.54843139648438,140.9806365966797,180664
2016-09-01,146.21217346191406,148.4246368408203,145.39039611816406,146.37020874023438,141.77664184570312,122401
2016-09-02,146.59146118164062,148.2666015625,144.72666931152344,145.042724609375,140.4907989501953,71774
2016-09-06,146.5282440185547,147.91893005371094,139.1955108642578,146.1173553466797,141.53172302246094,158121
2016-09-07,147.25518798828125,159.58177185058594,145.0743408203125,155.0936279296875,150.22625732421875,533386
2016-09-08,155.88380432128906,158.50714111328125,152.34385681152344,155.94700622558594,151.0528564453125,327108
2016-09-09,154.8723907470703,161.06727600097656,153.60812377929688,157.938232421875,152.98159790039062,143549
2016-09-12,154.8723907470703,158.9496307373047,151.71173095703125,155.47291564941406,150.59365844726562,174020
2016-09-14,154.01901245117188,167.3885955810547,154.01901245117188,164.44918823242188,159.28823852539062,401197
2016-09-15,164.1963348388672,166.1243438720703,161.920654296875,163.9434814453125,158.79840087890625,238111
2016-09-16,164.5756072998047,168.55804443359375,163.1533203125,164.4807891845703,159.31884765625,235384
2016-09-19,167.45181274414062,173.14100646972656,166.5984344482422,169.75909423828125,164.43148803710938,518521
2016-09-20,170.5492706298828,173.14100646972656,168.779296875,170.83372497558594,165.47239685058594,170301
2016-09-21,171.8135223388672,176.807373046875,171.21299743652344,173.77313232421875,168.319580078125,170315
2016-09-22,175.8591766357422,181.29551696777344,174.7845458984375,179.55714416503906,173.92205810546875,290934
2016-09-23,181.20068359375,186.35256958007812,178.2612762451172,179.90481567382812,174.25881958007812,382650
2016-09-26,176.99700927734375,183.98207092285156,174.46849060058594,178.35609436035156,172.75869750976562,272935
2016-09-27,176.36488342285156,181.92764282226562,173.8363494873047,175.57472229003906,170.06459045410156,206523
2016-09-28,176.99700927734375,192.80032348632812,175.10061645507812,186.6054229736328,180.74913024902344,746590
2016-09-29,187.45880126953125,192.16818237304688,164.5124053955078,170.99176025390625,165.62547302246094,471126
2016-09-30,170.359619140625,178.5773468017578,170.359619140625,175.51150512695312,170.00338745117188,250359
2016-10-03,177.24986267089844,186.9846954345703,177.24986267089844,184.23492431640625,178.45303344726562,319657
2016-10-04,186.35256958007812,187.86968994140625,182.90745544433594,184.07688903808594,178.29995727539062,195563
2016-10-05,184.5825958251953,186.41578674316406,176.4281005859375,178.92501831054688,173.3097686767578,208249
2016-10-06,179.52554321289062,183.95046997070312,177.28146362304688,178.19805908203125,172.91104125976562,213831
2016-10-07,178.29287719726562,180.09446716308594,172.57208251953125,174.1208038330078,168.95477294921875,213499
2016-10-10,175.54310607910156,180.1576690673828,173.8363494873047,178.29287719726562,173.00308227539062,191317
2016-10-13,179.0514373779297,182.49656677246094,174.1524200439453,176.61773681640625,171.37762451171875,689096
2016-10-14,178.89340209960938,180.03125,167.3885955810547,168.6212615966797,163.61839294433594,1000947
2016-10-17,170.359619140625,174.97418212890625,168.46322631835938,169.3166046142578,164.2930908203125,212104
2016-10-18,170.6440887451172,176.36488342285156,170.04356384277344,175.22703552246094,170.02818298339844,274814
2016-10-19,176.68093872070312,179.620361328125,173.2042236328125,174.21563720703125,169.0467987060547,231888
2016-10-20,174.6265106201172,182.30691528320312,174.1524200439453,176.4281005859375,171.193603515625,544859
2016-10-21,177.56593322753906,177.56593322753906,175.0373992919922,175.7643585205078,170.549560546875,127656
2016-10-24,176.9337921142578,177.40789794921875,173.14100646972656,174.1208038330078,168.95477294921875,118918
2016-10-25,175.22703552246094,176.36488342285156,172.60369873046875,174.34205627441406,169.16943359375,213738
2016-10-26,172.2244110107422,181.42193603515625,170.1067657470703,173.26742553710938,168.12672424316406,611560
2016-10-27,174.6581268310547,176.61773681640625,172.003173828125,172.9197540283203,167.7893524169922,107903
2016-10-28,176.9654083251953,176.9654083251953,170.7705078125,171.9715576171875,166.86929321289062,146980
2016-11-01,176.1436309814453,176.1752471923828,171.62388610839844,172.3824462890625,167.2679901123047,87826
2016-11-02,170.6440887451172,171.49746704101562,166.94610595703125,167.86270141601562,162.88235473632812,121909
2016-11-03,168.779296875,171.14979553222656,166.6300506591797,167.4202117919922,162.4530029296875,96761
2016-11-04,170.6124725341797,170.67568969726562,163.46937561035156,164.25955200195312,159.38607788085938,109130
2016-11-07,168.05233764648438,169.22178649902344,165.14453125,167.23057556152344,162.2689666748047,64606
2016-11-08,170.67568969726562,170.67568969726562,164.3543701171875,164.86007690429688,159.96881103515625,102646
2016-11-09,142.229736328125,159.5501708984375,133.34828186035156,156.76878356933594,152.11756896972656,208495
2016-11-10,165.61863708496094,165.61863708496094,159.5501708984375,162.93206787109375,158.09800720214844,96403
2016-11-11,158.03305053710938,158.03305053710938,145.54843139648438,146.21217346191406,141.87417602539062,233311
2016-11-15,148.5194549560547,148.5194549560547,118.8724594116211,129.11300659179688,125.28231811523438,356006
2016-11-16,135.08665466308594,135.90841674804688,127.0585708618164,131.98919677734375,128.07318115234375,122469
2016-11-17,133.22186279296875,134.39129638671875,124.15076446533203,126.42643737792969,122.67545318603516,110897
2016-11-18,126.58447265625,129.46067810058594,121.87508392333984,123.58184051513672,119.91527557373047,167447
2016-11-21,122.00151062011719,126.36322021484375,111.85578918457031,112.9936294555664,109.64118957519531,161586
2016-11-22,113.91021728515625,116.15428924560547,111.25526428222656,112.89881134033203,109.54918670654297,141748
2016-11-23,112.20346069335938,118.84085083007812,111.25526428222656,117.89265441894531,114.3948745727539,189145
2016-11-24,118.77764129638672,119.28334045410156,114.35271453857422,117.38694763183594,113.90416717529297,81978
2016-11-25,116.69160461425781,125.79430389404297,116.69160461425781,123.99272918701172,120.31397247314453,235947
2016-11-28,123.89791107177734,129.27102661132812,121.36937713623047,124.94092559814453,121.23402404785156,204999
2016-11-29,125.0357437133789,132.4316864013672,125.0357437133789,129.808349609375,125.95703887939453,127935
2016-11-30,133.34828186035156,141.5976104736328,128.38604736328125,140.42816162109375,136.2617645263672,284763
2016-12-01,140.14370727539062,145.864501953125,140.1121063232422,141.72402954101562,137.51918029785156,407528
2016-12-02,139.416748046875,140.68101501464844,133.790771484375,135.08665466308594,131.07875061035156,101671
2016-12-05,136.28770446777344,136.3509063720703,129.68191528320312,133.4114990234375,129.4532928466797,109799
2016-12-06,134.70736694335938,145.39039611816406,133.47471618652344,136.0664520263672,132.0294647216797,56352
2016-12-07,137.14108276367188,137.39393615722656,133.50631713867188,134.8654022216797,130.8640594482422,56268
2016-12-08,137.61517333984375,138.68980407714844,134.13844299316406,134.54933166503906,130.55735778808594,81577
2016-12-09,135.90841674804688,137.83642578125,132.30526733398438,134.2332763671875,130.2506866455078,54593
2016-12-12,136.50894165039062,136.50894165039062,132.81097412109375,133.6643524169922,129.69863891601562,41939
2016-12-13,132.52651977539062,136.7617950439453,132.52651977539062,134.64414978027344,130.6493682861328,55293
2016-12-14,134.0436248779297,135.75038146972656,129.58709716796875,133.28506469726562,129.33058166503906,76431
2016-12-15,137.8048095703125,137.8048095703125,131.48348999023438,134.2332763671875,130.2506866455078,160555
2016-12-16,134.26487731933594,139.32192993164062,133.19024658203125,137.48875427246094,133.40957641601562,256541
2016-12-19,137.8048095703125,144.0945281982422,134.80218505859375,140.93386840820312,136.75245666503906,292797
2016-12-20,142.6722412109375,144.63185119628906,140.93386840820312,142.3877716064453,138.16322326660156,105329
2016-12-21,143.77847290039062,143.77847290039062,140.96548461914062,141.6924285888672,137.48851013183594,44805
2016-12-22,141.91368103027344,142.29295349121094,139.0374755859375,139.73281860351562,135.58706665039062,95692
2016-12-23,140.93386840820312,142.07171630859375,132.8425750732422,135.52914428710938,131.5081024169922,48692
2016-12-26,133.47471618652344,138.40533447265625,129.83995056152344,130.63011169433594,126.75440979003906,48806
2016-12-27,131.29385375976562,134.80218505859375,131.29385375976562,134.29647827148438,130.31201171875,85066
2016-12-28,135.90841674804688,137.8048095703125,133.1586456298828,133.9804229736328,130.00531005859375,69403
2016-12-29,135.84519958496094,135.84519958496094,133.28506469726562,134.13844299316406,130.1586456298828,24537
2016-12-30,134.64414978027344,137.70999145507812,134.2332763671875,136.603759765625,132.55081176757812,50660
2017-01-02,138.40533447265625,140.33334350585938,136.95143127441406,138.0576629638672,133.9615936279297,137004
2017-01-03,141.5976104736328,145.80128479003906,137.23590087890625,144.88470458984375,140.58607482910156,158041
2017-01-04,146.14895629882812,152.97598266601562,145.7064666748047,149.84693908691406,145.40110778808594,135419
2017-01-05,150.4158477783203,153.86097717285156,149.8785400390625,153.16563415527344,148.62132263183594,83659
2017-01-06,154.20864868164062,154.4615020751953,148.58267211914062,149.08837890625,144.6650390625,69952
2017-01-09,149.59408569335938,150.9531707763672,143.11473083496094,147.16036987304688,142.7942352294922,34837
2017-01-10,146.686279296875,150.2894287109375,146.1173553466797,149.08837890625,144.6650390625,36721
2017-01-11,150.19461059570312,155.59933471679688,148.64588928222656,153.1024169921875,148.55999755859375,235650
2017-01-12,152.2806396484375,161.19371032714844,152.09100341796875,159.42373657226562,154.6937713623047,613047
2017-01-13,158.75999450683594,161.19371032714844,156.76878356933594,157.62216186523438,152.9456329345703,159406
2017-01-16,159.04446411132812,165.33416748046875,156.83200073242188,163.43777465820312,158.58868408203125,351657
2017-01-17,163.24813842773438,164.8916778564453,160.5931854248047,161.2885284423828,156.50323486328125,85868
2017-01-18,162.39476013183594,165.3973846435547,161.509765625,162.14190673828125,157.33128356933594,109945
2017-01-19,162.45797729492188,165.9346923828125,161.9522705078125,162.93206787109375,158.09800720214844,326415
2017-01-20,162.4895782470703,164.3543701171875,158.66517639160156,159.80300903320312,155.06175231933594,77660
2017-01-23,161.25692749023438,163.59580993652344,158.41232299804688,161.32012939453125,156.53387451171875,81470
2017-01-24,162.83724975585938,177.50271606445312,161.82583618164062,173.48867797851562,168.3413848876953,1240333
2017-01-25,175.16383361816406,178.89340209960938,170.99176025390625,172.85655212402344,167.72802734375,1227646
2017-01-27,171.0233612060547,174.27883911132812,169.7274932861328,170.359619140625,165.30519104003906,124480
2017-01-30,168.2103729248047,175.47988891601562,167.546630859375,173.93116760253906,168.77073669433594,304698
2017-01-31,173.0145721435547,176.04881286621094,169.8223114013672,173.29904174804688,168.1573944091797,440667
2017-02-01,173.3306427001953,176.04881286621094,169.8223114013672,172.31922912597656,167.20664978027344,375835
2017-02-02,173.4254608154297,176.49130249023438,171.181396484375,172.3824462890625,167.2679901123047,165838
2017-02-03,172.50888061523438,175.10061645507812,170.73890686035156,171.24461364746094,166.16390991210938,75640
2017-02-06,171.3078155517578,174.46849060058594,170.7705078125,171.3394317626953,166.2559356689453,119272
2017-02-07,172.9513702392578,175.10061645507812,171.40264892578125,172.85655212402344,167.72802734375,154913
2017-02-08,173.80474853515625,173.80474853515625,170.99176025390625,171.49746704101562,166.4092559814453,49491
2017-02-09,172.73011779785156,172.9513702392578,168.6212615966797,170.01194763183594,164.96783447265625,69963
2017-02-10,171.3078155517578,178.22967529296875,170.04356384277344,174.6265106201172,169.44549560546875,361022
2017-02-13,174.6265106201172,177.8503875732422,172.69851684570312,173.64671325683594,168.49473571777344,479524
2017-02-14,174.34205627441406,176.61773681640625,173.26742553710938,175.0373992919922,169.84417724609375,172285
2017-02-15,174.46849060058594,175.0690155029297,167.86270141601562,169.0321502685547,164.01708984375,106915
2017-02-16,170.42283630371094,173.77313232421875,167.5782470703125,171.0233612060547,165.94923400878906,100830
2017-02-17,172.44566345214844,173.4570770263672,170.86532592773438,171.59228515625,166.50128173828125,88687
2017-02-20,172.57208251953125,173.8363494873047,171.3078155517578,172.3824462890625,167.2679901123047,50136
2017-02-21,173.3306427001953,179.52554321289062,171.9715576171875,178.51412963867188,173.21774291992188,481195
2017-02-22,178.51412963867188,183.95046997070312,175.95399475097656,177.31307983398438,172.05233764648438,695944
2017-02-23,178.07164001464844,181.3587188720703,177.24986267089844,178.4193115234375,173.125732421875,228472
2017-02-27,179.52554321289062,180.6633758544922,176.99700927734375,177.3446807861328,172.08299255371094,127213
2017-02-28,177.4394989013672,181.99085998535156,176.99700927734375,179.620361328125,174.29116821289062,146325
2017-03-01,180.94784545898438,181.04266357421875,177.0602264404297,177.78717041015625,172.51234436035156,109228
2017-03-02,179.39910888671875,180.09446716308594,175.51150512695312,176.30166625976562,171.07095336914062,113424
2017-03-03,176.83897399902344,178.51412963867188,175.79595947265625,176.74415588378906,171.5002899169922,110375
2017-03-06,177.15504455566406,179.20947265625,175.25865173339844,176.74415588378906,171.5002899169922,243139
2017-03-07,179.52554321289062,182.9706573486328,178.35609436035156,181.26390075683594,175.8859405517578,483593
2017-03-08,181.67478942871094,182.5597686767578,177.31307983398438,177.7555694580078,172.48170471191406,116138
2017-03-09,177.629150390625,179.20947265625,174.87936401367188,176.807373046875,171.56161499023438,118362
2017-03-10,180.12606811523438,181.04266357421875,177.629150390625,180.53695678710938,175.18057250976562,332115
2017-03-14,183.31832885742188,195.9609832763672,182.14889526367188,190.49302673339844,184.84124755859375,1198553
2017-03-15,190.93553161621094,194.3174285888672,189.6396484375,192.3262176513672,186.6200408935547,268502
2017-03-16,194.03297424316406,207.8766632080078,193.24281311035156,205.03207397460938,198.94891357421875,716258
2017-03-17,206.04348754882812,209.23574829101562,201.68177795410156,205.9802703857422,199.8690185546875,435984
2017-03-20,207.27613830566406,218.97059631347656,204.24191284179688,217.42185974121094,210.97109985351562,587128
2017-03-21,218.40167236328125,221.68875122070312,207.9082794189453,212.11195373535156,205.81875610351562,515186
2017-03-22,206.07508850097656,210.46841430664062,206.07508850097656,208.7932586669922,202.5985107421875,179687
2017-03-23,209.86788940429688,223.33230590820312,208.8248748779297,220.58251953125,214.03802490234375,383924
2017-03-24,220.6141357421875,231.9925079345703,220.6141357421875,225.48155212402344,218.79168701171875,727980
2017-03-27,226.4613494873047,228.0100860595703,221.2462615966797,222.13125610351562,215.540771484375,447387
2017-03-28,224.24888610839844,226.30332946777344,221.59393310546875,225.1970977783203,218.51565551757812,168002
2017-03-29,225.92404174804688,235.880126953125,225.92404174804688,228.86346435546875,222.07325744628906,311665
2017-03-30,229.4639892578125,235.27960205078125,227.5675811767578,230.57022094726562,223.72938537597656,260127
2017-03-31,230.8230743408203,238.31382751464844,229.021484375,232.71946716308594,225.8148651123047,191445
2017-04-03,234.5210418701172,236.4174346923828,231.36038208007812,232.75106811523438,225.84552001953125,220569
2017-04-05,233.888916015625,236.4174346923828,231.39198303222656,233.66766357421875,226.7349395751953,141971
2017-04-06,233.1935577392578,239.79934692382812,232.30857849121094,235.058349609375,228.08433532714844,231201
2017-04-07,235.43763732910156,242.10662841796875,233.7308807373047,238.78793334960938,231.70326232910156,1311576
2017-04-10,238.78793334960938,247.2584991455078,238.56668090820312,243.84498596191406,236.61029052734375,504013
2017-04-11,243.3708953857422,247.7642059326172,242.10662841796875,243.81338500976562,236.57962036132812,426048
2017-04-12,243.3708953857422,244.76158142089844,236.32261657714844,238.1241912841797,231.05923461914062,153542
2017-04-13,238.1241912841797,240.21023559570312,235.91172790527344,237.27081298828125,230.23117065429688,264295
2017-04-17,240.17861938476562,243.3708953857422,233.41481018066406,235.3428192138672,228.36038208007812,191765
2017-04-18,237.01795959472656,243.3708953857422,234.20497131347656,237.80812072753906,230.75254821777344,313801
2017-04-19,237.6184844970703,241.37966918945312,233.888916015625,236.32261657714844,229.31109619140625,51293
2017-04-20,238.50347900390625,240.8423614501953,236.57546997070312,239.67291259765625,232.56199645996094,123192
2017-04-21,241.47450256347656,244.319091796875,238.31382751464844,241.85377502441406,234.67816162109375,187388
2017-04-24,244.00302124023438,248.93365478515625,241.85377502441406,246.62637329101562,239.30917358398438,252504
2017-04-25,248.8704376220703,250.76683044433594,243.3708953857422,244.0662384033203,236.82496643066406,108613
2017-04-26,245.2672882080078,248.20669555664062,240.8423614501953,242.0750274658203,234.89285278320312,79921
2017-04-27,244.4455108642578,244.4455108642578,237.9029541015625,238.97756958007812,231.88729858398438,59664
2017-04-28,241.79055786132812,245.140869140625,237.2075958251953,241.9169921875,234.73951721191406,61518
2017-05-02,241.47450256347656,245.74139404296875,239.86256408691406,242.48590087890625,235.2915496826172,101151
2017-05-03,244.319091796875,246.78440856933594,242.80197143554688,244.5719451904297,237.31568908691406,85872
2017-05-04,243.40249633789062,244.63516235351562,239.0723876953125,241.98019409179688,234.80081176757812,93546
2017-05-05,241.98019409179688,242.67555236816406,239.13560485839844,240.33665466308594,233.20603942871094,73158
2017-05-08,239.8941650390625,246.21548461914062,238.9459686279297,243.21286010742188,235.9969024658203,88718
2017-05-09,243.3708953857422,245.42532348632812,241.15843200683594,244.4771270751953,237.2236785888672,109712
2017-05-10,246.1522674560547,247.54296875,241.6325225830078,245.20407104492188,237.92904663085938,76805
2017-05-11,245.20407104492188,249.62899780273438,242.23304748535156,244.03463745117188,236.7943115234375,169352
2017-05-12,246.1522674560547,246.21548461914062,240.5262908935547,241.60092163085938,234.4328155517578,43819
2017-05-15,242.10662841796875,246.49993896484375,241.79055786132812,244.00302124023438,236.76364135742188,63542
2017-05-16,245.83621215820312,246.4683380126953,241.79055786132812,242.61233520507812,235.41421508789062,54294
2017-05-17,242.77037048339844,246.310302734375,241.15843200683594,244.03463745117188,236.7943115234375,62559
2017-05-18,242.42269897460938,244.63516235351562,236.5122528076172,238.88275146484375,231.7952880859375,82881
2017-05-19,241.44288635253906,241.69573974609375,222.32089233398438,235.27960205078125,228.29904174804688,268861
2017-05-22,234.5210418701172,241.3480682373047,227.5675811767578,229.24273681640625,222.44129943847656,135742
2017-05-23,227.5675811767578,228.7686309814453,214.9881591796875,218.52809143066406,212.04452514648438,166079
2017-05-24,222.51052856445312,222.51052856445312,210.65805053710938,213.47103881835938,207.1375274658203,61115
2017-05-25,213.06015014648438,221.2462615966797,211.1321563720703,217.35865783691406,210.9097900390625,77861
2017-05-26,221.05662536621094,226.9038543701172,216.25242614746094,224.21728515625,217.56494140625,58104
2017-05-29,226.619384765625,233.25677490234375,226.30332946777344,230.4121856689453,223.57603454589844,111361
2017-05-30,232.59303283691406,237.80812072753906,225.7028045654297,229.3059539794922,222.5026092529297,244425
2017-05-31,230.69664001464844,238.31382751464844,230.0961151123047,236.701904296875,229.67913818359375,157117
2017-06-01,240.21023559570312,241.47450256347656,234.6474609375,240.49468994140625,233.35939025878906,88638
2017-06-02,240.49468994140625,247.16368103027344,240.49468994140625,243.02322387695312,235.8129119873047,89319
2017-06-05,244.00302124023438,255.50782775878906,241.00039672851562,253.07412719726562,245.5655975341797,442828
2017-06-06,255.66586303710938,257.5938720703125,252.2207489013672,253.20054626464844,245.6882781982422,132037
2017-06-07,252.2207489013672,255.50782775878906,246.84762573242188,250.1031036376953,242.68272399902344,55708
2017-06-08,252.12591552734375,252.85287475585938,247.32171630859375,249.02847290039062,241.63999938964844,67362
2017-06-09,250.38755798339844,251.58860778808594,247.19529724121094,248.9968719482422,241.60931396484375,44756
2017-06-12,248.9968719482422,249.5341796875,247.47975158691406,248.36473083496094,240.9959259033203,34562
2017-06-13,248.4595489501953,254.749267578125,246.53155517578125,249.47096252441406,242.0693359375,91400
2017-06-14,249.1549072265625,254.1171417236328,247.22689819335938,251.84146118164062,244.3695068359375,180756
2017-06-15,253.86428833007812,259.6482849121094,249.88185119628906,258.2575988769531,250.59532165527344,258899
2017-06-16,259.80633544921875,264.16802978515625,259.80633544921875,262.4296875,254.64361572265625,217772
2017-06-19,264.0732116699219,268.0240478515625,257.34100341796875,263.03021240234375,255.2262725830078,180919
2017-06-20,263.59912109375,266.3804931640625,260.7861328125,263.6623229980469,255.83966064453125,143931
2017-06-21,263.5675048828125,265.4955139160156,260.56488037109375,261.5762939453125,253.81553649902344,58074
2017-06-22,262.4296875,262.99859619140625,256.6456604003906,257.6570739746094,250.01260375976562,65688
2017-06-23,256.0767517089844,261.6395263671875,254.30677795410156,260.18560791015625,252.46609497070312,116948
2017-06-27,265.4955139160156,265.4955139160156,255.91871643066406,264.5157165527344,256.667724609375,244526
2017-06-28,263.9151916503906,271.1847229003906,263.9151916503906,267.7395935058594,259.7959899902344,480391
2017-06-29,268.5613708496094,269.2567138671875,266.0328369140625,268.1504821777344,260.1946716308594,74620
2017-06-30,267.39190673828125,275.9256896972656,266.19085693359375,272.3225402832031,264.2429504394531,279753
2017-07-03,274.9775085449219,290.7807922363281,271.81683349609375,287.46209716796875,278.9333190917969,400079
2017-07-04,290.7807922363281,290.7807922363281,281.93096923828125,284.0169982910156,275.5904235839844,108073
2017-07-05,281.3304138183594,284.45947265625,278.29620361328125,281.709716796875,273.3515930175781,82421
2017-07-06,281.298828125,296.34356689453125,281.298828125,287.5885314941406,279.0559997558594,210509
2017-07-07,290.08544921875,290.08544921875,282.5630798339844,284.26983642578125,275.83575439453125,56280
2017-07-10,284.4910888671875,288.2522888183594,281.298828125,286.6403503417969,278.1359558105469,14079
2017-07-11,287.6201477050781,294.4787902832031,285.09161376953125,286.4822998046875,277.9825744628906,74690
2017-07-12,287.5885314941406,288.916015625,279.49725341796875,282.24700927734375,273.8729248046875,40694
2017-07-13,281.298828125,290.0538635253906,279.5288391113281,282.65789794921875,274.2716369628906,82492
2017-07-14,281.3936462402344,287.2408752441406,279.90814208984375,282.6263122558594,274.2409973144531,28603
2017-07-17,285.0284118652344,285.12322998046875,273.7448425292969,276.083740234375,267.8925476074219,44196
2017-07-18,277.3796081542969,277.3796081542969,264.8633728027344,266.63336181640625,258.7225646972656,63864
2017-07-19,267.9608459472656,273.9344787597656,267.39190673828125,270.99505615234375,262.954833984375,28191
2017-07-20,268.7825927734375,281.235595703125,268.7825927734375,272.8914794921875,264.7950134277344,73229
2017-07-21,274.25054931640625,275.9256896972656,269.06707763671875,270.3629455566406,262.34149169921875,51093
2017-07-24,271.84844970703125,276.5578308105469,266.8546142578125,269.6043701171875,261.60540771484375,59202
2017-07-25,271.21630859375,272.4173583984375,262.3348693847656,264.1364440917969,256.29974365234375,51562
2017-07-26,264.1364440917969,265.6851501464844,256.0135498046875,263.7255554199219,255.90101623535156,72635
2017-07-27,263.7255554199219,267.39190673828125,259.9327697753906,262.2716369628906,254.490234375,25765
2017-07-28,262.17681884765625,269.5095520019531,259.36383056640625,265.3374938964844,257.4651184082031,25904
2017-07-31,270.2997131347656,270.2997131347656,260.7545166015625,263.03021240234375,255.2262725830078,28774
2017-08-01,264.23126220703125,264.7369689941406,261.4498596191406,262.96697998046875,255.1649169921875,17279
2017-08-02,261.00738525390625,262.77734375,256.0451354980469,257.97314453125,250.3192901611328,39244
2017-08-03,263.0934143066406,263.0934143066406,256.17156982421875,257.6254577636719,249.98191833496094,27236
2017-08-04,259.36383056640625,273.5868225097656,257.2461853027344,267.9292297363281,259.9799499511719,84297
2017-08-07,268.3401184082031,269.2882995605469,263.3462829589844,265.5587158203125,257.6798095703125,32947
2017-08-08,265.5587158203125,267.83441162109375,256.32958984375,258.4472351074219,250.77932739257812,90419
2017-08-09,258.54205322265625,262.8721618652344,256.4244079589844,258.6684875488281,250.99398803710938,40148
2017-08-10,258.54205322265625,262.55609130859375,247.9222412109375,253.23214721679688,245.7189483642578,154681
2017-08-11,256.0135498046875,257.2778015136719,240.21023559570312,252.7264404296875,245.22825622558594,82500
2017-08-14,257.9099426269531,258.54205322265625,250.38755798339844,252.34716796875,244.8602294921875,31648
2017-08-16,252.85287475585938,258.54205322265625,252.85287475585938,254.68605041503906,247.1297149658203,44925
2017-08-17,255.06533813476562,267.39190673828125,252.9792938232422,260.027587890625,252.31277465820312,103875
2017-08-18,259.80633544921875,261.0705871582031,252.85287475585938,258.60528564453125,250.93264770507812,57983
2017-08-21,257.34100341796875,260.9125671386719,254.71766662597656,255.76068115234375,248.17247009277344,52696
2017-08-22,258.384033203125,261.0705871582031,252.8844757080078,258.0679626464844,250.41128540039062,42782
2017-08-23,259.142578125,268.5613708496094,259.142578125,262.99859619140625,255.1956024169922,156149
2017-08-24,265.36907958984375,283.1952209472656,264.23126220703125,274.8194580078125,266.665771484375,492355
2017-08-28,283.1636047363281,286.70355224609375,276.3998107910156,280.9511413574219,272.6155090332031,177418
2017-08-29,283.8273620605469,283.8273620605469,271.1847229003906,273.6500244140625,265.53106689453125,120054
2017-08-30,278.1381530761719,280.0345458984375,275.3567810058594,278.074951171875,269.82470703125,130281
2017-08-31,279.9713439941406,293.0564880371094,275.609619140625,288.8843994140625,280.3134460449219,383954
2017-09-01,290.9072265625,298.8721008300781,290.7807922363281,293.3409423828125,284.6377258300781,304531
2017-09-04,295.2689514160156,295.2689514160156,279.46563720703125,287.74658203125,279.2093505859375,127069
2017-09-05,290.4647521972656,295.2057189941406,285.1864318847656,290.8124084472656,282.1842041015625,266662
2017-09-06,292.0450744628906,296.0907287597656,285.4393005371094,289.6113586425781,281.5083312988281,118070
2017-09-07,291.8554382324219,292.32952880859375,286.0398254394531,287.683349609375,279.6343078613281,50676
2017-09-08,289.51654052734375,289.51654052734375,284.1434326171875,285.7237548828125,277.7294921875,44814
2017-09-11,285.7237548828125,288.6315612792969,281.93096923828125,283.10040283203125,275.1795654296875,45441
2017-09-12,283.13201904296875,291.318115234375,283.10040283203125,286.6403503417969,278.6204528808594,84892
2017-09-13,288.5999450683594,291.6341857910156,283.1952209472656,285.2180480957031,277.2379455566406,112387
2017-09-14,288.8843994140625,290.9072265625,284.7755432128906,288.75799560546875,280.67889404296875,72514
2017-09-15,288.75799560546875,300.2627868652344,285.7553405761719,295.6166076660156,287.3455810546875,281371
2017-09-18,300.2627868652344,302.6965026855469,293.94146728515625,296.8176574707031,288.51300048828125,268151
2017-09-19,300.578857421875,317.3303527832031,300.578857421875,310.9142150878906,302.2151794433594,889274
2017-09-20,316.06610107421875,327.4444580078125,313.60076904296875,318.3101501464844,309.4041442871094,573313
2017-09-21,320.42779541015625,324.5682678222656,308.4804992675781,313.5691833496094,304.7958984375,239230
2017-09-22,312.77899169921875,316.03448486328125,307.24786376953125,310.9774169921875,302.276611328125,126353
2017-09-25,314.1697082519531,314.1697082519531,295.2689514160156,301.93792724609375,293.4900207519531,129422
2017-09-26,300.2627868652344,306.4576721191406,297.4181823730469,300.9581298828125,292.5376281738281,145716
2017-09-27,304.6877136230469,304.6877136230469,298.36639404296875,299.2513732910156,290.8786315917969,117997
2017-09-28,303.4234619140625,305.95196533203125,293.94146728515625,295.71142578125,287.437744140625,128829
2017-09-29,298.587646484375,301.52703857421875,295.90106201171875,298.6192321777344,290.2641906738281,336603
2017-10-03,302.79132080078125,305.60430908203125,290.7807922363281,294.5736083984375,286.3317565917969,338087
2017-10-04,297.7342529296875,303.4234619140625,293.37255859375,295.0160827636719,286.7618408203125,292728
2017-10-05,297.3865966796875,302.0959777832031,297.1021423339844,298.74566650390625,290.3870849609375,95891
2017-10-06,302.1591796875,312.2732849121094,300.8949279785156,307.8799743652344,299.2658386230469,153659
2017-10-09,314.07489013671875,315.4339599609375,309.7447814941406,312.3681335449219,303.6283874511719,157538
2017-10-10,316.06610107421875,317.9624938964844,311.64117431640625,313.4427490234375,304.6729736328125,108833
2017-10-11,316.06610107421875,316.6982116699219,305.035400390625,307.24786376953125,298.6513977050781,133222
2017-10-12,310.3136901855469,312.9686584472656,307.21624755859375,310.59814453125,301.9079284667969,47447
2017-10-13,312.9054260253906,318.87908935546875,304.0555725097656,307.97479248046875,299.3580017089844,113786
2017-10-16,312.84222412109375,314.7386169433594,308.00640869140625,310.02923583984375,301.3549499511719,113490
2017-10-17,312.2100830078125,313.0318603515625,308.5437316894531,309.0494384765625,300.4025573730469,69139
2017-10-18,310.9774169921875,321.439208984375,306.5841064453125,318.278564453125,309.3734436035156,523404
2017-10-19,321.7552795410156,322.3874206542969,314.80181884765625,317.8992919921875,309.00482177734375,50060
2017-10-23,322.3874206542969,323.8097229003906,314.80181884765625,315.65521240234375,306.8235168457031,76344
2017-10-24,316.6982116699219,316.6982116699219,309.3022766113281,311.19866943359375,302.49163818359375,93091
2017-10-25,314.4857482910156,316.03448486328125,308.4804992675781,310.2188720703125,301.53924560546875,55417
2017-10-26,310.37689208984375,312.9054260253906,305.3198547363281,306.204833984375,297.6375732421875,54208
2017-10-27,305.95196533203125,311.64117431640625,304.9405517578125,306.42608642578125,297.85260009765625,67182
2017-10-30,309.6815490722656,314.42254638671875,306.01519775390625,312.58935546875,303.84344482421875,74781
2017-10-31,316.06610107421875,318.626220703125,309.8079833984375,313.9484558105469,305.16448974609375,98574
2017-11-01,314.2645263671875,322.3874206542969,313.000244140625,316.7614440917969,307.8988037109375,215472
2017-11-02,313.5375671386719,323.65167236328125,313.5375671386719,317.3619689941406,308.4825134277344,113692
2017-11-03,314.80181884765625,318.689453125,310.40850830078125,312.652587890625,303.9048767089844,64380
2017-11-06,318.5946350097656,319.22674560546875,308.60693359375,311.419921875,302.70672607421875,81712
2017-11-07,314.80181884765625,314.80181884765625,304.5296936035156,305.3198547363281,296.77728271484375,77931
2017-11-08,307.848388671875,312.2732849121094,300.6104736328125,306.9001770019531,298.31341552734375,63420
2017-11-09,307.9115905761719,315.4339599609375,307.9115905761719,312.24169921875,303.5055236816406,199956
2017-11-10,313.0950622558594,317.3303527832031,308.4804992675781,310.0924377441406,301.4163513183594,113577
2017-11-13,312.0836486816406,314.7070007324219,304.1820068359375,306.80535888671875,298.2212829589844,107195
2017-11-14,308.6385498046875,312.9054260253906,305.4462585449219,310.4717102050781,301.7850646972656,54551
2017-11-15,309.7447814941406,310.6929626464844,301.59027099609375,303.8975524902344,295.3948669433594,118040
2017-11-16,309.61834716796875,309.61834716796875,302.34881591796875,303.13897705078125,294.657470703125,43829
2017-11-17,307.15301513671875,314.2645263671875,305.63592529296875,309.4603271484375,300.80194091796875,90060
2017-11-20,311.9572448730469,316.6982116699219,309.7447814941406,312.1468811035156,303.4133605957031,81320
2017-11-21,313.4111328125,314.83343505859375,310.40850830078125,312.24169921875,303.5055236816406,54276
2017-11-22,310.5033264160156,316.00286865234375,304.6877136230469,309.23907470703125,300.5869140625,272857
2017-11-23,312.9054260253906,315.0546875,307.848388671875,308.7333679199219,300.0953674316406,62153
2017-11-24,312.9054260253906,314.39093017578125,308.7333679199219,311.3251037597656,302.61456298828125,130846
2017-11-27,319.22674560546875,326.4014587402344,315.4339599609375,318.05731201171875,309.1584167480469,816670
2017-11-28,321.0599365234375,325.48486328125,317.3303527832031,319.63763427734375,310.6945495605469,188957
2017-11-29,320.7438659667969,324.9791564941406,317.9624938964844,319.22674560546875,310.2951354980469,127930
2017-11-30,319.22674560546875,336.2943115234375,316.7298278808594,321.5972595214844,312.59930419921875,462623
2017-12-01,324.2838134765625,328.07659912109375,317.3935852050781,319.5111999511719,310.5716247558594,145208
2017-12-04,322.3241882324219,322.3241882324219,312.9686584472656,313.7272033691406,304.949462890625,127406
2017-12-05,313.2846984863281,328.04498291015625,308.4804992675781,317.5199890136719,308.6361083984375,143262
2017-12-06,317.8992919921875,318.278564453125,308.4804992675781,310.3136901855469,301.6314697265625,74902
2017-12-07,309.7447814941406,315.4339599609375,309.1442565917969,313.25311279296875,304.4886169433594,99648
2017-12-08,316.06610107421875,326.8123474121094,314.80181884765625,323.8729248046875,314.8113098144531,187764
2017-12-11,322.7983093261719,328.708740234375,319.85888671875,321.5340270996094,312.537841796875,82300
2017-12-12,328.708740234375,331.869384765625,320.49102783203125,323.9677429199219,314.9034729003906,658909
2017-12-13,327.4444580078125,327.4444580078125,320.2381591796875,321.7236633300781,312.72216796875,166231
2017-12-14,321.24957275390625,324.7895202636719,316.06610107421875,317.5516052246094,308.66680908203125,118782
2017-12-15,322.3874206542969,343.4374084472656,321.1863708496094,333.0704345703125,323.75146484375,1142333
2017-12-18,328.6455383300781,334.3979187011719,311.0722351074219,327.0019836425781,317.8528137207031,309237
2017-12-19,329.34088134765625,335.0300598144531,326.84393310546875,332.4383239746094,323.1370544433594,206390
2017-12-20,333.1336669921875,344.00634765625,332.50152587890625,335.1248779296875,325.7484436035156,903431
2017-12-21,336.8632507324219,343.2477722167969,332.75439453125,340.90887451171875,331.3706359863281,260965
2017-12-22,342.55242919921875,346.408447265625,336.54718017578125,341.130126953125,331.5856628417969,322593
2017-12-26,343.8799133300781,346.408447265625,340.0871276855469,343.78509521484375,334.1663818359375,175809
2017-12-27,346.34521484375,346.94573974609375,338.2223205566406,340.56121826171875,331.03265380859375,205653
2017-12-28,343.72186279296875,357.1546936035156,342.3311767578125,353.01422119140625,343.1372985839844,637436
2017-12-29,371.6937255859375,378.0150451660156,361.5796203613281,364.3293762207031,354.1358337402344,2028523
2018-01-01,366.63665771484375,368.5330505371094,355.9220275878906,360.41015625,350.3262634277344,296816
2018-01-02,365.3724060058594,365.3724060058594,353.9940185546875,358.9246520996094,348.8823547363281,167165
2018-01-03,362.1801452636719,366.5418395996094,353.9940185546875,361.5480041503906,351.4322814941406,146453
2018-01-04,363.47601318359375,364.5822448730469,354.62615966796875,360.5049743652344,350.4184875488281,163581
2018-01-05,362.7174377441406,364.3926086425781,359.05108642578125,361.2003173828125,351.09429931640625,129888
2018-01-08,388.72967529296875,388.72967529296875,364.8983154296875,368.28021240234375,357.97613525390625,257400
2018-01-09,370.4294738769531,379.2160949707031,366.28900146484375,371.7885437011719,361.38629150390625,550503
2018-01-10,372.3890686035156,381.17572021484375,371.662109375,378.931640625,368.3294982910156,343880
2018-01-11,378.4575500488281,381.17572021484375,372.6419372558594,374.94921875,364.45855712890625,184201
2018-01-12,377.3197021484375,390.02557373046875,374.885986328125,386.8332824707031,376.01007080078125,366095
2018-01-15,386.8648986816406,390.75250244140625,379.91143798828125,380.6700134277344,370.019287109375,252333
2018-01-16,380.2275085449219,385.2529602050781,367.3952331542969,372.5155029296875,362.0929260253906,245067
2018-01-17,369.86053466796875,376.0554504394531,340.6876525878906,371.662109375,361.263427734375,201446
2018-01-18,374.6015319824219,385.53741455078125,370.4294738769531,372.5155029296875,362.0929260253906,186649
2018-01-19,372.29425048828125,372.5155029296875,364.67706298828125,368.5646667480469,358.2526550292969,105220
2018-01-22,367.7745056152344,379.279296875,367.7745056152344,375.2652587890625,364.7657775878906,73373
2018-01-23,379.15289306640625,380.5435791015625,368.69110107421875,374.1906433105469,363.7212219238281,82919
2018-01-24,374.8227844238281,380.5435791015625,370.1449890136719,372.73675537109375,362.3079528808594,211947
2018-01-25,372.894775390625,373.87457275390625,362.21173095703125,364.2029724121094,354.0129699707031,113560
2018-01-29,369.5760803222656,369.5760803222656,347.6726989746094,348.6841125488281,338.9283142089844,223654
2018-01-30,350.8333740234375,357.2810974121094,344.60687255859375,347.9255676269531,338.1909484863281,96407
2018-01-31,346.408447265625,355.5743408203125,343.8799133300781,347.6094970703125,337.8837585449219,156049
2018-02-01,352.0976257324219,357.1546936035156,347.6726989746094,352.60333251953125,342.7378845214844,101129
2018-02-02,347.7043151855469,350.1380310058594,335.0300598144531,337.5269775390625,328.0833435058594,166685
2018-02-05,322.3874206542969,334.4295349121094,319.22674560546875,331.2056579589844,321.9388427734375,180544
2018-02-06,315.4339599609375,319.1951599121094,304.81414794921875,311.64117431640625,302.9217834472656,271327
2018-02-07,319.22674560546875,325.5480651855469,317.5199890136719,320.3329772949219,311.3704528808594,73340
2018-02-08,321.1231384277344,327.065185546875,318.84747314453125,324.8211364746094,315.7330017089844,80657
2018-02-09,311.64117431640625,328.3926696777344,311.64117431640625,324.5998840332031,315.5179443359375,53691
2018-02-12,326.1802062988281,329.1828308105469,321.7552795410156,326.3382263183594,317.2076110839844,75844
2018-02-14,326.654296875,337.8430480957031,323.65167236328125,333.0388488769531,323.7207946777344,107808
2018-02-15,333.8290100097656,341.6674499511719,333.8290100097656,337.6534118652344,328.2062683105469,108246
2018-02-16,341.35137939453125,341.35137939453125,323.5884704589844,326.5594787597656,317.4226989746094,84453
2018-02-19,329.9729919433594,329.9729919433594,318.7526550292969,320.83868408203125,311.8619689941406,38317
2018-02-20,320.83868408203125,328.5506896972656,313.5375671386719,313.9484558105469,305.16448974609375,90367
2018-02-21,316.79302978515625,317.9308776855469,313.5375671386719,314.80181884765625,305.9940185546875,60938
2018-02-22,314.80181884765625,320.08013916015625,311.3883056640625,313.0634765625,304.3042907714844,64685
2018-02-23,313.66400146484375,326.1802062988281,313.66400146484375,320.5858459472656,311.6161804199219,81122
2018-02-26,323.8729248046875,324.726318359375,305.6991271972656,314.42254638671875,305.6253662109375,128942
2018-02-27,314.86505126953125,318.7842712402344,313.1582946777344,314.7070007324219,305.9018249511719,47705
2018-02-28,312.58935546875,314.6121826171875,308.4804992675781,309.8711853027344,301.2012939453125,50628
2018-03-01,311.009033203125,314.42254638671875,310.44012451171875,311.23028564453125,302.52239990234375,84265
2018-03-05,311.3567199707031,311.3567199707031,306.5841064453125,307.9115905761719,299.2965393066406,36781
2018-03-06,309.7447814941406,310.8825988769531,304.8457336425781,306.42608642578125,297.85260009765625,60610
2018-03-07,304.75091552734375,304.78253173828125,297.1021423339844,299.56744384765625,291.18585205078125,70695
2018-03-08,300.9581298828125,309.6815490722656,292.2347106933594,294.1627197265625,285.9323425292969,43084
2018-03-09,295.4269714355469,302.79132080078125,294.2575378417969,295.300537109375,287.038330078125,41103
2018-03-12,297.7342529296875,300.8316955566406,289.674560546875,294.5736083984375,286.3317565917969,70619
2018-03-13,294.5736083984375,305.95196533203125,293.94146728515625,297.6394348144531,289.3117980957031,61601
2018-03-14,297.4497985839844,299.7254638671875,294.952880859375,297.4497985839844,289.1274719238281,35922
2018-03-15,304.6560974121094,305.63592529296875,295.774658203125,297.6710510253906,289.3424987792969,188870
2018-03-16,297.7342529296875,300.2311706542969,291.6025695800781,294.0046691894531,285.7787170410156,42427
2018-03-19,292.0450744628906,295.0793151855469,287.6201477050781,288.9792175292969,280.8938903808594,37033
2018-03-20,291.0652770996094,293.94146728515625,284.45947265625,291.57098388671875,283.41314697265625,43645
2018-03-21,293.8150329589844,303.0757751464844,287.6201477050781,291.0020446777344,282.8601379394531,60814
2018-03-22,293.90985107421875,293.90985107421875,285.1548156738281,286.8299865722656,278.8048095703125,58979
2018-03-23,283.1636047363281,288.9476318359375,265.4955139160156,280.5086669921875,272.6603088378906,85278
2018-03-26,280.66668701171875,288.2522888183594,280.66668701171875,283.0055847167969,275.08740234375,79144
2018-03-27,285.28125,288.5683288574219,280.0977783203125,282.72113037109375,274.8109130859375,58712
2018-03-28,281.93096923828125,291.4129333496094,281.93096923828125,285.8185729980469,277.8216857910156,104394
2018-04-02,285.8185729980469,306.4892883300781,285.8185729980469,302.222412109375,293.7665100097656,58275
2018-04-03,305.6991271972656,319.037109375,302.79132080078125,316.9826965332031,308.11383056640625,81497
2018-04-04,322.3874206542969,325.5480651855469,309.61834716796875,313.3163146972656,304.550048828125,84812
2018-04-05,318.278564453125,323.0511474609375,311.98883056640625,315.0546875,306.2397766113281,46718
2018-04-06,312.46295166015625,318.9106750488281,312.46295166015625,315.9396667480469,307.10003662109375,48165
2018-04-09,321.7552795410156,321.7552795410156,313.1266784667969,318.3101501464844,309.4041442871094,67413
2018-04-10,319.1951599121094,321.5656433105469,314.80181884765625,316.1609191894531,307.3150939941406,58696
2018-04-11,316.00286865234375,318.5946350097656,313.3163146972656,315.4971618652344,306.6698913574219,51550
2018-04-12,317.61480712890625,320.8070983886719,314.1697082519531,315.0230712890625,306.2090759277344,38496
2018-04-13,315.0230712890625,320.8070983886719,312.9686584472656,315.7816467285156,306.9464111328125,36574
2018-04-16,314.1064758300781,318.5946350097656,311.4831237792969,316.00286865234375,307.1614685058594,83942
2018-04-17,320.42779541015625,320.42779541015625,312.9054260253906,313.5059509277344,304.7344055175781,23181
2018-04-18,314.1697082519531,316.00286865234375,312.9054260253906,315.0862731933594,306.2705078125,24991
2018-04-19,316.03448486328125,316.03448486328125,308.1328430175781,309.365478515625,300.70977783203125,73940
2018-04-20,310.02923583984375,310.02923583984375,306.5841064453125,307.62713623046875,299.0200500488281,21792
2018-04-23,304.6877136230469,309.5551452636719,301.93792724609375,304.9405517578125,296.4086608886719,87245
2018-04-24,302.8861389160156,309.7447814941406,300.8949279785156,308.79656982421875,300.1567687988281,78569
2018-04-25,308.6385498046875,309.7447814941406,297.1021423339844,300.2944030761719,291.8924865722656,38052
2018-04-26,300.8316955566406,305.8887634277344,298.4295959472656,299.7254638671875,291.3394775390625,34627
2018-04-27,300.2627868652344,308.196044921875,298.6192321777344,305.7939453125,297.2381591796875,31907
2018-04-30,305.95196533203125,309.4287109375,300.8949279785156,303.1073913574219,294.62677001953125,28582
2018-05-02,303.4234619140625,305.19342041015625,298.4295959472656,299.53582763671875,291.1551208496094,16213
2018-05-03,297.1021423339844,299.5042419433594,289.51654052734375,294.2891540527344,286.0552673339844,92545
2018-05-04,294.2891540527344,297.0389099121094,285.47088623046875,290.33831787109375,282.2149353027344,52794
2018-05-07,292.0450744628906,296.31195068359375,285.7237548828125,287.9994201660156,279.9414978027344,50631
2018-05-08,290.7807922363281,293.309326171875,285.7237548828125,286.3558654785156,278.34393310546875,25434
2018-05-09,286.3558654785156,288.157470703125,281.5516662597656,283.10040283203125,275.1795654296875,45253
2018-05-10,282.5630798339844,287.6201477050781,281.9941711425781,283.5428771972656,275.6096496582031,25817
2018-05-11,283.7957458496094,286.32427978515625,281.298828125,285.09161376953125,277.1150817871094,38746
2018-05-14,286.9248046875,290.33831787109375,282.5630798339844,282.9423522949219,275.0259094238281,31874
2018-05-15,282.5630798339844,290.2434997558594,278.9283142089844,281.5516662597656,273.6741638183594,108433
2018-05-16,281.10919189453125,290.71759033203125,275.2935791015625,286.67193603515625,278.6511535644531,106427
2018-05-17,289.9906311035156,290.1170654296875,283.06878662109375,287.5885314941406,279.5420837402344,23205
2018-05-18,290.7807922363281,296.944091796875,284.0802001953125,285.7237548828125,277.7294921875,31612
2018-05-21,285.09161376953125,287.6201477050781,266.7597961425781,269.79400634765625,262.2454528808594,143617
2018-05-22,266.1276550292969,281.86773681640625,266.1276550292969,276.1469421386719,268.420654296875,98917
2018-05-23,277.4112243652344,279.1495666503906,268.4033203125,270.3313293457031,262.76776123046875,73165
2018-05-24,272.7650451660156,274.7562561035156,270.3313293457031,272.796630859375,265.1640930175781,41889
2018-05-25,273.5235900878906,274.8194580078125,268.7193908691406,271.6588134765625,264.05810546875,51984
2018-05-28,274.3453674316406,274.3453674316406,267.39190673828125,270.8370361328125,263.25933837890625,34806
2018-05-29,271.84844970703125,272.3225402832031,266.8861999511719,267.42352294921875,259.9412841796875,28590
2018-05-30,262.366455078125,271.9748840332031,262.366455078125,266.57012939453125,259.1117858886719,70485
2018-05-31,266.57012939453125,269.9204406738281,264.57891845703125,268.4981384277344,260.98583984375,50766
2018-06-01,266.1276550292969,268.6877746582031,260.3120422363281,262.366455078125,255.0257110595703,43399
2018-06-04,263.59912109375,263.59912109375,248.42794799804688,249.62899780273438,242.6446533203125,129676
2018-06-05,247.7958221435547,247.85902404785156,218.27523803710938,225.2919158935547,218.98849487304688,319711
2018-06-06,225.2919158935547,233.2251739501953,221.9732208251953,227.5675811767578,221.2004852294922,269753
2018-06-07,228.8950653076172,234.5210418701172,227.5675811767578,229.96969604492188,223.53538513183594,194252
2018-06-08,228.19972229003906,230.8230743408203,224.91262817382812,228.8002471923828,222.398681640625,109268
2018-06-11,228.8002471923828,235.27960205078125,228.29454040527344,229.08470153808594,222.67518615722656,126133
2018-06-12,231.42359924316406,231.42359924316406,226.27171325683594,227.85205078125,221.47698974609375,91004
2018-06-13,229.93807983398438,230.0961151123047,225.10226440429688,226.17689514160156,219.8487091064453,93991
2018-06-14,226.11367797851562,227.09349060058594,223.0162353515625,224.59657287597656,218.31260681152344,129520
2018-06-15,224.0908660888672,226.84063720703125,222.1944580078125,222.98463439941406,216.7457733154297,59528
2018-06-18,222.79498291015625,225.22869873046875,214.29281616210938,215.46224975585938,209.43385314941406,121419
2018-06-19,213.66067504882812,214.54566955566406,207.40257263183594,210.91090393066406,205.0098419189453,451098
2018-06-20,210.91090393066406,222.57374572753906,209.23574829101562,218.4648895263672,212.35247802734375,182324
2018-06-21,219.1602325439453,219.34986877441406,211.7642822265625,212.36480712890625,206.42306518554688,101644
2018-06-22,213.59747314453125,213.59747314453125,208.7932586669922,210.6896514892578,204.79478454589844,29862
2018-06-25,209.23574829101562,212.26998901367188,205.79063415527344,206.928466796875,201.1388397216797,46403
2018-06-26,205.44296264648438,211.06893920898438,202.2823028564453,205.3165283203125,199.57200622558594,189517
2018-06-27,203.8626251220703,207.750244140625,192.80032348632812,195.4236602783203,189.95591735839844,134986
2018-06-28,193.8117218017578,196.2454376220703,188.47021484375,193.5272674560547,188.11257934570312,214741
2018-06-29,193.49566650390625,196.8775634765625,190.3033905029297,191.4412384033203,186.0849151611328,79698
2018-07-02,192.7054901123047,192.80032348632812,187.1111297607422,188.15414428710938,182.88978576660156,54034
2018-07-03,187.86968994140625,187.86968994140625,178.04002380371094,180.5685577392578,175.51646423339844,157199
2018-07-04,183.2235107421875,183.2235107421875,175.1954345703125,180.2524871826172,175.20924377441406,121461
2018-07-05,180.09446716308594,187.20594787597656,178.38771057128906,185.3727569580078,180.1862335205078,350111
2018-07-06,187.1111297607422,195.8661651611328,179.27268981933594,186.47898864746094,181.2615203857422,545384
2018-07-09,189.0075225830078,198.1102294921875,189.0075225830078,195.80294799804688,190.3245849609375,179954
2018-07-10,198.04701232910156,207.52899169921875,196.81436157226562,201.61856079101562,195.97750854492188,222847
2018-07-11,202.2823028564453,204.81082153320312,193.1163787841797,197.50970458984375,191.9835968017578,97936
2018-07-12,199.75376892089844,202.2823028564453,194.79153442382812,197.09881591796875,191.58419799804688,64272
2018-07-13,195.0127716064453,197.09881591796875,189.6396484375,191.15676879882812,185.80841064453125,59829
2018-07-16,190.55624389648438,190.55624389648438,182.78102111816406,183.5079803466797,178.37362670898438,91722
2018-07-17,185.84686279296875,185.84686279296875,178.45091247558594,183.91885375976562,178.7729949951172,83499
2018-07-18,182.433349609375,184.4561767578125,176.99700927734375,181.0742645263672,176.00799560546875,195864
2018-07-19,179.17787170410156,185.84686279296875,177.66075134277344,183.41314697265625,178.28143310546875,62931
2018-07-20,180.78981018066406,183.60279846191406,177.40789794921875,178.60894775390625,173.6116485595703,60237
2018-07-23,182.6862030029297,182.71780395507812,177.12344360351562,178.22967529296875,173.2429962158203,41518
2018-07-24,179.93643188476562,183.255126953125,178.8302001953125,180.9794464111328,175.9158477783203,102896
2018-07-25,180.85301208496094,190.55624389648438,180.85301208496094,187.74325561523438,182.49041748046875,97432
2018-07-26,186.66864013671875,191.85211181640625,185.34115600585938,189.38681030273438,184.08795166015625,80250
2018-07-27,188.12254333496094,194.0645751953125,186.63702392578125,190.872314453125,185.5319061279297,59946
2018-07-30,191.4096221923828,192.6422882080078,189.0075225830078,191.56765747070312,186.2078094482422,39355
2018-07-31,193.36923217773438,193.36923217773438,185.30955505371094,188.6282501220703,183.3506317138672,99588
2018-08-01,192.80032348632812,194.38064575195312,187.8064727783203,189.29197692871094,183.9958038330078,66337
2018-08-02,189.60804748535156,189.95571899414062,181.42193603515625,183.57118225097656,178.43505859375,89981
2018-08-03,185.84686279296875,188.37539672851562,183.31832885742188,185.02508544921875,179.84828186035156,80217
2018-08-06,189.32359313964844,189.32359313964844,184.5825958251953,185.94168090820312,180.7392578125,70282
2018-08-07,187.74325561523438,187.74325561523438,176.99700927734375,178.2612762451172,173.2737274169922,126473
2018-08-08,178.5773468017578,178.5773468017578,170.26480102539062,174.05760192871094,169.1876678466797,276513
2018-08-09,172.57208251953125,176.52291870117188,171.93995666503906,172.44566345214844,167.6208038330078,118492
2018-08-10,172.003173828125,173.70993041992188,167.5782470703125,168.2103729248047,163.5040283203125,159890
2018-08-13,167.45181274414062,168.4948272705078,149.78372192382812,160.62478637695312,156.13067626953125,193608
2018-08-14,147.50804138183594,154.24024963378906,142.229736328125,145.51683044433594,141.44540405273438,551857
2018-08-16,144.1261444091797,149.08837890625,139.7012176513672,140.8074493408203,136.8677978515625,466225
2018-08-17,140.96548461914062,145.92771911621094,140.96548461914062,141.66082763671875,137.69732666015625,542587
2018-08-20,143.08311462402344,144.75827026367188,140.20692443847656,141.060302734375,137.1135711669922,158432
2018-08-21,141.5976104736328,151.6485137939453,140.17530822753906,147.6976776123047,143.5652618408203,1351247
2018-08-23,150.1313934326172,172.69851684570312,150.1313934326172,163.6906280517578,159.11074829101562,1903703
2018-08-24,162.9004669189453,170.04356384277344,159.2973175048828,161.44656372070312,156.92945861816406,663634
2018-08-27,162.55279541015625,164.3543701171875,153.1024169921875,154.4615020751953,150.13983154296875,208220
2018-08-28,154.8723907470703,158.28590393066406,146.6546630859375,147.855712890625,143.7188720703125,254445
2018-08-29,147.91893005371094,157.33770751953125,146.0225372314453,152.65992736816406,148.38864135742188,326697
2018-08-30,153.86097717285156,154.74595642089844,149.18319702148438,151.490478515625,147.25193786621094,130657
2018-08-31,149.6256866455078,152.8495635986328,147.98214721679688,148.32981872558594,144.17970275878906,99158
2018-09-03,149.53086853027344,150.32102966308594,146.21217346191406,146.9391326904297,142.8279266357422,106185
2018-09-04,147.91893005371094,147.91893005371094,142.9250946044922,144.18934631347656,140.15509033203125,94477
2018-09-05,143.74685668945312,145.35879516601562,141.72402954101562,143.46240234375,139.448486328125,84819
2018-09-06,144.69505310058594,147.28680419921875,142.2613525390625,142.6722412109375,138.680419921875,81625
2018-09-07,142.83026123046875,149.18319702148438,141.34475708007812,143.93649291992188,139.90928649902344,131679
2018-09-10,143.4307861328125,144.9163055419922,141.2815399169922,142.04010009765625,138.85874938964844,98041
2018-09-11,143.14633178710938,145.64324951171875,138.40533447265625,139.47996520996094,136.35595703125,135661
2018-09-12,137.89964294433594,140.33334350585938,136.6353759765625,137.5835723876953,134.50204467773438,75867
2018-09-14,140.58619689941406,144.03131103515625,138.12088012695312,140.93386840820312,137.7772979736328,108034
2018-09-17,140.27012634277344,142.19813537597656,138.0576629638672,139.416748046875,136.29415893554688,74764
2018-09-18,140.6494140625,144.6634521484375,139.4483642578125,141.12350463867188,137.96267700195312,119966
2018-09-19,142.60902404785156,144.15774536132812,136.95143127441406,138.97425842285156,135.86158752441406,132301
2018-09-21,139.7012176513672,141.37635803222656,127.15338897705078,132.02081298828125,129.0638885498047,136833
2018-09-24,131.35707092285156,132.11563110351562,127.0585708618164,130.69332885742188,127.76612091064453,102665
2018-09-25,128.95497131347656,136.16127014160156,125.79430389404297,133.88558959960938,130.8868865966797,138433
2018-09-26,135.78199768066406,135.78199768066406,126.52125549316406,128.0383758544922,125.17063903808594,48485
2018-09-27,129.27102661132812,129.58709716796875,122.00151062011719,123.92951202392578,121.15380096435547,94893
2018-09-28,123.89791107177734,125.79430389404297,113.27808380126953,116.09107971191406,113.49092864990234,134622
2018-10-01,114.4475326538086,115.96464538574219,107.46247100830078,112.0454330444336,109.53589630126953,160896
2018-10-03,112.20346069335938,115.20609283447266,110.1806411743164,112.39310455322266,109.87577819824219,71834
2018-10-04,111.82418060302734,112.14025115966797,108.72673797607422,109.95939636230469,107.49658203125,84490
2018-10-05,108.22103118896484,110.55992126464844,107.90496063232422,108.8215560913086,106.38422393798828,54588
2018-10-08,107.74693298339844,110.62313079833984,102.18416595458984,103.7328872680664,101.40953063964844,90397
2018-10-09,104.8075180053711,105.43965148925781,98.64422607421875,102.0577392578125,99.77190399169922,152241
2018-10-10,102.12095642089844,109.45368957519531,100.44580078125,108.03138732910156,105.61174774169922,115921
2018-10-11,106.0085678100586,106.22981262207031,101.96292114257812,104.45984649658203,102.12020111083984,65074
2018-10-12,107.08319091796875,120.04190063476562,105.43965148925781,112.51953125,109.9993667602539,227447
2018-10-15,113.43611907958984,123.26577758789062,112.61434936523438,120.26314544677734,117.5695571899414,250936
2018-10-16,118.52478790283203,124.53003692626953,118.52478790283203,119.8206558227539,117.13697052001953,92442
2018-10-17,121.17974090576172,124.15076446533203,114.41592407226562,115.3957290649414,112.81114959716797,113259
2018-10-19,115.36412048339844,116.56517791748047,110.68634796142578,113.40451049804688,110.86453247070312,43041
2018-10-22,114.63716888427734,115.45894622802734,108.25263977050781,109.07440948486328,106.63141632080078,314967
2018-10-23,107.46247100830078,110.55992126464844,105.88214111328125,106.73551940917969,104.34490203857422,29155
2018-10-24,108.53709411621094,111.25526428222656,106.79873657226562,107.49407958984375,105.08647918701172,50742
2018-10-25,105.56607818603516,110.62313079833984,101.96292114257812,108.66352081298828,106.22972869873047,85864
2018-10-26,109.35887145996094,115.01644897460938,107.46247100830078,109.48529052734375,107.03308868408203,143787
2018-10-29,111.7925796508789,115.17448425292969,108.72673797607422,111.82418060302734,109.3196029663086,72676
2018-10-30,111.82418060302734,115.04805755615234,110.46509552001953,112.80398559570312,110.27745819091797,93904
2018-10-31,113.53093719482422,115.04805755615234,112.23506927490234,112.96202087402344,110.43195343017578,36156
2018-11-01,114.66877746582031,117.54498291015625,112.55113220214844,116.56517791748047,113.95441436767578,89365
2018-11-02,122.00151062011719,122.00151062011719,116.94445037841797,117.51337432861328,114.8813705444336,105595
2018-11-05,116.94445037841797,117.89265441894531,113.15166473388672,113.7837905883789,111.23532104492188,44607
2018-11-06,115.55376434326172,115.68019104003906,112.93041229248047,114.28949737548828,111.72969818115234,45887
2018-11-07,115.8066177368164,115.83822631835938,114.38431549072266,114.921630859375,112.3476791381836,14493
2018-11-09,116.1226806640625,116.1226806640625,112.55113220214844,113.18326568603516,110.64824676513672,117298
2018-11-12,114.09986114501953,115.01644897460938,110.68634796142578,112.45631408691406,109.93757629394531,103231
2018-11-13,114.09986114501953,117.89265441894531,112.67755889892578,116.21749877929688,113.61450958251953,135272
2018-11-14,116.97605895996094,117.89265441894531,113.15166473388672,114.1946792602539,111.63699340820312,88470
2018-11-15,112.51953125,112.8355941772461,105.5976791381836,110.74955749511719,108.26904296875,151496
2018-11-16,110.11742401123047,120.83206939697266,108.9795913696289,114.4475326538086,111.88419342041016,163932
2018-11-19,115.36412048339844,116.91284942626953,112.9936294555664,115.77500915527344,113.18193817138672,27374
2018-11-20,113.81539916992188,116.15428924560547,111.91900634765625,114.70038604736328,112.13138580322266,55902
2018-11-21,114.1946792602539,116.94445037841797,112.39310455322266,116.43875122070312,113.830810546875,100431
2018-11-22,116.43875122070312,121.08492279052734,115.45894622802734,118.74603271484375,116.08641815185547,84219
2018-11-26,121.84347534179688,122.60203552246094,115.52215576171875,118.27193450927734,115.62294006347656,183646
2018-11-27,119.94708251953125,130.8513641357422,118.24032592773438,126.71089935302734,123.87289428710938,401866
2018-11-28,127.0585708618164,132.68453979492188,125.79430389404297,126.96375274658203,124.12007904052734,276185
2018-11-29,127.8487319946289,127.97515869140625,117.95586395263672,122.79167938232422,120.04145050048828,166371
2018-11-30,124.71968078613281,131.10421752929688,123.89791107177734,128.92335510253906,126.03579711914062,316473
2018-12-03,129.20782470703125,129.6186981201172,123.48702239990234,124.71968078613281,121.92626190185547,67843
2018-12-04,125.16217041015625,132.68453979492188,123.45541381835938,128.63890075683594,125.75770568847656,366401
2018-12-05,128.0067596435547,128.0067596435547,123.32898712158203,125.66787719726562,122.85322570800781,160765
2018-12-06,124.21397399902344,124.21397399902344,119.47298431396484,119.88386535644531,117.19876861572266,86478
2018-12-07,120.2315444946289,123.6766586303711,117.2605209350586,122.25436401367188,119.51615905761719,103672
2018-12-10,120.73724365234375,121.33777618408203,115.11127471923828,116.50196075439453,113.8926010131836,59479
2018-12-11,115.99625396728516,120.2315444946289,114.28949737548828,118.42996215820312,115.77742767333984,74054
2018-12-12,119.28334045410156,120.10511779785156,114.5107421875,115.61697387695312,113.0274429321289,389089
2018-12-13,116.31232452392578,119.47298431396484,115.58537292480469,116.28071594238281,113.67631530761719,159465
2018-12-14,117.19730377197266,118.84085083007812,115.36412048339844,115.83822631835938,113.24373626708984,95560
2018-12-17,116.37553405761719,120.67403411865234,114.5107421875,118.30353546142578,115.6538314819336,215328
2018-12-18,118.2087173461914,119.47298431396484,115.42733764648438,118.55638885498047,115.90101623535156,95538
2018-12-19,120.10511779785156,121.46419525146484,118.77764129638672,120.35797119140625,117.6622543334961,188449
2018-12-20,120.10511779785156,122.76007080078125,118.84085083007812,122.03311920166016,119.29988098144531,104087
2018-12-21,122.06472778320312,125.16217041015625,120.10511779785156,121.59062957763672,118.86730194091797,147483
2018-12-24,122.00151062011719,122.5704345703125,119.03048706054688,120.35797119140625,117.6622543334961,66846
2018-12-26,118.9356689453125,119.75743865966797,117.0076675415039,118.49317932128906,115.83922576904297,86627
2018-12-27,118.52478790283203,120.95849609375,116.40714263916016,117.0076675415039,114.38697814941406,53158
2018-12-28,116.94445037841797,118.39836120605469,116.31232452392578,117.45015716552734,114.81956481933594,67267
2018-12-31,102.5318374633789,114.76359558105469,102.5318374633789,113.05683898925781,110.52464294433594,1480017
2019-01-01,112.51953125,112.51953125,109.35887145996094,110.1806411743164,107.7128677368164,150574
2019-01-02,110.93920135498047,110.93920135498047,104.8707275390625,105.56607818603516,103.20166015625,294632
2019-01-03,107.14640808105469,107.46247100830078,102.4686279296875,103.00593566894531,100.6988525390625,291715
2019-01-04,103.03754425048828,103.63806915283203,99.37117767333984,99.90849304199219,97.6707992553711,210405
2019-01-07,100.50901794433594,101.55203247070312,94.21929931640625,96.74783325195312,94.58091735839844,490710
2019-01-08,98.9286880493164,98.9286880493164,95.60999298095703,96.71622467041016,94.55001831054688,142421
2019-01-09,97.6328125,97.88566589355469,93.5555648803711,94.5037612915039,92.38711547851562,141864
2019-01-10,94.5037612915039,95.89445495605469,91.15345764160156,91.78559112548828,89.72982025146484,187729
2019-01-11,92.19647979736328,92.19647979736328,88.65653991699219,89.22545623779297,87.2270278930664,155568
2019-01-14,89.41510009765625,89.57312774658203,85.43266296386719,86.12801361083984,84.19895935058594,142921
2019-01-15,86.15961456298828,97.82245635986328,82.20879364013672,94.28251647949219,92.17082977294922,732433
2019-01-16,95.1675033569336,104.30181121826172,94.81982421875,103.10076141357422,100.79157257080078,1166419
2019-01-17,102.91111755371094,102.91111755371094,92.98664093017578,98.10691833496094,95.9095687866211,304934
2019-01-18,98.89707946777344,101.64685821533203,95.6416015625,97.00068664550781,94.82810974121094,190308
2019-01-21,97.03228759765625,100.09812927246094,93.68199157714844,94.81982421875,92.69609832763672,158444
2019-01-22,95.57838439941406,95.57838439941406,92.60736846923828,93.08146667480469,90.9966812133789,49614
2019-01-23,92.38611602783203,92.417724609375,90.4897232055664,91.72238159179688,89.66802215576172,63515
2019-01-24,92.92343139648438,94.56697845458984,91.02703094482422,93.23949432373047,91.15116882324219,63091
2019-01-25,92.92343139648438,101.10954284667969,91.43791961669922,93.77680969238281,91.67643737792969,436907
2019-01-28,92.29129791259766,94.12448120117188,89.79438018798828,91.97523498535156,89.91522216796875,58870
2019-01-29,91.97523498535156,94.81982421875,91.37471008300781,93.1446762084961,91.05846405029297,112421
2019-01-30,94.18769836425781,100.50901794433594,93.23949432373047,97.69602966308594,95.50788116455078,279416
2019-01-31,96.87425994873047,100.50901794433594,96.71622467041016,99.30796813964844,97.0837173461914,77596
2019-02-01,99.2447509765625,102.91111755371094,97.9804916381836,99.62403106689453,97.3927001953125,111680
2019-02-04,99.2447509765625,99.87688446044922,96.9058609008789,97.44317626953125,95.26069641113281,100331
2019-02-05,97.34835815429688,100.50901794433594,96.1156997680664,96.30533599853516,94.14834594726562,52721
2019-02-06,95.83123779296875,97.9804916381836,95.48356628417969,96.3685531616211,94.21013641357422,34899
2019-02-07,95.57838439941406,97.7276382446289,95.57838439941406,96.77943420410156,94.61181640625,53503
2019-02-08,97.66442108154297,101.14115142822266,95.00946807861328,97.88566589355469,95.69326782226562,91906
2019-02-11,98.48619079589844,98.48619079589844,95.00946807861328,96.5265884399414,94.36463928222656,47842
2019-02-12,96.71622467041016,97.69602966308594,95.79962921142578,96.74783325195312,94.58091735839844,100448
2019-02-14,94.7566146850586,97.88566589355469,92.92343139648438,96.71622467041016,94.55001831054688,81356
2019-02-15,96.71622467041016,96.71622467041016,93.90323638916016,96.14730834960938,93.99385833740234,37291
2019-02-18,96.08409118652344,96.87425994873047,95.04107666015625,96.1156997680664,93.96294403076172,76302
2019-02-19,95.76802825927734,102.18416595458984,95.76802825927734,99.94010162353516,97.7016830444336,209335
2019-02-20,99.94010162353516,104.30181121826172,99.94010162353516,103.1955795288086,100.8842544555664,179459
2019-02-21,105.12358093261719,107.39926147460938,103.2587890625,106.26142120361328,103.88143157958984,137360
2019-02-22,109.86457061767578,109.86457061767578,107.01998138427734,108.91637420654297,106.47692108154297,177619
2019-02-25,108.1578140258789,111.88739776611328,108.1578140258789,110.68634796142578,108.2072525024414,132185
2019-02-26,108.72673797607422,114.28949737548828,106.22981262207031,110.08582305908203,107.62017059326172,124934
2019-02-27,109.35887145996094,112.20346069335938,107.52568817138672,109.13761901855469,106.6932144165039,57263
2019-02-28,110.05421447753906,111.88739776611328,108.72673797607422,110.87598419189453,108.39263916015625,37373
2019-03-01,111.57132720947266,113.7837905883789,110.65473937988281,111.66615295410156,109.16510772705078,67330
2019-03-05,113.15166473388672,118.84085083007812,111.85578918457031,118.55638885498047,115.90101623535156,259752
2019-03-06,119.50459289550781,125.98394775390625,119.50459289550781,123.45541381835938,120.69031524658203,282815
2019-03-07,124.75128936767578,133.8223876953125,124.0875473022461,130.5985107421875,127.67343139648438,739479
2019-03-08,130.8513641357422,134.58094787597656,129.5554962158203,130.4404754638672,127.5189437866211,190271
2019-03-11,130.21922302246094,140.33334350585938,128.6072998046875,137.425537109375,134.34754943847656,559689
2019-03-12,137.93124389648438,143.96810913085938,137.93124389648438,142.98829650878906,139.78570556640625,530786
2019-03-13,143.9997100830078,152.97598266601562,142.229736328125,151.68011474609375,148.28285217285156,702620
2019-03-14,153.2288360595703,156.76878356933594,145.7064666748047,150.668701171875,147.29409790039062,422870
2019-03-15,152.2806396484375,153.9241943359375,148.89874267578125,149.59408569335938,146.24354553222656,118574
2019-03-18,149.499267578125,151.68011474609375,143.7152557373047,148.2666015625,144.94578552246094,114490
2019-03-19,147.28680419921875,151.52207946777344,145.39039611816406,150.22621154785156,146.8615264892578,86948
2019-03-20,150.1313934326172,151.01637268066406,146.05413818359375,147.09715270996094,143.80255126953125,58467
2019-03-22,147.28680419921875,147.91893005371094,143.2095489501953,144.2525634765625,141.02166748046875,146850
2019-03-25,143.4307861328125,143.4307861328125,132.93739318847656,133.88558959960938,130.8868865966797,86496
2019-03-26,132.77935791015625,145.16915893554688,132.7477569580078,143.81007385253906,140.58909606933594,206168
2019-03-27,143.49400329589844,147.3184051513672,143.2095489501953,145.042724609375,141.79412841796875,148812
2019-03-28,147.28680419921875,151.71173095703125,142.45098876953125,151.04798889160156,147.66488647460938,237637
2019-04-01,155.5045166015625,157.3693084716797,151.71173095703125,153.00759887695312,149.5806121826172,115996
2019-04-02,153.86097717285156,154.8723907470703,150.22621154785156,151.39566040039062,148.00477600097656,57247
2019-04-03,151.58529663085938,152.97598266601562,140.93386840820312,148.5194549560547,145.19297790527344,62488
2019-04-04,148.1085662841797,151.07958984375,144.75827026367188,148.1401824951172,144.82220458984375,68555
2019-04-05,148.1401824951172,150.4158477783203,143.93649291992188,146.0225372314453,142.7519989013672,82463
2019-04-08,147.4764404296875,148.5510711669922,144.1261444091797,145.35879516601562,142.10313415527344,95872
2019-04-09,144.75827026367188,146.62306213378906,140.55459594726562,142.35617065429688,139.16773986816406,65347
2019-04-10,142.229736328125,143.49400329589844,138.0892791748047,139.95407104492188,136.81944274902344,74392
2019-04-11,139.7012176513672,141.2815399169922,134.2332763671875,136.12966918945312,133.08070373535156,75674
2019-04-12,136.16127014160156,140.01727294921875,135.37110900878906,137.2675018310547,134.19305419921875,102532
2019-04-15,138.43695068359375,138.43695068359375,132.14723205566406,133.63275146484375,130.63970947265625,104351
2019-04-16,133.88558959960938,135.4027099609375,129.90316772460938,131.04100036621094,128.1060028076172,112171
2019-04-18,132.02081298828125,133.91720581054688,124.53003692626953,127.0585708618164,124.21277618408203,136852
2019-04-22,125.98394775390625,126.36322021484375,123.2973861694336,124.40361022949219,121.61727905273438,52931
2019-04-23,124.11915588378906,130.0295867919922,123.26577758789062,124.71968078613281,121.92626190185547,113208
2019-04-24,125.63626861572266,126.36322021484375,120.73724365234375,122.31758117675781,119.57797241210938,85444
2019-04-25,123.0445327758789,124.53003692626953,119.78904724121094,120.83206939697266,118.125732421875,60887
2019-04-26,121.6854476928711,121.6854476928711,119.22013092041016,120.83206939697266,118.125732421875,91186
2019-04-30,120.8636703491211,122.06472778320312,116.31232452392578,120.8636703491211,118.15662384033203,54607
2019-05-02,118.36675262451172,120.67403411865234,115.14287567138672,118.0506820678711,115.4066390991211,65502
2019-05-03,118.08229064941406,118.49317932128906,115.93304443359375,116.40714263916016,113.79991912841797,46988
2019-05-06,114.921630859375,117.86104583740234,112.86720275878906,113.81539916992188,111.2662124633789,93195
2019-05-07,116.18589782714844,116.18589782714844,112.74077606201172,113.75218963623047,111.20442199707031,317825
2019-05-08,113.56254577636719,115.14287567138672,112.5827407836914,114.47914123535156,111.91509246826172,261136
2019-05-09,113.7837905883789,116.72320556640625,112.61434936523438,114.66877746582031,112.1004867553711,373379
2019-05-10,114.9848403930664,123.17095947265625,114.9848403930664,121.87508392333984,119.14537811279297,362571
2019-05-13,122.60203552246094,127.3746337890625,120.10511779785156,123.39220428466797,120.62853240966797,457377
2019-05-14,123.01292419433594,129.58709716796875,120.80046081542969,128.38604736328125,125.5105209350586,256144
2019-05-15,128.38604736328125,136.91983032226562,128.38604736328125,135.90841674804688,132.86441040039062,400490
2019-05-16,135.94003295898438,145.16915893554688,135.8135986328125,141.81886291503906,138.6424560546875,368203
2019-05-17,142.83026123046875,147.6344757080078,142.83026123046875,144.53701782226562,141.29974365234375,393982
2019-05-20,149.18319702148438,150.4474639892578,144.47381591796875,146.4018096923828,143.12277221679688,279326
2019-05-21,146.4966278076172,146.6546630859375,142.229736328125,143.49400329589844,140.2801055908203,169689
2019-05-22,142.2613525390625,149.84693908691406,142.2613525390625,148.5510711669922,145.22389221191406,253785
2019-05-23,150.8267364501953,164.3543701171875,149.2464141845703,157.30609130859375,153.7828369140625,1377702
2019-05-24,158.66517639160156,164.3543701171875,156.76878356933594,157.9066162109375,154.36988830566406,930375
2019-05-27,158.09625244140625,159.2973175048828,152.6915283203125,157.84341430664062,154.30810546875,341555
2019-05-28,156.8636016845703,160.40354919433594,155.53611755371094,157.52734375,153.99911499023438,274958
2019-05-29,154.303466796875,155.22006225585938,149.4676513671875,153.29205322265625,149.85870361328125,272852
2019-05-30,153.60812377929688,157.96983337402344,153.60812377929688,157.14805603027344,153.62832641601562,267002
2019-05-31,158.38072204589844,161.6994171142578,156.76878356933594,159.86622619628906,156.28561401367188,680852
2019-06-03,159.86622619628906,161.03567504882812,156.76878356933594,158.4755401611328,154.92608642578125,263841
2019-06-04,158.4755401611328,164.29115295410156,158.34910583496094,163.46937561035156,159.8080596923828,328179
2019-06-06,163.1217041015625,164.9232940673828,162.45797729492188,163.6906280517578,160.0243682861328,226489
2019-06-07,163.4061737060547,164.9232940673828,158.66517639160156,161.0040740966797,157.39797973632812,249080
2019-06-10,158.9812469482422,165.555419921875,158.9812469482422,164.6072235107422,160.92042541503906,334029
2019-06-11,164.9864959716797,166.88290405273438,163.50099182128906,165.9346923828125,162.21817016601562,256808
2019-06-12,166.25076293945312,166.28236389160156,163.09010314941406,166.15594482421875,162.43446350097656,116855
2019-06-13,163.24813842773438,169.4114227294922,163.24813842773438,169.34820556640625,165.5552215576172,395032
2019-06-14,170.01194763183594,172.1295928955078,168.05233764648438,171.62388610839844,167.77993774414062,289929
2019-06-17,173.7415313720703,173.7415313720703,168.81089782714844,169.91712951660156,166.1114044189453,147782
2019-06-18,169.66427612304688,171.5606689453125,164.9864959716797,167.89430236816406,164.13389587402344,197632
2019-06-19,167.51502990722656,167.51502990722656,163.4061737060547,163.97508239746094,160.3024444580078,157732
2019-06-20,159.6765899658203,168.14715576171875,159.6765899658203,164.6072235107422,160.92042541503906,122393
2019-06-21,164.6072235107422,166.88290405273438,161.509765625,165.1761474609375,161.4766082763672,150250
2019-06-24,166.02952575683594,167.19895935058594,160.62478637695312,161.47816467285156,157.86146545410156,148777
2019-06-25,161.19371032714844,165.36578369140625,159.07606506347656,162.93206787109375,159.28280639648438,225941
2019-06-26,162.67921447753906,163.43777465820312,158.8864288330078,161.47816467285156,157.86146545410156,219705
2019-06-27,160.52996826171875,162.80564880371094,158.34910583496094,161.32012939453125,157.7069549560547,334244
2019-06-28,161.6678009033203,161.6994171142578,158.66517639160156,158.69679260253906,155.1423797607422,353967
2019-07-01,158.03305053710938,160.4983673095703,157.08485412597656,157.14805603027344,153.62832641601562,258417
2019-07-02,158.5703582763672,158.5703582763672,147.6976776123047,155.88380432128906,152.3924102783203,395472
2019-07-03,152.34385681152344,155.88380432128906,149.7521209716797,154.5563201904297,151.0946502685547,326341
2019-07-04,155.3464813232422,156.42111206054688,152.312255859375,152.81796264648438,149.39523315429688,261208
2019-07-05,155.3464813232422,155.3464813232422,148.5510711669922,150.09979248046875,146.73793029785156,213132
2019-07-08,151.01637268066406,151.01637268066406,137.74160766601562,145.26397705078125,142.01043701171875,527698
2019-07-09,143.9997100830078,145.51683044433594,138.43695068359375,139.6063995361328,136.47955322265625,310980
2019-07-10,140.93386840820312,141.6924285888672,135.33950805664062,135.90841674804688,132.86441040039062,254516
2019-07-11,135.9716339111328,142.86187744140625,133.37989807128906,140.8074493408203,137.65370178222656,289477
2019-07-12,140.93386840820312,142.86187744140625,139.416748046875,141.0286865234375,137.8699951171875,290625
2019-07-15,141.09190368652344,146.0225372314453,141.060302734375,145.4852294921875,142.22671508789062,303088
2019-07-16,145.51683044433594,146.62306213378906,143.08311462402344,144.56863403320312,141.33065795898438,172133
2019-07-17,145.92771911621094,146.4018096923828,142.19813537597656,143.36758422851562,140.156494140625,71159
2019-07-18,143.36758422851562,144.56863403320312,137.20428466796875,138.6265869140625,135.52169799804688,289034
2019-07-19,138.43695068359375,141.1867218017578,136.28770446777344,140.6494140625,137.4992218017578,165546
2019-07-22,144.1261444091797,144.1261444091797,138.4685516357422,140.238525390625,137.0975341796875,85187
2019-07-23,140.238525390625,142.16653442382812,138.75302124023438,140.7758331298828,137.62281799316406,102432
2019-07-24,141.50279235839844,142.04010009765625,138.18409729003906,139.7012176513672,136.572265625,87619
2019-07-25,138.8794403076172,140.6494140625,136.91983032226562,139.7012176513672,136.572265625,79614
2019-07-26,138.94265747070312,140.33334350585938,137.425537109375,139.9856719970703,136.85035705566406,46781
2019-07-29,140.1121063232422,140.1121063232422,135.90841674804688,138.12088012695312,135.02731323242188,75052
2019-07-30,137.425537109375,140.01727294921875,136.3509063720703,137.45713806152344,134.37843322753906,277627
2019-07-31,137.45713806152344,140.14370727539062,134.0436248779297,134.64414978027344,131.62844848632812,114156
2019-08-01,133.47471618652344,135.5607452392578,123.64505767822266,129.49227905273438,126.59197998046875,139716
2019-08-02,129.9347686767578,137.14108276367188,123.92951202392578,132.96900939941406,129.9908447265625,245405
2019-08-05,129.74513244628906,130.8513641357422,125.00414276123047,127.0585708618164,124.21277618408203,120648
2019-08-06,125.79430389404297,140.27012634277344,124.34040069580078,134.17005920410156,131.16497802734375,438345
2019-08-07,135.2762908935547,139.00587463378906,134.70736694335938,136.3509063720703,133.2969970703125,151520
2019-08-08,137.8048095703125,140.99708557128906,135.8135986328125,138.94265747070312,135.8306884765625,61612
2019-08-09,137.77320861816406,146.9075164794922,137.14108276367188,144.88470458984375,141.6396484375,149938
2019-08-13,144.1261444091797,150.06817626953125,140.33334350585938,143.873291015625,140.65087890625,301109
2019-08-14,142.60902404785156,146.275390625,139.1638946533203,140.74423217773438,137.5919189453125,62567
2019-08-16,140.3649444580078,142.229736328125,136.6353759765625,141.4395751953125,138.2716827392578,59781
2019-08-19,138.43695068359375,142.9250946044922,137.23590087890625,138.31051635742188,135.2126922607422,36712
2019-08-20,137.14108276367188,139.5747833251953,134.7389678955078,134.96022033691406,131.93743896484375,22449
2019-08-21,134.96022033691406,135.6555633544922,128.48086547851562,129.20782470703125,126.31388092041016,51251
2019-08-22,129.20782470703125,131.45188903808594,123.2973861694336,124.5616455078125,121.77176666259766,67490
2019-08-23,124.5616455078125,133.6643524169922,120.45278930664062,131.9575958251953,129.0020751953125,94437
2019-08-26,133.47471618652344,140.30174255371094,132.27366638183594,138.94265747070312,135.8306884765625,214327
2019-08-27,139.06907653808594,140.74423217773438,136.66697692871094,139.5747833251953,136.4486541748047,137593
2019-08-28,139.82763671875,141.91368103027344,137.8048095703125,139.95407104492188,136.81944274902344,145358
2019-08-29,140.238525390625,141.2815399169922,136.69857788085938,138.34213256835938,135.2436065673828,128594
2019-08-30,138.15249633789062,140.17530822753906,136.00323486328125,137.61517333984375,134.53292846679688,111978
2019-09-03,133.72756958007812,137.8048095703125,131.86277770996094,135.30789184570312,132.27732849121094,146989
2019-09-04,134.3596954345703,145.042724609375,134.32809448242188,143.49400329589844,140.2801055908203,238649
2019-09-05,144.03131103515625,149.18319702148438,143.52561950683594,148.8355255126953,145.50196838378906,262851
2019-09-06,148.5510711669922,149.7521209716797,147.91893005371094,148.96194458007812,145.62557983398438,135261
2019-09-09,148.5510711669922,149.81532287597656,145.39039611816406,148.99356079101562,145.656494140625,151577
2019-09-11,149.8785400390625,152.2806396484375,146.33860778808594,150.5106658935547,147.13961791992188,146948
2019-09-12,149.81532287597656,153.41848754882812,148.07696533203125,148.5194549560547,145.19297790527344,154523
2019-09-13,150.4474639892578,152.97598266601562,147.28680419921875,152.34385681152344,148.9317169189453,189153
2019-09-16,151.68011474609375,160.37193298339844,149.37283325195312,155.3464813232422,151.8671112060547,231494
2019-09-17,155.3464813232422,155.5045166015625,146.4018096923828,148.61427307128906,145.28567504882812,102227
2019-09-18,150.38424682617188,151.71173095703125,147.41322326660156,150.35264587402344,146.985107421875,215943
2019-09-19,147.66607666015625,151.68011474609375,142.86187744140625,150.668701171875,147.29409790039062,170227
2019-09-20,149.40444946289062,156.76878356933594,147.98214721679688,150.4474639892578,147.448974609375,581826
2019-09-23,150.5422821044922,153.1024169921875,149.18319702148438,150.98477172851562,147.9755859375,108197
2019-09-24,151.07958984375,156.0734405517578,148.70909118652344,154.61953735351562,151.53790283203125,208562
2019-09-25,154.61953735351562,154.61953735351562,150.8267364501953,152.18582153320312,149.1527099609375,81394
2019-09-26,153.60812377929688,153.60812377929688,151.17440795898438,152.81796264648438,149.77224731445312,132483
2019-09-27,151.1112060546875,153.00759887695312,149.37283325195312,149.84693908691406,146.8604278564453,51688
2019-09-30,152.312255859375,152.312255859375,141.8504638671875,144.72666931152344,141.84222412109375,61186
2019-10-01,150.9531707763672,150.98477172851562,141.0286865234375,144.69505310058594,141.8112335205078,133203
2019-10-03,144.69505310058594,149.81532287597656,142.86187744140625,145.45361328125,142.55465698242188,176626
2019-10-04,145.58004760742188,148.20338439941406,142.229736328125,142.7986602783203,139.95263671875,47594
2019-10-07,142.86187744140625,143.33596801757812,134.64414978027344,135.9716339111328,133.26165771484375,85325
2019-10-09,136.0664520263672,137.61517333984375,115.99625396728516,132.8425750732422,130.19496154785156,145392
2019-10-10,132.5897216796875,136.4773406982422,129.04978942871094,131.1674346923828,128.55320739746094,115509
2019-10-11,131.0093994140625,135.52914428710938,128.54408264160156,135.11825561523438,132.42529296875,70314
2019-10-14,138.12088012695312,141.40797424316406,134.20166015625,137.89964294433594,135.15126037597656,105269
2019-10-15,139.38514709472656,139.7012176513672,135.90841674804688,137.77320861816406,135.02732849121094,60748
2019-10-16,138.97425842285156,140.6177978515625,136.82501220703125,139.2587127685547,136.48321533203125,45844
2019-10-17,140.01727294921875,147.6028594970703,134.29647827148438,143.90489196777344,141.03680419921875,372192
2019-10-18,143.08311462402344,152.97598266601562,143.08311462402344,150.35264587402344,147.35604858398438,557522
2019-10-22,149.81532287597656,160.4667510986328,147.28680419921875,151.77493286132812,148.75,251512
2019-10-23,152.0594024658203,153.60812377929688,148.74070739746094,150.60549926757812,147.6038818359375,67321
2019-10-24,148.5510711669922,153.60812377929688,146.71788024902344,149.97335815429688,146.9843292236328,82098
2019-10-25,147.3184051513672,158.41232299804688,147.3184051513672,152.50189208984375,149.4624786376953,140035
2019-10-27,150.4474639892578,153.16563415527344,149.18319702148438,150.668701171875,147.66580200195312,5628
2019-10-29,149.81532287597656,159.04446411132812,149.27801513671875,156.9584197998047,153.83016967773438,404246
2019-10-30,156.99002075195312,157.40090942382812,148.5510711669922,150.63710021972656,147.6348419189453,136791
2019-10-31,152.1226043701172,152.78634643554688,145.80128479003906,150.88995361328125,147.88265991210938,100240
2019-11-01,147.91893005371094,152.62831115722656,147.35000610351562,149.37283325195312,146.39576721191406,33962
2019-11-04,147.50804138183594,151.52207946777344,147.41322326660156,149.8785400390625,146.8914031982422,34679
2019-11-05,151.39566040039062,151.58529663085938,142.9250946044922,144.2525634765625,141.37754821777344,77545
2019-11-06,142.229736328125,147.7292938232422,142.229736328125,146.21217346191406,143.29811096191406,47403
2019-11-07,147.03395080566406,147.91893005371094,142.95669555664062,144.9163055419922,142.02806091308594,63298
2019-11-08,143.49400329589844,144.63185119628906,141.66082763671875,142.35617065429688,139.51895141601562,36493
2019-11-11,142.35617065429688,144.72666931152344,140.55459594726562,142.29295349121094,139.45700073242188,49222
2019-11-13,142.86187744140625,151.30084228515625,140.4913787841797,143.01991271972656,140.16946411132812,68183
2019-11-14,144.34738159179688,148.17178344726562,142.98829650878906,145.6116485595703,142.70956420898438,45213
2019-11-15,147.91893005371094,147.91893005371094,143.01991271972656,143.65203857421875,140.7889862060547,139782
2019-11-18,142.3877716064453,147.91893005371094,142.32455444335938,145.83290100097656,142.9263916015625,141104
2019-11-19,146.97073364257812,149.11997985839844,141.3131561279297,144.97952270507812,142.09002685546875,135291
2019-11-20,143.81007385253906,153.481689453125,143.81007385253906,148.64588928222656,145.68333435058594,297760
2019-11-21,149.18319702148438,151.07958984375,146.74948120117188,148.99356079101562,146.02406311035156,50150
2019-11-22,150.57388305664062,153.60812377929688,148.0453643798828,151.6485137939453,148.62608337402344,199997
2019-11-25,151.6485137939453,159.5501708984375,149.4676513671875,156.9584197998047,153.83016967773438,537841
2019-11-26,157.81179809570312,158.50714111328125,153.60812377929688,153.9241943359375,150.85643005371094,99797
2019-11-27,153.16563415527344,155.3464813232422,151.9013671875,153.2604522705078,150.20590209960938,46695
2019-11-28,153.60812377929688,163.09010314941406,153.3552703857422,161.0040740966797,157.79519653320312,441943
2019-11-29,160.84603881835938,160.84603881835938,156.1366424560547,156.4527130126953,153.33456420898438,86409
2019-12-02,156.1366424560547,157.02163696289062,153.07081604003906,153.5133056640625,150.45372009277344,42900
2019-12-03,152.47027587890625,158.60195922851562,148.89874267578125,156.0734405517578,152.9628448486328,108847
2019-12-04,154.8723907470703,155.82058715820312,151.96458435058594,153.38687133789062,150.32981872558594,41529
2019-12-05,152.65992736816406,154.1454315185547,148.677490234375,150.60549926757812,147.6038818359375,36269
2019-12-06,150.60549926757812,151.490478515625,144.75827026367188,145.4852294921875,142.5856475830078,76385
2019-12-09,147.53965759277344,147.53965759277344,142.229736328125,142.70384216308594,139.8596954345703,44574
2019-12-10,143.77847290039062,143.81007385253906,136.12966918945312,137.86802673339844,135.12026977539062,79739
2019-12-11,138.68980407714844,140.74423217773438,135.94003295898438,139.35354614257812,136.576171875,50421
2019-12-12,137.83642578125,142.98829650878906,135.94003295898438,141.72402954101562,138.8994140625,161088
2019-12-13,137.8048095703125,146.275390625,137.8048095703125,143.4307861328125,140.57215881347656,47717
2019-12-16,144.47381591796875,144.6634521484375,141.6924285888672,142.57740783691406,139.73577880859375,15958
2019-12-17,141.060302734375,145.01112365722656,138.43695068359375,144.2525634765625,141.37754821777344,73492
2019-12-18,144.69505310058594,144.69505310058594,140.96548461914062,142.76705932617188,139.92166137695312,42809
2019-12-19,139.92245483398438,143.14633178710938,139.82763671875,140.6177978515625,137.8152313232422,18831
2019-12-20,140.33334350585938,143.01991271972656,138.94265747070312,140.8706512451172,138.0630340576172,27345
2019-12-23,142.229736328125,146.46502685546875,139.92245483398438,142.1033172607422,139.27114868164062,95976
2019-12-24,141.91368103027344,144.97952270507812,140.96548461914062,141.2815399169922,138.4657440185547,38691
2019-12-26,141.37635803222656,142.16653442382812,138.4685516357422,140.55459594726562,137.75328063964844,34144
2019-12-27,141.9768829345703,142.19813537597656,139.1955108642578,140.3649444580078,137.56741333007812,28421
2019-12-30,139.10069274902344,141.12350463867188,137.1726837158203,138.31051635742188,135.55392456054688,32624
2019-12-31,138.7846221923828,143.4307861328125,137.83642578125,138.53176879882812,135.77078247070312,116958
2020-01-01,137.64678955078125,141.9768829345703,137.61517333984375,138.65818786621094,135.89466857910156,39108
2020-01-02,138.75302124023438,143.2095489501953,137.52035522460938,142.60902404785156,139.7667694091797,71480
2020-01-03,143.81007385253906,144.75827026367188,140.55459594726562,141.21832275390625,138.40379333496094,44691
2020-01-06,140.33334350585938,140.96548461914062,134.32809448242188,135.11825561523438,132.42529296875,31396
2020-01-07,136.00323486328125,139.00587463378906,136.00323486328125,137.0462646484375,134.31488037109375,19723
2020-01-08,132.7477569580078,137.77320861816406,131.48348999023438,134.612548828125,131.92967224121094,51492
2020-01-09,136.41412353515625,140.0804901123047,136.41412353515625,138.68980407714844,135.9256591796875,36777
2020-01-10,140.33334350585938,141.5976104736328,136.4773406982422,138.0892791748047,135.33709716796875,25747
2020-01-13,138.43695068359375,143.3043670654297,138.43695068359375,139.9856719970703,137.19570922851562,74797
2020-01-14,140.8706512451172,142.76705932617188,138.27891540527344,140.52297973632812,137.7222900390625,44008
2020-01-15,141.75564575195312,141.75564575195312,130.21922302246094,132.90579223632812,130.25692749023438,111358
2020-01-16,134.58094787597656,142.04010009765625,134.0436248779297,137.64678955078125,134.90342712402344,84488
2020-01-17,135.90841674804688,139.63800048828125,135.90841674804688,137.5519561767578,134.8105010986328,45982
2020-01-20,137.5519561767578,139.00587463378906,137.48875427246094,137.9628448486328,135.2131805419922,19745
2020-01-21,137.8048095703125,139.63800048828125,136.03485107421875,138.91104125976562,136.14248657226562,38216
2020-01-22,139.06907653808594,139.22711181640625,134.10684204101562,136.16127014160156,133.44752502441406,26534
2020-01-23,138.40533447265625,138.94265747070312,135.30789184570312,138.34213256835938,135.5849151611328,23980
2020-01-24,137.1726837158203,138.97425842285156,136.25608825683594,136.91983032226562,134.19097900390625,22428
2020-01-27,138.43695068359375,138.43695068359375,136.0664520263672,137.0146484375,134.2838897705078,20604
2020-01-28,136.7617950439453,138.97425842285156,134.42291259765625,135.08665466308594,132.3943328857422,22707
2020-01-29,133.75917053222656,137.39393615722656,132.3368682861328,133.63275146484375,130.9694061279297,32200
2020-01-30,132.8741912841797,138.34213256835938,130.28244018554688,135.71878051757812,133.01385498046875,29878
2020-01-31,135.71878051757812,137.61517333984375,133.72756958007812,134.89700317382812,132.2084503173828,85455
2020-02-03,128.8601531982422,137.0146484375,127.0585708618164,135.30789184570312,132.6111602783203,138054
2020-02-04,137.8048095703125,142.76705932617188,136.7934112548828,141.0286865234375,138.21792602539062,178261
2020-02-05,140.33334350585938,143.49400329589844,139.95407104492188,143.051513671875,140.200439453125,160847
2020-02-06,142.54580688476562,145.35879516601562,142.07171630859375,144.75827026367188,141.8731689453125,235806
2020-02-07,145.39039611816406,145.4852294921875,142.8934783935547,144.63185119628906,141.74928283691406,146292
2020-02-10,143.1779327392578,147.28680419921875,143.1779327392578,146.4966278076172,143.57688903808594,189534
2020-02-11,147.6976776123047,152.97598266601562,145.10594177246094,152.1226043701172,149.0907440185547,437550
2020-02-12,151.17440795898438,154.8723907470703,150.35264587402344,151.68011474609375,148.6570587158203,116924
2020-02-13,151.80654907226562,158.00143432617188,148.70909118652344,153.7661590576172,150.7015380859375,519858
2020-02-14,154.49310302734375,155.44129943847656,147.35000610351562,152.78634643554688,149.7412567138672,261669
2020-02-17,149.0567626953125,156.76878356933594,148.86712646484375,153.60812377929688,150.54666137695312,276940
2020-02-18,153.60812377929688,161.19371032714844,150.4474639892578,155.59933471679688,152.4981689453125,758148
2020-02-19,152.21742248535156,160.1822967529297,152.18582153320312,159.07606506347656,155.90562438964844,372618
2020-02-20,157.40090942382812,161.7942352294922,155.47291564941406,158.69679260253906,155.53390502929688,149788
2020-02-24,156.92681884765625,158.60195922851562,155.15684509277344,157.6537628173828,154.5116729736328,123898
2020-02-25,156.83200073242188,165.61863708496094,155.2516632080078,163.43777465820312,160.18038940429688,481296
2020-02-26,165.61863708496094,165.61863708496094,161.19371032714844,164.1963348388672,160.92384338378906,99555
2020-02-27,162.96368408203125,165.6818389892578,158.79161071777344,164.32276916503906,161.04774475097656,144556
2020-02-28,160.5615692138672,160.5615692138672,151.71173095703125,156.67396545410156,153.5513916015625,143477
2020-03-02,154.8723907470703,165.27096557617188,152.47027587890625,157.21127319335938,154.07798767089844,467300
2020-03-03,158.03305053710938,160.5615692138672,152.34385681152344,156.0418243408203,152.9318389892578,101662
2020-03-04,158.00143432617188,160.5615692138672,152.97598266601562,157.6853790283203,154.5426483154297,148236
2020-03-05,156.4843292236328,159.01284790039062,153.32366943359375,154.61953735351562,151.53790283203125,73416
2020-03-06,149.11997985839844,155.5045166015625,145.39039611816406,155.15684509277344,152.06451416015625,275839
2020-03-09,150.4474639892578,162.96368408203125,148.61427307128906,156.1682586669922,153.05575561523438,159308
2020-03-11,156.1366424560547,161.19371032714844,153.45008850097656,154.24024963378906,151.1661834716797,122816
2020-03-12,156.0734405517578,156.0734405517578,126.9005355834961,128.51246643066406,125.951171875,133049
2020-03-13,114.00503540039062,149.08837890625,102.81629943847656,139.51156616210938,136.73104858398438,208915
2020-03-16,139.06907653808594,139.06907653808594,121.62223052978516,123.360595703125,120.90196990966797,100232
2020-03-17,124.53003692626953,131.6731414794922,113.46772766113281,114.89002227783203,112.6002197265625,150011
2020-03-18,120.01029205322266,121.90669250488281,112.51953125,113.7837905883789,111.51603698730469,78943
2020-03-19,112.51953125,119.47298431396484,107.43086242675781,117.60819244384766,115.26421356201172,170793
2020-03-20,116.94445037841797,120.8636703491211,113.97343444824219,117.70301055908203,115.35713958740234,72279
2020-03-23,108.72673797607422,138.0576629638672,102.7846908569336,104.68109130859375,102.59475708007812,92842
2020-03-24,110.93920135498047,110.93920135498047,105.06037139892578,105.69249725341797,103.58599853515625,22484
2020-03-25,103.70128631591797,106.19820404052734,103.03754425048828,103.54325103759766,101.4795913696289,42203
2020-03-26,104.3966293334961,114.38431549072266,104.3966293334961,107.96817779541016,105.81632995605469,37008
2020-03-27,113.7837905883789,114.921630859375,108.72673797607422,112.67755889892578,110.43184661865234,22424
2020-03-30,109.99099731445312,111.06562805175781,100.60383605957031,104.04895782470703,101.9752197265625,21060
2020-03-31,104.04895782470703,107.39926147460938,97.69602966308594,102.31059265136719,100.27149963378906,35114
2020-04-01,102.91111755371094,103.16397094726562,94.94625091552734,99.52921295166016,97.5455551147461,36310
2020-04-03,102.18416595458984,106.19820404052734,94.81982421875,98.043701171875,96.08965301513672,80555
2020-04-07,102.8795166015625,103.03754425048828,98.26494598388672,99.6556396484375,97.66946411132812,49201
2020-04-08,98.61261749267578,102.97433471679688,97.9804916381836,99.62403106689453,97.63848114013672,31507
2020-04-09,100.47740936279297,113.34130096435547,85.6539077758789,104.8707275390625,102.78060913085938,248859
2020-04-13,106.83033752441406,106.83033752441406,98.61261749267578,100.60383605957031,98.5987548828125,24703
2020-04-15,98.10691833496094,104.30181121826172,95.89445495605469,98.10691833496094,96.15160369873047,43819
2020-04-16,98.10691833496094,105.56607818603516,96.55818939208984,102.08934783935547,100.0546646118164,52712
2020-04-17,105.25000762939453,106.19820404052734,96.40016174316406,98.35977172851562,96.39942169189453,68379
2020-04-20,99.87688446044922,104.23859405517578,99.21314239501953,100.91990661621094,98.90853118896484,48018
2020-04-21,100.41419982910156,101.39400482177734,96.71622467041016,100.35098266601562,98.3509521484375,597895
2020-04-22,100.3825912475586,101.39400482177734,97.34835815429688,98.32816314697266,96.36844635009766,17983
2020-04-23,100.73026275634766,102.31059265136719,96.71622467041016,97.88566589355469,95.93476867675781,32192
2020-04-24,97.7276382446289,100.31938171386719,97.69602966308594,98.01209259033203,96.05867767333984,169167
2020-04-27,97.9804916381836,111.3184814453125,93.5555648803711,105.43965148925781,103.33819580078125,349513
2020-04-28,104.90233612060547,104.93394470214844,100.19294738769531,100.7934799194336,98.78462982177734,71230
2020-04-29,103.06915283203125,103.669677734375,98.26494598388672,100.28777313232422,98.28899383544922,62985
2020-04-30,101.14115142822266,109.295654296875,99.87688446044922,106.04017639160156,103.9267578125,265729
2020-05-04,100.19294738769531,101.7416763305664,99.2447509765625,99.6556396484375,97.66946411132812,75158
2020-05-05,100.0665283203125,103.6064682006836,96.40016174316406,97.19032287597656,95.25328063964844,27415
2020-05-06,97.9804916381836,99.11832427978516,94.18769836425781,94.78822326660156,92.89905548095703,40358
2020-05-07,96.55818939208984,97.6328125,92.92343139648438,93.3027114868164,91.44315338134766,25277
2020-05-08,95.7048110961914,95.7048110961914,90.39490509033203,91.2166748046875,89.39869689941406,42381
2020-05-11,90.0788345336914,93.23949432373047,83.5046615600586,85.55908966064453,83.85386657714844,61158
2020-05-12,87.04460144042969,88.37207794189453,82.17718505859375,86.53889465332031,84.81414031982422,49655
2020-05-13,91.02703094482422,91.65916442871094,87.86637115478516,88.8777847290039,87.10641479492188,123912
2020-05-14,88.24565124511719,88.49850463867188,86.380859375,87.01299285888672,85.27879333496094,19176
2020-05-15,89.69955444335938,89.73116302490234,86.15961456298828,86.60211181640625,84.8760986328125,15082
2020-05-18,86.19122314453125,88.05601501464844,75.88746643066406,76.6776351928711,75.14942169189453,123083
2020-05-19,77.75225830078125,79.71186828613281,69.09204864501953,71.27290344238281,69.85240936279297,222736
2020-05-20,71.55736541748047,85.52748107910156,70.22988891601562,84.67410278320312,82.98651123046875,1085948
2020-05-21,84.10518646240234,84.64250183105469,77.1517333984375,77.72064971923828,76.17164611816406,257991
2020-05-22,78.70045471191406,80.88130950927734,75.91907501220703,76.61441802978516,75.08745574951172,94880
2020-05-26,77.12012481689453,79.01652526855469,75.539794921875,75.98228454589844,74.46792602539062,332400
2020-05-27,74.59159851074219,77.72064971923828,73.32733154296875,76.39317321777344,74.8706283569336,61612
2020-05-28,77.12012481689453,78.73206329345703,75.85586547851562,76.39317321777344,74.8706283569336,71859
2020-05-29,76.39317321777344,77.43619537353516,75.2237319946289,76.23513793945312,74.71574401855469,326213
2020-06-01,76.61441802978516,81.86111450195312,74.68641662597656,78.22635650634766,76.66728210449219,630809
2020-06-02,78.8268814086914,85.21141815185547,77.18334197998047,83.0937728881836,81.43768310546875,494548
2020-06-03,83.1885986328125,86.60211181640625,83.1885986328125,84.16840362548828,82.49089050292969,137004
2020-06-04,83.56787872314453,84.83213806152344,80.50203704833984,82.0507583618164,80.41545104980469,58835
2020-06-05,82.71449279785156,85.96997833251953,80.2807846069336,81.32380676269531,79.70299530029297,210484
2020-06-08,84.01036834716797,85.96997833251953,82.46163940429688,84.61089324951172,82.924560546875,166623
2020-06-09,85.46427154541016,91.34310150146484,85.33784484863281,88.24565124511719,86.48688507080078,562477
2020-06-10,88.68814849853516,97.82245635986328,88.53011322021484,95.04107666015625,93.14686584472656,558443
2020-06-11,95.04107666015625,97.9804916381836,89.95240783691406,90.58454132080078,88.77915954589844,471466
2020-06-12,86.60211181640625,104.23859405517578,86.60211181640625,100.63544464111328,98.62974548339844,1416967
2020-06-15,100.856689453125,110.27545928955078,100.856689453125,105.31322479248047,103.21428680419922,963980
2020-06-16,107.77853393554688,109.99099731445312,104.30181121826172,105.85053253173828,103.74089050292969,321391
2020-06-17,107.39926147460938,108.72673797607422,102.12095642089844,106.73551940917969,104.60823059082031,155815
2020-06-18,107.46247100830078,109.86457061767578,104.52305603027344,106.29302978515625,104.17456817626953,261274
2020-06-19,109.99099731445312,112.32988739013672,106.35623931884766,107.33604431152344,105.19679260253906,534598
2020-06-22,107.90496063232422,110.62313079833984,107.90496063232422,109.2324447631836,107.0553970336914,155401
2020-06-23,109.99099731445312,117.51337432861328,109.99099731445312,116.09107971191406,113.77734375,324408
2020-06-24,118.2087173461914,137.74160766601562,117.57658386230469,136.4457244873047,133.72630310058594,1780417
2020-06-25,137.74160766601562,142.16653442382812,131.83116149902344,134.20166015625,131.5269775390625,950108
2020-06-26,136.4773406982422,139.00587463378906,132.7477569580078,136.66697692871094,133.94314575195312,287791
2020-06-29,138.43695068359375,139.00587463378906,131.1674346923828,132.11563110351562,129.48251342773438,106664
2020-06-30,133.37989807128906,138.5001678466797,130.21922302246094,132.8741912841797,130.22596740722656,186971
2020-07-01,136.54055786132812,139.8592529296875,129.6503143310547,135.6871795654297,132.98287963867188,421024
2020-07-02,135.78199768066406,136.8566131591797,133.12704467773438,134.20166015625,131.5269775390625,93850
2020-07-03,135.90841674804688,137.77320861816406,133.47471618652344,134.48611450195312,131.80575561523438,117450
2020-07-06,134.48611450195312,137.0462646484375,133.69595336914062,134.26487731933594,131.58892822265625,46966
2020-07-07,135.1498565673828,136.4773406982422,131.9575958251953,132.93739318847656,130.28790283203125,56132
2020-07-08,132.93739318847656,134.64414978027344,130.8513641357422,131.29385375976562,128.67710876464844,36864
2020-07-09,132.11563110351562,133.5695343017578,130.88296508789062,132.30526733398438,129.6683807373047,32896
2020-07-10,130.4404754638672,132.7477569580078,128.3228302001953,132.02081298828125,129.3896026611328,65910
2020-07-13,132.68453979492188,134.01202392578125,130.91458129882812,132.5897216796875,129.94715881347656,22841
2020-07-14,129.58709716796875,132.71615600585938,129.58709716796875,131.2306365966797,128.6151580810547,38463
2020-07-15,130.8513641357422,133.19024658203125,129.90316772460938,130.53529357910156,127.93367004394531,101977
2020-07-16,130.91458129882812,133.75917053222656,130.21922302246094,133.22186279296875,130.56671142578125,81846
2020-07-17,133.69595336914062,137.77320861816406,131.29385375976562,134.67576599121094,131.99160766601562,111712
2020-07-20,137.1726837158203,139.7012176513672,135.5923614501953,138.8794403076172,136.1115264892578,240324
2020-07-21,140.30174255371094,147.16036987304688,138.65818786621094,146.30699157714844,143.3910369873047,247305
2020-07-22,146.9391326904297,151.6485137939453,143.46240234375,148.5510711669922,145.59039306640625,232097
2020-07-23,149.81532287597656,152.91278076171875,148.5510711669922,150.9531707763672,147.94461059570312,87380
2020-07-24,152.97598266601562,166.02952575683594,152.6915283203125,164.06991577148438,160.7999267578125,853990
2020-07-27,166.85128784179688,169.25338745117188,161.32012939453125,163.3113555908203,160.05650329589844,703775
2020-07-28,162.9004669189453,164.3543701171875,151.26922607421875,152.40707397460938,149.3695526123047,430087
2020-07-29,153.60812377929688,157.81179809570312,149.56246948242188,151.30084228515625,148.2853546142578,253078
2020-07-30,151.26922607421875,154.80917358398438,151.17440795898438,152.1226043701172,149.0907440185547,82376
2020-07-31,154.8407745361328,154.8407745361328,150.76351928710938,152.75474548339844,149.7102813720703,51756
2020-08-03,152.78634643554688,154.5563201904297,151.93296813964844,152.37545776367188,149.33856201171875,65739
2020-08-04,152.97598266601562,154.17703247070312,144.0945281982422,150.0365753173828,147.04627990722656,230812
2020-08-05,149.2147979736328,152.5334930419922,141.66082763671875,145.042724609375,142.1519775390625,198168
2020-08-06,147.91893005371094,147.91893005371094,142.9250946044922,145.3271942138672,142.43077087402344,273192
2020-08-07,146.6546630859375,149.84693908691406,133.19024658203125,134.9918212890625,132.30136108398438,624491
2020-08-10,134.64414978027344,139.06907653808594,134.01202392578125,137.0146484375,134.2838897705078,213607
2020-08-11,136.57215881347656,141.2815399169922,136.57215881347656,139.13229370117188,136.35934448242188,146100
2020-08-12,137.8048095703125,142.8934783935547,137.8048095703125,141.88206481933594,139.05430603027344,122521
2020-08-13,142.229736328125,144.31578063964844,140.96548461914062,141.62921142578125,138.80648803710938,106438
2020-08-14,141.5976104736328,143.6836395263672,139.13229370117188,142.1033172607422,139.27114868164062,160937
2020-08-17,144.37899780273438,144.85308837890625,142.229736328125,143.7152557373047,140.85096740722656,227618
2020-08-18,143.77847290039062,146.55984497070312,142.7986602783203,144.60023498535156,141.71829223632812,122634
2020-08-19,145.95932006835938,147.28680419921875,143.5888214111328,146.37020874023438,143.4530029296875,365899
2020-08-20,144.1261444091797,149.68890380859375,142.86187744140625,148.20338439941406,145.2496337890625,295197
2020-08-21,148.61427307128906,152.78634643554688,148.61427307128906,151.45887756347656,148.44024658203125,528164
2020-08-24,152.65992736816406,153.60812377929688,150.5106658935547,151.8697509765625,148.84292602539062,343599
2020-08-25,154.8723907470703,156.1366424560547,150.8583526611328,154.01901245117188,150.94935607910156,403847
2020-08-26,153.60812377929688,160.5615692138672,151.7433319091797,158.09625244140625,154.94534301757812,629673
2020-08-27,159.86622619628906,161.35174560546875,156.80038452148438,159.929443359375,156.7419891357422,506912
2020-08-28,159.73980712890625,162.45797729492188,157.40090942382812,160.27711486816406,157.08273315429688,462659
2020-08-31,162.9952850341797,170.67568969726562,158.66517639160156,162.1735076904297,158.94131469726562,590991
2020-09-01,163.09010314941406,173.8363494873047,159.32891845703125,167.89430236816406,164.548095703125,672270
2020-09-02,168.779296875,180.1576690673828,168.779296875,178.1664581298828,174.61553955078125,932890
2020-09-03,180.94784545898438,183.31832885742188,175.29025268554688,178.51412963867188,174.95626831054688,661942
2020-09-04,176.36488342285156,182.49656677246094,173.3622589111328,179.0830535888672,175.51385498046875,467800
2020-09-07,179.0830535888672,182.05406188964844,175.10061645507812,178.76698303222656,175.20408630371094,511866
2020-09-08,179.33590698242188,180.06285095214844,173.89956665039062,177.02862548828125,173.5003662109375,430576
2020-09-09,175.7327423095703,186.47898864746094,171.93995666503906,180.75819396972656,177.15560913085938,634243
2020-09-10,183.255126953125,192.7371063232422,183.2235107421875,189.70286560058594,185.9219970703125,836007
2020-09-11,190.2401885986328,194.0645751953125,186.57382202148438,191.21998596191406,187.4088897705078,834747
2020-09-14,192.16818237304688,198.3630828857422,191.47283935546875,193.78012084960938,189.91799926757812,579698
2020-09-15,193.74851989746094,197.19363403320312,192.863525390625,195.10760498046875,191.2190399169922,927228
2020-09-16,194.12779235839844,195.9609832763672,189.1023406982422,193.685302734375,189.8250732421875,624984
2020-09-17,193.40084838867188,195.20242309570312,189.76608276367188,191.1251678466797,187.3159637451172,462868
2020-09-18,192.13658142089844,197.00399780273438,190.3033905029297,193.30601501464844,189.45333862304688,612409
2020-09-21,195.89776611328125,199.0584259033203,186.00489807128906,190.050537109375,186.2627410888672,564685
2020-09-22,190.77749633789062,192.6422882080078,180.5685577392578,188.059326171875,184.3112335205078,586935
2020-09-23,193.96975708007812,194.6334991455078,183.95046997070312,187.86968994140625,184.1253662109375,440203
2020-09-24,188.81788635253906,188.91270446777344,182.05406188964844,183.95046997070312,180.28427124023438,325240
2020-09-25,183.3815460205078,188.37539672851562,182.37013244628906,183.95046997070312,180.28427124023438,367382
2020-09-28,187.8064727783203,192.80032348632812,186.25775146484375,190.49302673339844,186.69642639160156,450605
2020-09-29,191.4412384033203,191.4412384033203,186.51060485839844,187.20594787597656,183.474853515625,565579
2020-09-30,187.74325561523438,189.0075225830078,182.74942016601562,184.424560546875,180.7489013671875,459687
2020-10-01,186.47898864746094,187.74325561523438,181.54837036132812,183.0970916748047,179.44790649414062,454990
2020-10-05,184.55099487304688,194.57028198242188,184.55099487304688,192.7054901123047,188.8647918701172,532891
2020-10-06,193.17959594726562,196.05580139160156,190.3350067138672,192.19979858398438,188.36917114257812,485743
2020-10-07,192.80032348632812,193.0531768798828,189.0075225830078,191.8205108642578,187.99745178222656,324707
2020-10-08,195.265625,195.265625,186.47898864746094,187.86968994140625,184.1253662109375,268954
2020-10-09,188.40699768066406,189.6396484375,185.27793884277344,186.47898864746094,182.76239013671875,361362
2020-10-12,186.47898864746094,188.3121795654297,178.89340209960938,182.14889526367188,178.5186004638672,269195
2020-10-13,185.84686279296875,186.54220581054688,181.73800659179688,183.03387451171875,179.3859405517578,256419
2020-10-14,183.255126953125,184.23492431640625,180.2524871826172,181.10586547851562,177.49635314941406,266725
2020-10-15,180.78981018066406,181.42193603515625,177.53431701660156,178.798583984375,175.2350616455078,317802
2020-10-16,178.89340209960938,181.67478942871094,163.8170623779297,172.82493591308594,169.38046264648438,416056
2020-10-19,174.46849060058594,179.52554321289062,169.47463989257812,171.8451385498047,168.42019653320312,277244
2020-10-20,170.86532592773438,171.59228515625,165.7134552001953,169.94873046875,166.56158447265625,346917
2020-10-21,170.6440887451172,172.5404815673828,167.13575744628906,167.7362823486328,164.3932342529297,189126
2020-10-22,167.19895935058594,169.85391235351562,166.28236389160156,167.1673583984375,163.8356475830078,187525
2020-10-23,167.51502990722656,178.89340209960938,167.51502990722656,176.9654083251953,173.43841552734375,570151
2020-10-26,171.8451385498047,176.04881286621094,171.8451385498047,174.31045532226562,170.8363800048828,268662
2020-10-27,174.4052734375,176.87059020996094,172.88815307617188,175.0690155029297,171.57981872558594,197491
2020-10-28,174.50009155273438,181.3903350830078,171.65550231933594,173.23582458496094,169.78317260742188,282988
2020-10-29,170.67568969726562,176.99700927734375,168.87411499023438,176.61773681640625,173.09768676757812,282121
2020-10-30,178.89340209960938,181.2322998046875,174.5316925048828,179.33590698242188,175.7616729736328,177220
2020-11-02,179.3675079345703,180.94784545898438,175.16383361816406,179.4623260498047,175.8855743408203,224742
2020-11-03,180.1576690673828,185.21473693847656,179.52554321289062,181.2322998046875,177.62026977539062,515161
2020-11-04,183.8872528076172,186.79505920410156,176.87059020996094,178.4193115234375,174.86334228515625,653980
2020-11-05,178.9882354736328,180.53695678710938,177.53431701660156,179.84161376953125,176.25729370117188,228610
2020-11-06,177.12344360351562,180.6633758544922,175.54310607910156,176.68093872070312,173.15960693359375,179263
2020-11-09,177.8820037841797,179.52554321289062,175.89077758789062,178.22967529296875,175.11605834960938,167531
2020-11-10,178.2612762451172,179.20947265625,175.22703552246094,176.83897399902344,173.74966430664062,353275
2020-11-11,176.9337921142578,181.32711791992188,176.52291870117188,179.7467803955078,176.60665893554688,347819
2020-11-12,184.5825958251953,184.5825958251953,180.1892852783203,181.8960418701172,178.7183837890625,260165
2020-11-13,183.31832885742188,186.38417053222656,181.73800659179688,184.64581298828125,181.42010498046875,1033345
2020-11-14,186.41578674316406,187.1111297607422,185.05670166015625,186.3209686279297,183.0659942626953,42571
2020-11-17,185.84686279296875,187.71165466308594,184.5825958251953,186.6054229736328,183.34548950195312,181723
2020-11-18,187.58522033691406,190.52464294433594,180.53695678710938,189.45001220703125,186.140380859375,283586
2020-11-19,189.6396484375,190.872314453125,184.5825958251953,186.3209686279297,183.0659942626953,151080
2020-11-20,187.1111297607422,187.36398315429688,182.21209716796875,183.60279846191406,180.39532470703125,81201
2020-11-23,185.15151977539062,187.36398315429688,182.6862030029297,185.02508544921875,181.79275512695312,110845
2020-11-24,185.15151977539062,187.1111297607422,184.07688903808594,185.4991912841797,182.2585906982422,257680
2020-11-25,186.4473876953125,192.42103576660156,184.5825958251953,188.3121795654297,185.02243041992188,538297
2020-11-26,189.45001220703125,195.89776611328125,186.7002410888672,194.60189819335938,191.2022705078125,424041
2020-11-27,195.58169555664062,195.9609832763672,190.42982482910156,191.5044403076172,188.15892028808594,284959
2020-12-01,193.36923217773438,193.36923217773438,184.5825958251953,186.2893524169922,183.03492736816406,121215
2020-12-02,187.1111297607422,192.7371063232422,149.0567626953125,187.58522033691406,184.30816650390625,700427
2020-12-03,186.41578674316406,190.872314453125,185.72042846679688,189.73448181152344,186.4198760986328,531491
2020-12-04,190.27178955078125,192.7371063232422,186.79505920410156,189.1339569091797,185.829833984375,222083
2020-12-07,190.90391540527344,191.4412384033203,186.82666015625,188.65985107421875,185.36402893066406,380803
2020-12-08,189.0075225830078,190.27178955078125,182.9706573486328,186.63702392578125,183.37652587890625,324667
2020-12-09,186.16293334960938,188.94430541992188,184.7090301513672,186.66864013671875,183.4075927734375,263138
2020-12-10,186.47898864746094,187.30076599121094,180.1892852783203,182.30691528320312,179.1220703125,185633
2020-12-11,184.32974243164062,185.0883026123047,177.8503875732422,181.95924377441406,178.7804718017578,295835
2020-12-14,184.39295959472656,186.13131713867188,180.2524871826172,181.7696075439453,178.5941619873047,225940
2020-12-15,183.31832885742188,183.44476318359375,177.7555694580078,179.17787170410156,176.0476837158203,193141
2020-12-16,180.1576690673828,184.55099487304688,178.13485717773438,182.40174865722656,179.2152557373047,207152
2020-12-17,186.47898864746094,187.74325561523438,183.6343994140625,185.30955505371094,182.07225036621094,199175
2020-12-18,186.09971618652344,186.09971618652344,180.2524871826172,182.0224609375,178.8425750732422,176856
2020-12-21,183.31832885742188,183.31832885742188,173.8363494873047,178.32449340820312,175.20921325683594,187498
2020-12-22,179.20947265625,180.78981018066406,175.70114135742188,178.2612762451172,175.14710998535156,153263
2020-12-23,180.09446716308594,180.60015869140625,177.15504455566406,178.5457305908203,175.4265899658203,161581
2020-12-24,180.78981018066406,180.78981018066406,175.8275604248047,176.9654083251953,173.87387084960938,148400
2020-12-28,177.629150390625,179.52554321289062,177.21826171875,177.3446807861328,174.24652099609375,188313
2020-12-29,178.51412963867188,178.8302001953125,175.7327423095703,177.4394989013672,174.33969116210938,171244
2020-12-30,178.5773468017578,178.89340209960938,176.87059020996094,177.7555694580078,174.65023803710938,228947
2020-12-31,177.629150390625,179.20947265625,176.396484375,178.13485717773438,175.0229034423828,313137
2021-01-01,178.89340209960938,179.0830535888672,177.94520568847656,178.29287719726562,175.1781463623047,211599
2021-01-04,178.89340209960938,182.46495056152344,177.02862548828125,181.42193603515625,178.25254821777344,412290
2021-01-05,180.78981018066406,187.96450805664062,178.89340209960938,185.21473693847656,181.97909545898438,593048
2021-01-06,186.4473876953125,188.3121795654297,182.78102111816406,183.85565185546875,180.6437530517578,280833
2021-01-07,185.21473693847656,186.3209686279297,183.0022735595703,184.77223205566406,181.5443115234375,275398
2021-01-08,186.35256958007812,186.47898864746094,181.51675415039062,184.10850524902344,180.89218139648438,346199
2021-01-11,185.15151977539062,185.15151977539062,179.52554321289062,180.60015869140625,177.44512939453125,164554
2021-01-12,180.60015869140625,185.72042846679688,179.11465454101562,182.08567810058594,178.9047088623047,427625
2021-01-13,182.05406188964844,187.74325561523438,181.7696075439453,185.94168090820312,182.69334411621094,533291
2021-01-14,185.21473693847656,186.2893524169922,183.66600036621094,185.7836456298828,182.53807067871094,367312
2021-01-15,186.35256958007812,187.83807373046875,183.7608184814453,186.57382202148438,183.31443786621094,334941
2021-01-18,186.57382202148438,189.2603759765625,179.93643188476562,184.23492431640625,181.0164031982422,195443
2021-01-19,187.0795135498047,187.0795135498047,172.9197540283203,182.11727905273438,178.9357452392578,558648
2021-01-20,183.0970916748047,183.0970916748047,179.52554321289062,181.2322998046875,178.0662384033203,213616
2021-01-21,181.73800659179688,184.96188354492188,179.52554321289062,180.91622924804688,177.75567626953125,231230
2021-01-22,180.78981018066406,181.4535369873047,176.99700927734375,180.4105224609375,177.25880432128906,175691
2021-01-25,181.6431884765625,181.73800659179688,174.46849060058594,178.89340209960938,175.7681884765625,265082
2021-01-27,177.5975341796875,185.9100799560547,176.61773681640625,184.32974243164062,181.10955810546875,459636
2021-01-28,182.9706573486328,186.38417053222656,179.93643188476562,183.98207092285156,180.76795959472656,394371
2021-01-29,183.95046997070312,184.64581298828125,181.2322998046875,182.5913848876953,179.4015655517578,321649
2021-02-01,182.0224609375,192.42103576660156,179.52554321289062,188.91270446777344,185.61245727539062,431291
2021-02-02,188.91270446777344,191.15676879882812,184.07688903808594,187.71165466308594,184.43238830566406,332245
2021-02-03,186.47898864746094,186.6054229736328,164.3543701171875,168.5264434814453,165.58233642578125,864589
2021-02-04,168.779296875,187.96450805664062,168.7476806640625,182.33853149414062,179.1531219482422,2779292
2021-02-05,180.75819396972656,181.8644256591797,172.57208251953125,175.10061645507812,172.0416717529297,427866
2021-02-08,173.8363494873047,179.39910888671875,171.65550231933594,174.18402099609375,171.14108276367188,465609
2021-02-09,174.46849060058594,175.0690155029297,169.91712951660156,172.06637573242188,169.0604248046875,290842
2021-02-10,172.82493591308594,175.7327423095703,167.51502990722656,170.3912353515625,167.41455078125,578361
2021-02-11,170.04356384277344,171.4342498779297,166.88290405273438,169.47463989257812,166.51397705078125,308250
2021-02-12,169.47463989257812,169.47463989257812,164.9864959716797,165.65023803710938,162.75637817382812,150027
2021-02-15,165.58702087402344,166.25076293945312,158.63357543945312,160.81442260742188,158.0050506591797,364515
2021-02-16,159.61337280273438,159.73980712890625,151.39566040039062,154.0506134033203,151.35940551757812,402990
2021-02-17,153.54490661621094,163.46937561035156,152.34385681152344,158.82321166992188,156.04861450195312,171198
2021-02-18,159.61337280273438,164.82846069335938,159.07606506347656,160.40354919433594,157.6013641357422,372368
2021-02-19,158.03305053710938,159.61337280273438,155.5045166015625,156.80038452148438,154.06112670898438,146703
2021-02-22,157.9066162109375,157.9066162109375,142.86187744140625,145.4852294921875,142.9436492919922,478055
2021-02-23,146.0225372314453,150.4158477783203,137.14108276367188,139.6696014404297,137.2296142578125,566000
2021-02-24,139.4483642578125,139.4483642578125,124.59325408935547,127.59587860107422,125.3668212890625,706535
2021-02-25,125.16217041015625,125.79430389404297,102.5318374633789,107.87335968017578,105.98884582519531,5042467
2021-02-26,107.33604431152344,118.65121459960938,105.97695922851562,118.49317932128906,116.42314147949219,2585150
2021-03-01,124.53003692626953,129.5238800048828,118.84085083007812,120.32636260986328,118.22429656982422,2053807
2021-03-02,122.00151062011719,123.07613372802734,118.65121459960938,120.45278930664062,118.34851837158203,451253
2021-03-03,120.73724365234375,120.73724365234375,115.49054718017578,116.31232452392578,114.28038787841797,878828
2021-03-04,116.31232452392578,119.47298431396484,113.91021728515625,115.11127471923828,113.1003189086914,1193422
2021-03-05,116.62838745117188,117.32373046875,112.51953125,113.62576293945312,111.64076232910156,327599
2021-03-08,113.84700775146484,115.04805755615234,108.06299591064453,109.39047241210938,107.47945404052734,679329
2021-03-09,110.62313079833984,111.44490051269531,102.72148132324219,104.74430084228516,102.9144515991211,809270
2021-03-10,104.93394470214844,110.52831268310547,104.93394470214844,109.35887145996094,107.44841003417969,638167
2021-03-12,110.40188598632812,113.08844757080078,106.51427459716797,107.17800903320312,105.3056411743164,1467351
2021-03-15,111.25526428222656,111.25526428222656,106.482666015625,107.49407958984375,105.61619567871094,1601870
2021-03-16,108.06299591064453,112.26667785644531,105.56607818603516,106.26142120361328,104.40506744384766,2495036
2021-03-17,106.4194564819336,111.25526428222656,105.40804290771484,105.91374969482422,104.06346893310547,1250513
2021-03-18,107.46247100830078,107.46247100830078,103.669677734375,105.09197235107422,103.25604248046875,518923
2021-03-19,104.30181121826172,104.68109130859375,100.19294738769531,103.41682434082031,101.61016845703125,431805
2021-03-22,101.77328491210938,105.43965148925781,100.5406265258789,101.29918670654297,99.52952575683594,844511
2021-03-23,101.7416763305664,105.56607818603516,100.88829803466797,104.30181121826172,102.47969055175781,1825369
2021-03-24,104.93394470214844,108.72673797607422,96.71622467041016,97.75923919677734,96.0514144897461,3336827
2021-03-25,98.23333740234375,98.99189758300781,95.10428619384766,96.62140655517578,94.93346405029297,648364
2021-03-26,97.9804916381836,101.39400482177734,87.55030822753906,88.34046936035156,86.79718780517578,5147988
2021-03-30,89.16224670410156,92.76539611816406,87.32906341552734,87.80316162109375,86.26927185058594,2478796
2021-03-31,89.76277160644531,94.18769836425781,88.53011322021484,91.09024810791016,89.49893188476562,1734102
2021-04-01,92.1016616821289,100.19294738769531,92.1016616821289,100.19294738769531,98.44261169433594,1975496
2021-04-05,101.14115142822266,106.45105743408203,98.73904418945312,105.31322479248047,103.47343444824219,2102558
2021-04-06,106.19820404052734,110.62313079833984,106.07177734375,108.91637420654297,107.01364135742188,1473878
2021-04-07,109.32726287841797,109.35887145996094,105.21839904785156,105.88214111328125,104.03241729736328,665881
2021-04-08,106.98837280273438,109.67493438720703,105.56607818603516,105.94535064697266,104.09452056884766,645678
2021-04-09,106.22981262207031,112.0454330444336,106.22981262207031,109.45368957519531,107.54157257080078,1038118
2021-04-12,104.45984649658203,107.3676528930664,98.67583465576172,100.66705322265625,98.90843200683594,748345
2021-04-13,101.71006774902344,106.13499450683594,98.9286880493164,103.13236236572266,101.33067321777344,517048
2021-04-15,102.0577392578125,102.8795166015625,99.27635955810547,100.7934799194336,99.03265380859375,212896
2021-04-16,101.23596954345703,101.89971160888672,99.52921295166016,100.91990661621094,99.15686798095703,160505
2021-04-19,98.043701171875,99.14993286132812,96.1156997680664,96.68461608886719,94.99556732177734,345573
2021-04-20,97.41156768798828,98.9286880493164,96.14730834960938,96.81104278564453,95.11978912353516,171777
2021-04-22,96.08409118652344,98.61261749267578,96.08409118652344,97.88566589355469,96.1756362915039,236040
2021-04-23,97.9804916381836,102.68987274169922,97.22193145751953,100.28777313232422,98.53577423095703,660793
2021-04-26,101.39400482177734,101.9945297241211,99.87688446044922,100.82508087158203,99.0636978149414,238005
2021-04-27,101.07793426513672,102.62666320800781,100.88829803466797,102.15255737304688,100.36798095703125,218633
2021-04-28,103.2587890625,103.89092254638672,100.57222747802734,101.29918670654297,99.52952575683594,213143
2021-04-29,103.03754425048828,103.03754425048828,98.83386993408203,100.19294738769531,98.44261169433594,216997
2021-04-30,98.83386993408203,100.0665283203125,98.043701171875,98.45458984375,96.73462677001953,185545
2021-05-03,98.043701171875,99.87688446044922,97.50638580322266,97.85406494140625,96.14458465576172,156253
2021-05-04,97.9804916381836,99.84527587890625,95.51517486572266,96.77943420410156,95.08872985839844,226598
2021-05-05,97.91727447509766,98.5177993774414,95.76802825927734,96.77943420410156,95.08872985839844,128607
2021-05-06,97.28514099121094,99.7188491821289,96.40016174316406,98.32816314697266,96.61040496826172,202840
2021-05-07,98.9286880493164,99.49760437011719,97.6328125,98.32816314697266,96.61040496826172,241601
2021-05-10,99.81367492675781,100.25616455078125,98.23333740234375,99.40278625488281,97.66625213623047,238715
2021-05-11,98.9286880493164,103.3536148071289,98.9286880493164,102.37380981445312,100.58537292480469,509711
2021-05-12,102.84790802001953,105.62928771972656,102.59505462646484,103.9857406616211,102.16914367675781,501895
2021-05-14,104.49144744873047,108.72673797607422,101.20436096191406,102.31059265136719,100.52325439453125,742593
2021-05-17,104.04895782470703,104.8707275390625,90.7425765991211,103.669677734375,101.85859680175781,296729
2021-05-18,104.52305603027344,107.96817779541016,103.9857406616211,106.83033752441406,104.96405029296875,571296
2021-05-19,106.79873657226562,113.15166473388672,104.36502075195312,109.51689910888672,107.60367584228516,1200304
2021-05-20,110.4334945678711,113.7837905883789,109.35887145996094,111.41329956054688,109.4669418334961,877999
2021-05-21,112.51953125,121.36937713623047,112.51953125,118.55638885498047,116.48524475097656,1919799
2021-05-24,119.91547393798828,125.09896087646484,119.91547393798828,123.89791107177734,121.73345184326172,1244453
2021-05-25,125.16217041015625,126.33161926269531,120.80046081542969,122.76007080078125,120.61549377441406,1044178
2021-05-26,123.51863098144531,125.0357437133789,121.65383911132812,122.12793731689453,119.9944076538086,531399
2021-05-27,122.25436401367188,124.53003692626953,121.4325942993164,124.02433776855469,121.85767364501953,533594
2021-05-28,124.62486267089844,129.46067810058594,122.79167938232422,127.15338897705078,124.93206024169922,1935694
2021-05-31,129.58709716796875,131.1674346923828,122.00151062011719,123.86630249023438,121.70240020751953,1459050
2021-06-01,125.16217041015625,129.5238800048828,117.38694763183594,118.36675262451172,116.29891967773438,2533343
2021-06-02,118.77764129638672,127.43785095214844,118.39836120605469,125.82591247558594,123.62776947021484,1501541
2021-06-03,126.39482879638672,131.45188903808594,117.60819244384766,118.74603271484375,116.67157745361328,5889726
2021-06-04,119.3465576171875,122.5704345703125,113.7837905883789,116.18589782714844,114.15616607666016,4741693
2021-06-07,117.13409423828125,118.80924224853516,112.74077606201172,114.22628784179688,112.23078918457031,1971116
2021-06-08,116.62838745117188,116.62838745117188,111.57132720947266,112.4247055053711,110.46068572998047,1767511
2021-06-09,112.8355941772461,118.49317932128906,112.20346069335938,116.94445037841797,114.9014663696289,3701738
2021-06-10,119.47298431396484,122.25436401367188,118.01908111572266,120.83206939697266,118.7211685180664,2503585
2021-06-11,121.6854476928711,123.07613372802734,118.24032592773438,119.6626205444336,117.57215881347656,1545480
2021-06-14,120.64242553710938,122.31758117675781,117.0076675415039,120.13671875,118.03797149658203,1765118
2021-06-15,120.70564270019531,122.00151062011719,117.79783630371094,119.56780242919922,117.47898864746094,1237293
2021-06-16,119.97869110107422,121.36937713623047,117.03927612304688,120.83206939697266,118.7211685180664,1844713
2021-06-17,119.47298431396484,121.30616760253906,115.86982727050781,116.62838745117188,114.59092712402344,2067279
2021-06-18,117.51337432861328,118.77764129638672,111.25526428222656,113.43611907958984,111.45442199707031,1973728
2021-06-21,111.95060729980469,115.01644897460938,109.67493438720703,110.30706787109375,108.38003540039062,2077185
2021-06-22,111.3184814453125,113.68897247314453,110.9708023071289,112.61434936523438,110.64701080322266,884395
2021-06-23,112.8355941772461,114.35271453857422,110.62313079833984,110.78116607666016,108.84585571289062,735202
2021-06-24,111.6345443725586,112.14025115966797,109.2324447631836,109.58011627197266,107.66578674316406,504076
2021-06-25,110.68634796142578,117.89265441894531,110.68634796142578,113.46772766113281,111.48548889160156,1323210
2021-06-28,114.41592407226562,120.04190063476562,113.91021728515625,116.5967788696289,114.55987548828125,1762832
2021-06-29,117.63980102539062,118.9356689453125,116.72320556640625,117.51337432861328,115.46045684814453,563470
2021-06-30,118.17710876464844,119.4097671508789,116.31232452392578,117.35533905029297,115.30518341064453,649519
2021-07-01,117.89265441894531,118.84085083007812,115.68019104003906,116.47035217285156,114.43565368652344,401338
2021-07-02,117.38694763183594,118.2087173461914,115.99625396728516,116.56517791748047,114.52882385253906,787659
2021-07-05,117.22891235351562,118.52478790283203,117.07088470458984,117.38694763183594,115.33623504638672,1348498
2021-07-06,117.57658386230469,118.30353546142578,114.73199462890625,115.55376434326172,113.53507995605469,999112
2021-07-07,116.28071594238281,118.01908111572266,113.46772766113281,114.57395935058594,112.5723876953125,1321668
2021-07-08,114.9848403930664,116.21749877929688,113.2464828491211,113.7205810546875,111.73391723632812,782450
2021-07-09,113.65736389160156,114.1314697265625,111.19205474853516,111.60293579101562,109.65327453613281,917132
2021-07-12,112.48792266845703,114.28949737548828,111.12883758544922,112.29828643798828,110.33647155761719,890540
2021-07-13,113.7837905883789,116.5967788696289,113.15166473388672,116.02786254882812,114.00089263916016,1051963
2021-07-14,116.31232452392578,121.36937713623047,116.31232452392578,118.52478790283203,116.45419311523438,2667375
2021-07-15,118.80924224853516,119.53619384765625,115.68019104003906,115.86982727050781,113.84561920166016,893727
2021-07-16,116.69160461425781,116.94445037841797,115.04805755615234,115.45894622802734,113.44190979003906,543414
2021-07-19,114.6055679321289,116.0594711303711,113.81539916992188,114.4475326538086,112.44817352294922,701568
2021-07-20,114.09986114501953,115.17448425292969,111.3184814453125,112.51953125,110.55384826660156,504500
2021-07-22,113.15166473388672,114.76359558105469,112.36149597167969,113.97343444824219,111.98235321044922,540836
2021-07-23,115.04805755615234,115.36412048339844,112.74077606201172,113.15166473388672,111.17494201660156,349151
2021-07-26,113.02523803710938,113.15166473388672,110.93920135498047,111.53972625732422,109.5911636352539,403224
2021-07-27,111.88739776611328,113.46772766113281,111.3816909790039,112.17185974121094,110.21224975585938,326172
2021-07-28,112.45631408691406,112.9936294555664,109.64332580566406,111.25526428222656,109.3116683959961,316686
2021-07-29,112.4247055053711,112.8355941772461,111.3184814453125,111.72936248779297,109.77748107910156,244728
2021-07-30,111.03401947021484,112.93041229248047,111.03401947021484,111.60293579101562,109.65327453613281,267570
2021-08-02,112.80398559570312,117.86104583740234,112.14025115966797,117.32373046875,115.27412414550781,2456070
2021-08-03,118.36675262451172,120.04190063476562,116.31232452392578,117.16570281982422,115.11885833740234,1526656
2021-08-04,118.2087173461914,119.06209564208984,113.27808380126953,114.4475326538086,112.44817352294922,760872
2021-08-05,115.49054718017578,115.49054718017578,111.6345443725586,113.34130096435547,111.36126708984375,396325
2021-08-06,114.0366439819336,116.88124084472656,113.53093719482422,115.11127471923828,113.1003189086914,760799
2021-08-09,113.7837905883789,114.89002227783203,110.93920135498047,111.28687286376953,109.34272003173828,568729
2021-08-10,111.82418060302734,112.14025115966797,106.26142120361328,107.08319091796875,105.21247863769531,600382
2021-08-11,106.83033752441406,108.18942260742188,102.81629943847656,104.99715423583984,103.16288757324219,483903
2021-08-12,107.46247100830078,109.67493438720703,106.83033752441406,108.53709411621094,106.6409912109375,316376
2021-08-13,110.4967041015625,111.19205474853516,107.08319091796875,107.49407958984375,105.61619567871094,365830
2021-08-16,108.34745788574219,108.34745788574219,104.99715423583984,105.3448257446289,103.50448608398438,293008
2021-08-17,105.3448257446289,106.8935546875,103.51164245605469,104.52305603027344,102.69707489013672,237847
2021-08-18,106.38784790039062,106.38784790039062,102.21577453613281,102.97433471679688,101.17540740966797,317275
2021-08-20,102.40541076660156,102.9427261352539,99.87688446044922,100.31938171386719,98.56684112548828,269791
2021-08-23,100.57222747802734,102.21577453613281,95.45195770263672,96.5265884399414,94.84030151367188,1133297
2021-08-24,97.34835815429688,107.77853393554688,95.83123779296875,106.13499450683594,104.28084564208984,2234270
2021-08-25,106.83033752441406,108.72673797607422,103.76449584960938,104.45984649658203,102.63496398925781,1553692
2021-08-26,104.61787414550781,105.72410583496094,101.14115142822266,101.86810302734375,100.0885009765625,676083
2021-08-27,102.4686279296875,102.4686279296875,100.19294738769531,100.7934799194336,99.03265380859375,271883
2021-08-30,102.37380981445312,102.91111755371094,100.88829803466797,101.64685821533203,99.8711166381836,738981
2021-08-31,102.34220123291016,103.03754425048828,101.64685821533203,102.50023651123047,100.7095947265625,546849
2021-09-01,103.669677734375,103.669677734375,102.50023651123047,103.2587890625,101.45489501953125,322503
2021-09-02,104.30181121826172,104.77590942382812,103.16397094726562,103.51164245605469,101.70332336425781,183248
2021-09-03,104.8707275390625,106.76712799072266,103.85932159423828,104.71269226074219,102.88339233398438,530415
2021-09-06,106.64070129394531,109.35887145996094,100.95150756835938,101.52043151855469,99.74690246582031,4487998
2021-09-07,101.77328491210938,105.15518951416016,98.99189758300781,103.82771301269531,102.01387023925781,1333075
2021-09-08,106.9557876586914,117.01561737060547,105.64688873291016,116.19287872314453,114.16302490234375,2451336
2021-09-09,115.89370727539062,124.1584701538086,114.80918884277344,120.4935531616211,118.3885726928711,1654629
2021-09-13,122.66258239746094,124.1584701538086,119.33424377441406,120.26917266845703,118.16810607910156,1239319
2021-09-14,121.09190368652344,121.80245208740234,117.57657623291016,119.18465423583984,117.1025390625,863068
2021-09-15,118.1749267578125,118.3619155883789,116.04329681396484,116.41726684570312,114.38349151611328,691894
2021-09-16,115.2579574584961,116.90342712402344,114.99617767333984,115.40753936767578,113.39141082763672,407432
2021-09-17,118.06273651123047,118.10013580322266,112.9393310546875,114.32302856445312,112.32583618164062,733403
2021-09-20,114.06124877929688,117.38958740234375,111.48084259033203,112.15399169921875,110.19469451904297,517109
2021-09-21,113.68727111816406,120.60574340820312,108.93783569335938,117.8757553100586,115.8165054321289,2362002
2021-09-22,117.8757553100586,123.33573150634766,116.45465850830078,118.43670654296875,116.3676528930664,1578946
2021-09-23,118.9228744506836,123.41053009033203,115.0335693359375,116.52945709228516,114.49372100830078,2559550
2021-09-24,117.09041595458984,122.92436218261719,113.68727111816406,114.47261047363281,112.47280883789062,969250
2021-09-27,114.47261047363281,117.1278076171875,110.62071228027344,113.53768920898438,111.5542221069336,1540591
2021-09-28,112.97673034667969,117.27739715576172,112.19139099121094,112.86454010009766,110.89283752441406,1083111
2021-09-29,113.1263198852539,117.42698669433594,113.1263198852539,115.14575958251953,113.13420104980469,1790772
2021-09-30,115.55712890625,119.67081451416016,113.72467041015625,114.99617767333984,112.98722839355469,1233301
2021-10-01,114.99617767333984,120.41875457763672,114.24822998046875,118.9228744506836,116.84532928466797,1615301
2021-10-04,120.11958312988281,127.15023803710938,117.80095672607422,125.84133911132812,123.64292907714844,3626365
2021-10-05,125.84133911132812,130.1420135498047,124.1584701538086,128.42173767089844,126.17826080322266,1543895
2021-10-06,128.30955505371094,131.86227416992188,122.47560119628906,126.32750701904297,124.12061309814453,1064397
2021-10-07,126.40229797363281,130.88995361328125,115.0335693359375,123.22354125976562,121.07086944580078,940735
2021-10-08,124.08367919921875,124.53244018554688,121.65286254882812,123.18614196777344,121.03412628173828,355644
2021-10-11,124.1584701538086,124.90641021728516,121.16670227050781,121.57807159423828,119.81788635253906,234973
2021-10-12,122.5877914428711,122.5877914428711,117.38958740234375,118.43670654296875,116.72200775146484,462480
2021-10-13,118.9228744506836,119.48382568359375,114.92137908935547,116.71643829345703,115.02664184570312,740296
2021-10-14,117.38958740234375,119.48382568359375,111.1816635131836,112.15399169921875,110.5302505493164,1454658
2021-10-18,111.44344329833984,113.79946899414062,110.28413391113281,112.56536102294922,110.93566131591797,724400
2021-10-19,112.56536102294922,113.68727111816406,111.5556411743164,112.26618194580078,110.64081573486328,371793
2021-10-20,111.06947326660156,111.81742095947266,108.86304473876953,110.24673461914062,108.65060424804688,496550
2021-10-21,96.5219955444336,106.20784759521484,96.26021575927734,102.05677032470703,100.57921600341797,2307320
2021-10-22,104.52497863769531,105.3851089477539,100.78526306152344,102.09416198730469,100.6160659790039,690736
2021-10-25,102.99169158935547,103.25347137451172,99.32677459716797,99.99992370605469,98.5521469116211,519860
2021-10-26,100.78526306152344,102.39334106445312,100.26170349121094,101.90718078613281,100.43179321289062,420546
2021-10-27,102.46813201904297,105.19812774658203,101.94457244873047,102.61772155761719,101.13204193115234,581531
2021-10-28,103.92662048339844,103.92662048339844,99.99992370605469,100.63567352294922,99.1786880493164,563028
2021-10-29,101.7201919555664,102.31855010986328,99.1023941040039,99.70074462890625,98.2573013305664,378323
2021-11-01,100.97225189208984,102.05677032470703,100.78526306152344,101.30882263183594,99.84209442138672,232496
2021-11-02,101.79499053955078,101.98197174072266,99.36417388916016,100.33650207519531,98.88385009765625,216243
2021-11-03,101.38362121582031,102.09416198730469,99.51376342773438,100.6730728149414,99.21554565429688,253230
2021-11-04,101.68279266357422,101.68279266357422,100.486083984375,101.12184143066406,99.65782165527344,101354
2021-11-08,102.65512084960938,103.8144302368164,101.15923309326172,101.90718078613281,100.43179321289062,349173
2021-11-09,102.2437515258789,105.01113891601562,101.7201919555664,103.8144302368164,102.3114242553711,633869
2021-11-10,103.8518295288086,108.30208587646484,103.21607971191406,107.06798553466797,105.51787567138672,866696
2021-11-11,107.85332489013672,109.57359313964844,107.03058624267578,107.44195556640625,105.88643646240234,514881
2021-11-12,108.33948516845703,108.33948516845703,102.50553131103516,105.19812774658203,103.67509460449219,395967
2021-11-15,109.57359313964844,109.57359313964844,102.46813201904297,103.40306091308594,101.90601348876953,746531
2021-11-16,105.16072845458984,105.16072845458984,102.13156127929688,102.99169158935547,101.50060272216797,361216
2021-11-17,103.59004974365234,103.59004974365234,101.49581146240234,101.83238220214844,100.35807800292969,317889
2021-11-18,102.65512084960938,102.95429992675781,100.52348327636719,101.1966323852539,99.73152923583984,460529
2021-11-22,101.7201919555664,102.2437515258789,95.28788757324219,95.84884643554688,94.46116638183594,764085
2021-11-23,96.74637603759766,98.50404357910156,93.15625,97.64390563964844,96.23023986816406,452199
2021-11-24,99.43896484375,100.52348327636719,97.30732727050781,97.64390563964844,96.23023986816406,396332
2021-11-25,98.391845703125,99.21458435058594,96.93335723876953,98.5788345336914,97.1516342163086,184423
2021-11-26,97.30732727050781,98.0552749633789,94.98870849609375,95.73664855957031,94.35059356689453,231694
2021-11-29,93.71720886230469,95.47486877441406,91.62297058105469,93.00666046142578,91.6601333618164,373961
2021-11-30,94.24076843261719,96.8211669921875,92.55789947509766,93.94158935546875,92.5815200805664,224808
2021-12-01,93.97898864746094,96.03582763671875,93.79199981689453,94.61473846435547,93.24492645263672,140615
2021-12-02,94.31555938720703,96.78377532958984,94.31555938720703,96.297607421875,94.90343475341797,161380
2021-12-03,96.89596557617188,98.54143524169922,94.24076843261719,96.78377532958984,95.38256072998047,134653
2021-12-06,100.89745330810547,100.89745330810547,96.26021575927734,97.8682861328125,96.45137023925781,275864
2021-12-07,98.69102478027344,99.47636413574219,98.0926742553711,98.6162338256836,97.18849182128906,116468
2021-12-08,98.76581573486328,99.77554321289062,98.72842407226562,98.80321502685547,97.37276458740234,152438
2021-12-09,98.76581573486328,100.33650207519531,98.42924499511719,99.32677459716797,97.88874053955078,144981
2021-12-10,99.25198364257812,103.55265045166016,99.21458435058594,102.61772155761719,101.13204193115234,478238
2021-12-13,104.15100860595703,104.15100860595703,101.42101287841797,101.94457244873047,100.46864318847656,227684
2021-12-14,101.79499053955078,102.2437515258789,100.29910278320312,100.74786376953125,99.28926086425781,144801
2021-12-15,101.34622192382812,101.83238220214844,99.70074462890625,99.99992370605469,98.5521469116211,162521
2021-12-16,100.33650207519531,101.57060241699219,99.47636413574219,100.1495132446289,98.69956970214844,138483
2021-12-17,102.2811508178711,103.21607971191406,98.95280456542969,99.92513275146484,98.47843933105469,488378
2021-12-20,99.92513275146484,100.93485260009766,96.4845962524414,97.8682861328125,96.45137023925781,640355
2021-12-21,99.47636413574219,106.54441833496094,98.24226379394531,104.8615493774414,103.3433837890625,1895686
2021-12-22,105.6094970703125,109.01263427734375,104.78675842285156,108.41427612304688,106.84468078613281,1563686
2021-12-23,109.42400360107422,111.5556411743164,107.03058624267578,110.73290252685547,109.1297378540039,1533173
2021-12-24,110.321533203125,112.9393310546875,108.0029067993164,111.5556411743164,109.94055938720703,1479232
2021-12-27,112.9393310546875,114.43521881103516,109.94756317138672,113.61248016357422,111.96762084960938,1191324
2021-12-28,112.34098052978516,113.91165924072266,109.94756317138672,110.6581039428711,109.05602264404297,471136
2021-12-29,110.43372344970703,110.43372344970703,106.35743713378906,107.5167465209961,105.96014404296875,430939
2021-12-30,107.7037353515625,109.12482452392578,104.97373962402344,105.27291870117188,103.7488021850586,551050
2021-12-31,105.0859375,106.88099670410156,104.3379898071289,104.67456817626953,103.15911102294922,262324
2022-01-03,104.67456817626953,107.66633605957031,104.59976959228516,105.75908660888672,104.2279281616211,361555
2022-01-04,106.54441833496094,106.88099670410156,104.3753890991211,104.71195983886719,103.19596099853516,413115
2022-01-05,104.71195983886719,106.76880645751953,103.21607971191406,104.00141906738281,102.4957046508789,619427
2022-01-06,103.2908706665039,103.8144302368164,102.31855010986328,102.7673110961914,101.27946472167969,354132
2022-01-07,103.06649017333984,103.96401977539062,94.83911895751953,95.69925689697266,94.3137435913086,4915972
2022-01-10,97.8682861328125,99.36417388916016,96.11062622070312,97.68130493164062,96.26709747314453,1195559
2022-01-11,98.35445404052734,98.50404357910156,97.19513702392578,97.5691146850586,96.15653228759766,489068
2022-01-12,98.24226379394531,98.24226379394531,97.23253631591797,97.45691680908203,96.04595947265625,275900
2022-01-13,97.60650634765625,98.72842407226562,89.86530303955078,91.73516082763672,90.40703582763672,8514141
2022-01-14,92.67008972167969,97.23253631591797,92.2961196899414,96.85856628417969,95.45626831054688,2473572
2022-01-17,97.23253631591797,98.5788345336914,88.89297485351562,90.68804168701172,89.37507629394531,6298936
2022-01-18,93.00666046142578,94.83911895751953,92.14653015136719,93.94158935546875,92.5815200805664,2096840
2022-01-19,94.61473846435547,94.87651824951172,92.74488067626953,93.56761932373047,92.21296691894531,1001806
2022-01-20,93.6798095703125,94.12857818603516,92.78227996826172,93.08145904541016,91.73384857177734,410917
2022-01-21,93.38063049316406,93.38063049316406,91.88475036621094,92.07173156738281,90.73873901367188,414343
2022-01-24,91.54817199707031,92.14653015136719,88.63119506835938,89.41653442382812,88.12197875976562,553408
2022-01-25,88.70599365234375,90.98721313476562,87.2101058959961,90.3514633178711,89.04337310791016,375100
2022-01-27,90.12708282470703,90.42626190185547,88.7807846069336,89.64092254638672,88.3431167602539,309922
2022-01-28,91.9221420288086,92.48310089111328,89.86530303955078,90.46365356445312,89.15393829345703,432783
2022-01-31,90.91242218017578,92.52050018310547,90.76283264160156,91.9221420288086,90.59131622314453,350719
2022-02-01,92.93186950683594,94.57733917236328,91.43598175048828,92.37091064453125,91.03358459472656,336327
2022-02-02,92.9692611694336,93.8667984008789,92.22132110595703,93.15625,91.80755615234375,250873
2022-02-03,93.15625,94.31555938720703,93.15625,93.60501861572266,92.24982452392578,350911
2022-02-04,94.12857818603516,94.27816772460938,91.13680267333984,91.36119079589844,90.03848266601562,498447
2022-02-07,91.24899291992188,91.47338104248047,89.75311279296875,90.3514633178711,89.04337310791016,566396
2022-02-08,91.51077270507812,91.51077270507812,89.07996368408203,89.41653442382812,88.12197875976562,329891
2022-02-09,90.50105285644531,90.50105285644531,88.81818389892578,89.07996368408203,87.790283203125,219884
2022-02-10,89.34174346923828,89.75311279296875,88.10763549804688,89.34174346923828,88.04827117919922,219522
2022-02-11,89.00517272949219,89.64092254638672,81.56314086914062,85.6394271850586,84.3995590209961,815070
2022-02-14,83.61997985839844,84.0687484741211,79.6558837890625,80.14205169677734,78.98177337646484,635062
2022-02-15,81.07698059082031,85.26545715332031,80.02985382080078,84.51750946044922,83.29388427734375,504676
2022-02-16,85.19065856933594,87.7336654663086,84.51750946044922,85.67682647705078,84.43641662597656,340796
2022-02-17,85.67682647705078,86.6491470336914,84.40531921386719,85.04107666015625,83.80986785888672,163521
2022-02-18,85.15326690673828,85.26545715332031,82.61026000976562,82.9842300415039,81.78279876708984,144967
2022-02-21,83.0216293334961,83.28340911865234,78.53397369384766,80.21684265136719,79.05548095703125,278343
2022-02-22,79.28191375732422,79.3567123413086,77.0380859375,77.7860336303711,76.65986633300781,369414
2022-02-23,77.7860336303711,81.52574157714844,77.7860336303711,79.80547332763672,78.65007019042969,236436
2022-02-24,78.16000366210938,78.42178344726562,71.802490234375,72.70001983642578,71.6474838256836,696530
2022-02-25,74.71946716308594,79.8428726196289,74.2332992553711,75.24302673339844,74.15367126464844,594457
2022-02-28,74.0837173461914,77.5616455078125,73.97151947021484,77.26246643066406,76.14387512207031,235011
2022-03-02,76.7015151977539,77.41205596923828,75.6543960571289,76.55192565917969,75.4436264038086,201867
2022-03-03,76.88849639892578,78.42178344726562,75.87877655029297,76.25274658203125,75.14877319335938,225586
2022-03-04,74.98124694824219,76.43973541259766,74.86905670166016,75.91617584228516,74.81707763671875,440250
2022-03-07,74.71946716308594,75.54220581054688,72.62522888183594,74.98124694824219,73.89568328857422,428714
2022-03-08,74.19590759277344,76.66411590576172,74.12110900878906,75.31781768798828,74.22737884521484,482740
2022-03-09,75.31781768798828,77.37466430664062,74.4202880859375,76.14055633544922,75.0382080078125,467605
2022-03-10,79.13232421875,79.13232421875,75.87877655029297,76.77630615234375,75.66475677490234,420724
2022-03-11,76.36493682861328,78.45917510986328,76.29014587402344,77.5616455078125,76.438720703125,291238
2022-03-14,78.42178344726562,78.42178344726562,75.16822814941406,76.21534729003906,75.1119155883789,377486
2022-03-15,76.10315704345703,78.16000366210938,75.57959747314453,76.66411590576172,75.55419158935547,291637
2022-03-16,77.0380859375,77.93561553955078,76.29014587402344,77.15027618408203,76.03330993652344,263262
2022-03-17,78.45917510986328,83.39559936523438,78.19739532470703,80.74040222167969,79.57145690917969,813272
2022-03-21,81.4509506225586,84.74189758300781,80.85259246826172,83.58258819580078,82.37249755859375,904304
2022-03-22,84.70449829101562,84.70449829101562,80.59081268310547,81.15177154541016,79.97687530517578,498774
2022-03-23,81.63793182373047,82.57286071777344,78.8331527709961,79.20712280273438,78.06037902832031,420907
2022-03-24,79.20712280273438,80.32903289794922,77.97301483154297,78.2721939086914,77.13898468017578,344192
2022-03-25,78.8331527709961,79.6558837890625,76.58931732177734,76.88849639892578,75.77532196044922,416027
2022-03-28,76.88849639892578,77.67383575439453,74.64466857910156,74.90644836425781,73.82196807861328,612801
2022-03-29,75.69178771972656,77.0380859375,73.67234802246094,74.12110900878906,73.0479965209961,699040
2022-03-30,74.6072769165039,75.72918701171875,74.04631805419922,74.30809783935547,73.23228454589844,569717
2022-03-31,74.79425811767578,76.29014587402344,74.04631805419922,74.15850830078125,73.08485412597656,746741
2022-04-01,74.64466857910156,77.0380859375,74.53247833251953,76.14055633544922,75.0382080078125,643632
2022-04-04,78.42178344726562,81.7501220703125,77.15027618408203,80.51602172851562,79.35032653808594,998108
2022-04-05,81.4135513305664,82.16149139404297,80.62821197509766,81.30136108398438,80.12429809570312,320955
2022-04-06,81.07698059082031,89.64092254638672,80.32903289794922,88.29462432861328,87.01631164550781,1852114
2022-04-07,89.90270233154297,90.72543334960938,84.0313491821289,86.61175537109375,85.3578109741211,2372869
2022-04-08,87.06051635742188,88.7807846069336,85.71421813964844,86.6865463256836,85.4315185546875,1807041
2022-04-11,90.0,104.80000305175781,87.8499984741211,97.5,96.08841705322266,3855715
2022-04-12,97.5,101.55000305175781,96.5,97.5,96.08841705322266,945390
2022-04-13,97.5,98.5,93.5,94.3499984741211,92.98401641845703,812508
2022-04-18,94.44999694824219,94.44999694824219,91.0999984741211,91.5,90.17528533935547,539581
2022-04-19,92.0999984741211,92.44999694824219,81.9000015258789,82.8499984741211,81.6505126953125,1867277
2022-04-20,85.0,85.5,78.5999984741211,80.30000305175781,79.13743591308594,994790
2022-04-21,80.3499984741211,85.0,80.3499984741211,83.05000305175781,81.84762573242188,712924
2022-04-22,84.69999694824219,84.94999694824219,82.25,82.69999694824219,81.502685546875,485671
2022-04-25,82.5,84.75,78.0999984741211,78.5,77.36349487304688,1264338
2022-04-26,79.8499984741211,83.4000015258789,74.94999694824219,75.69999694824219,74.6040267944336,1576488
2022-04-27,75.30000305175781,75.9000015258789,63.900001525878906,70.69999694824219,69.6764144897461,3855348
2022-04-28,71.9000015258789,74.4000015258789,71.5,73.55000305175781,72.48516082763672,1030386
2022-04-29,75.44999694824219,75.44999694824219,71.5,72.0999984741211,71.05615234375,468665
2022-05-02,71.80000305175781,71.8499984741211,69.44999694824219,70.44999694824219,69.43003845214844,470146
2022-05-04,71.9000015258789,71.9000015258789,65.94999694824219,67.5,66.52275085449219,1043187
2022-05-05,70.0,71.0999984741211,67.6500015258789,69.19999694824219,68.19813537597656,1006123
2022-05-06,67.75,78.94999694824219,66.5,77.05000305175781,75.93448638916016,1680029
2022-05-09,76.80000305175781,80.75,70.55000305175781,76.5999984741211,75.49099731445312,4612426
2022-05-10,74.80000305175781,86.44999694824219,73.5999984741211,81.1500015258789,79.97512817382812,8289275
2022-05-11,81.0,81.94999694824219,75.0,77.4000015258789,76.2794189453125,1366480
2022-05-12,76.0999984741211,78.55000305175781,74.0999984741211,74.44999694824219,73.37212371826172,529897
2022-05-13,74.44999694824219,78.75,69.8499984741211,70.3499984741211,69.33148956298828,1210472
2022-05-16,72.0,72.0,69.0999984741211,69.80000305175781,68.7894515991211,1030410
2022-05-17,70.4000015258789,71.4000015258789,67.80000305175781,68.30000305175781,67.31117248535156,1248795
2022-05-18,67.5,68.0999984741211,65.05000305175781,65.4000015258789,64.45315551757812,2409863
2022-05-19,61.0,62.70000076293945,59.900001525878906,60.70000076293945,59.821197509765625,2857444
2022-05-20,61.900001525878906,62.79999923706055,60.95000076293945,61.150001525878906,60.264686584472656,1936058
2022-05-23,61.0,61.849998474121094,59.099998474121094,59.45000076293945,58.58929443359375,1783545
2022-05-24,59.5,60.400001525878906,49.150001525878906,53.29999923706055,52.5283317565918,7915680
2022-05-25,52.79999923706055,56.25,50.70000076293945,51.349998474121094,50.606563568115234,4741070
2022-05-26,50.0,50.650001525878906,47.599998474121094,49.04999923706055,48.33986282348633,3371305
2022-05-27,49.099998474121094,54.5,49.099998474121094,53.54999923706055,52.774715423583984,3025095
2022-05-30,54.0,54.45000076293945,51.400001525878906,51.54999923706055,50.80366897583008,1728238
2022-05-31,49.599998474121094,51.0,48.25,49.5,48.783348083496094,1377572
2022-06-01,50.099998474121094,50.849998474121094,48.5,49.04999923706055,48.33986282348633,1107229
2022-06-02,49.400001525878906,49.75,48.54999923706055,48.95000076293945,48.24131393432617,829631
2022-06-03,50.400001525878906,51.349998474121094,49.650001525878906,50.349998474121094,49.62104034423828,1143466
2022-06-06,49.849998474121094,51.45000076293945,49.849998474121094,51.04999923706055,50.310909271240234,1258679
2022-06-07,50.599998474121094,51.849998474121094,50.45000076293945,50.95000076293945,50.21235656738281,544935
2022-06-08,51.04999923706055,51.5,47.79999923706055,48.349998474121094,47.64999771118164,1148143
2022-06-09,47.75,49.20000076293945,47.599998474121094,48.04999923706055,48.04999923706055,847876
2022-06-10,48.0,49.04999923706055,47.20000076293945,47.5,47.5,954869
2022-06-13,46.900001525878906,47.099998474121094,42.75,44.599998474121094,44.599998474121094,2828644
2022-06-14,44.75,46.20000076293945,42.400001525878906,43.5,43.5,1670494
2022-06-15,43.650001525878906,45.0,43.25,43.70000076293945,43.70000076293945,730445
2022-06-16,44.04999923706055,44.70000076293945,41.04999923706055,42.20000076293945,42.20000076293945,2075871
2022-06-17,42.0,42.20000076293945,40.5,41.599998474121094,41.599998474121094,483284
2022-06-20,40.54999923706055,41.650001525878906,39.5,39.95000076293945,39.95000076293945,567916
2022-06-21,40.0,43.900001525878906,39.95000076293945,43.25,43.25,615201
2022-06-22,43.400001525878906,45.900001525878906,42.20000076293945,44.95000076293945,44.95000076293945,795790
2022-06-23,45.79999923706055,47.20000076293945,44.5,46.5,46.5,874729
2022-06-24,47.0,47.25,44.95000076293945,46.099998474121094,46.099998474121094,592972
2022-06-27,47.54999923706055,47.54999923706055,41.5,42.25,42.25,3177404
2022-06-28,42.75,43.45000076293945,41.70000076293945,42.900001525878906,42.900001525878906,507482
2022-06-29,42.79999923706055,44.0,39.650001525878906,40.400001525878906,40.400001525878906,3121505
2022-06-30,40.95000076293945,41.25,39.95000076293945,40.25,40.25,2199020
2022-07-01,40.25,41.70000076293945,40.0,40.75,40.75,1874092
2022-07-04,41.599998474121094,42.5,39.75,40.20000076293945,40.20000076293945,2279368
2022-07-05,40.95000076293945,41.25,39.900001525878906,40.099998474121094,40.099998474121094,1673236
2022-07-06,40.099998474121094,41.70000076293945,38.79999923706055,40.099998474121094,40.099998474121094,1452980
2022-07-07,40.400001525878906,41.75,40.400001525878906,41.650001525878906,41.650001525878906,717479
2022-07-08,41.349998474121094,42.5,41.150001525878906,42.20000076293945,42.20000076293945,539635
2022-07-11,42.0,43.20000076293945,41.900001525878906,43.0,43.0,291230
2022-07-12,43.0,43.79999923706055,42.650001525878906,43.650001525878906,43.650001525878906,299299
2022-07-13,44.0,45.5,39.75,40.5,40.5,5147880
2022-07-14,41.400001525878906,41.5,40.79999923706055,41.150001525878906,41.150001525878906,452003
2022-07-15,41.599998474121094,41.599998474121094,40.75,41.20000076293945,41.20000076293945,226613
2022-07-18,41.849998474121094,43.0,41.29999923706055,42.650001525878906,42.650001525878906,630261
2022-07-19,42.900001525878906,44.45000076293945,42.650001525878906,44.099998474121094,44.099998474121094,831744
2022-07-20,45.0,45.900001525878906,44.70000076293945,45.650001525878906,45.650001525878906,686778
2022-07-21,45.95000076293945,47.75,45.70000076293945,47.349998474121094,47.349998474121094,1402764
2022-07-22,47.849998474121094,48.0,46.0,46.45000076293945,46.45000076293945,533530
2022-07-25,47.0,47.54999923706055,45.5,46.349998474121094,46.349998474121094,367791
2022-07-26,46.900001525878906,47.0,46.0,46.04999923706055,46.04999923706055,246652
2022-07-27,46.04999923706055,46.54999923706055,45.0,45.849998474121094,45.849998474121094,265802
2022-07-28,46.29999923706055,47.0,46.0,46.54999923706055,46.54999923706055,198103
2022-07-29,46.95000076293945,46.95000076293945,46.20000076293945,46.29999923706055,46.29999923706055,292677
2022-08-01,46.29999923706055,49.400001525878906,46.099998474121094,49.0,49.0,908360
2022-08-02,48.95000076293945,53.0,48.5,52.099998474121094,52.099998474121094,1577372
2022-08-03,52.400001525878906,52.5,50.0,50.5,50.5,617058
2022-08-04,50.79999923706055,53.0,50.0,51.54999923706055,51.54999923706055,614408
2022-08-05,51.95000076293945,52.400001525878906,51.349998474121094,51.900001525878906,51.900001525878906,834253
2022-08-08,52.400001525878906,52.400001525878906,50.099998474121094,51.95000076293945,51.95000076293945,776155
2022-08-10,52.0,54.0,51.95000076293945,53.650001525878906,53.650001525878906,1075251
2022-08-11,54.400001525878906,54.400001525878906,52.5,53.650001525878906,53.650001525878906,355327
2022-08-12,53.95000076293945,56.5,51.0,52.70000076293945,52.70000076293945,1576194
2022-08-16,50.0,51.650001525878906,47.54999923706055,51.04999923706055,51.04999923706055,2080647
2022-08-17,51.900001525878906,54.0,51.45000076293945,53.900001525878906,53.900001525878906,1053298
2022-08-18,55.20000076293945,56.599998474121094,54.20000076293945,56.04999923706055,56.04999923706055,1148670
2022-08-19,56.45000076293945,57.0,55.0,55.20000076293945,55.20000076293945,509531
2022-08-22,54.79999923706055,59.5,54.70000076293945,59.0,59.0,1627912
2022-08-23,59.0,59.79999923706055,58.0,58.900001525878906,58.900001525878906,651890
2022-08-24,59.29999923706055,60.0,59.0,59.650001525878906,59.650001525878906,503544
2022-08-25,59.75,61.70000076293945,59.75,60.70000076293945,60.70000076293945,956078
2022-08-26,61.0,61.95000076293945,58.349998474121094,60.0,60.0,789369
2022-08-29,57.349998474121094,59.5,57.20000076293945,59.20000076293945,59.20000076293945,453592
2022-08-30,59.54999923706055,63.0,59.400001525878906,61.95000076293945,61.95000076293945,1081389
2022-09-01,62.0,66.05000305175781,62.0,65.6500015258789,65.6500015258789,2320604
2022-09-02,66.30000305175781,68.0,65.0,66.75,66.75,1615522
2022-09-05,66.1500015258789,68.6500015258789,66.1500015258789,68.3499984741211,68.3499984741211,1278213
2022-09-06,68.9000015258789,70.0,68.0,68.6500015258789,68.6500015258789,1666018
2022-09-07,68.55000305175781,69.25,66.1500015258789,66.55000305175781,66.55000305175781,905569
2022-09-08,67.0,68.30000305175781,65.44999694824219,65.9000015258789,65.9000015258789,821423
2022-09-09,66.5,66.80000305175781,62.599998474121094,63.29999923706055,63.29999923706055,766325
2022-09-12,63.0,66.0999984741211,63.0,65.44999694824219,65.44999694824219,497325
2022-09-13,66.25,66.75,65.0999984741211,65.8499984741211,65.8499984741211,361756
2022-09-14,64.9000015258789,65.69999694824219,62.0,64.69999694824219,64.69999694824219,700309
2022-09-15,65.19999694824219,66.0,64.25,65.0,65.0,306864
2022-09-16,64.9000015258789,65.0,61.70000076293945,62.150001525878906,62.150001525878906,852152
2022-09-19,62.849998474121094,64.9000015258789,61.29999923706055,61.650001525878906,61.650001525878906,370034
2022-09-20,62.400001525878906,62.849998474121094,61.650001525878906,61.79999923706055,61.79999923706055,290516
2022-09-21,61.900001525878906,62.54999923706055,59.5,60.349998474121094,60.349998474121094,340079
2022-09-22,60.95000076293945,61.599998474121094,59.04999923706055,60.45000076293945,60.45000076293945,328260
2022-09-23,59.0,60.5,58.150001525878906,58.45000076293945,58.45000076293945,639687
2022-09-26,58.0,58.0,52.650001525878906,54.099998474121094,54.099998474121094,880344
2022-09-27,54.849998474121094,56.95000076293945,54.29999923706055,55.25,55.25,889604
2022-09-28,54.400001525878906,56.29999923706055,53.900001525878906,55.25,55.25,200761
2022-09-29,56.400001525878906,57.70000076293945,53.349998474121094,54.20000076293945,54.20000076293945,469759
2022-09-30,54.0,56.70000076293945,53.5,55.79999923706055,55.79999923706055,218466
2022-10-03,56.900001525878906,57.0,55.0,55.45000076293945,55.45000076293945,167894
2022-10-04,56.54999923706055,57.349998474121094,55.900001525878906,56.29999923706055,56.29999923706055,221537
2022-10-06,56.95000076293945,59.0,56.20000076293945,58.25,58.25,342724
2022-10-07,58.45000076293945,58.5,57.25,57.54999923706055,57.54999923706055,173816
2022-10-10,56.0,61.400001525878906,56.0,57.54999923706055,57.54999923706055,1832001
2022-10-11,57.79999923706055,61.25,57.5,57.849998474121094,57.849998474121094,1276433
2022-10-12,58.79999923706055,59.400001525878906,55.45000076293945,57.45000076293945,57.45000076293945,509277
2022-10-13,57.0,58.29999923706055,56.29999923706055,57.099998474121094,57.099998474121094,205916
2022-10-14,58.0,58.45000076293945,55.54999923706055,56.0,56.0,329795
2022-10-17,56.20000076293945,56.45000076293945,54.849998474121094,55.20000076293945,55.20000076293945,262175
2022-10-18,55.75,56.54999923706055,55.349998474121094,55.54999923706055,55.54999923706055,165392
2022-10-19,55.900001525878906,56.70000076293945,55.0,55.29999923706055,55.29999923706055,214893
2022-10-20,55.45000076293945,56.599998474121094,54.79999923706055,55.45000076293945,55.45000076293945,121814
2022-10-21,55.650001525878906,56.099998474121094,54.95000076293945,55.25,55.25,123108
2022-10-24,55.849998474121094,55.900001525878906,55.29999923706055,55.54999923706055,55.54999923706055,77242
2022-10-25,55.599998474121094,56.0,54.5,55.5,55.5,208640
2022-10-27,55.599998474121094,56.25,55.099998474121094,55.349998474121094,55.349998474121094,342990
2022-10-28,55.29999923706055,55.95000076293945,55.04999923706055,55.25,55.25,131690
2022-10-31,55.650001525878906,56.25,55.099998474121094,56.0,56.0,227022
2022-11-01,56.150001525878906,56.5,55.79999923706055,56.150001525878906,56.150001525878906,152218
2022-11-02,56.099998474121094,57.150001525878906,56.0,56.79999923706055,56.79999923706055,184150
2022-11-03,56.54999923706055,57.849998474121094,56.25,56.650001525878906,56.650001525878906,279252
2022-11-04,57.04999923706055,57.29999923706055,56.0,56.79999923706055,56.79999923706055,308421
2022-11-07,56.79999923706055,57.79999923706055,56.54999923706055,57.099998474121094,57.099998474121094,231800
2022-11-09,57.25,58.0,57.25,57.70000076293945,57.70000076293945,621839
2022-11-10,57.95000076293945,58.45000076293945,54.150001525878906,55.29999923706055,55.29999923706055,428436
2022-11-11,55.29999923706055,55.29999923706055,52.04999923706055,53.04999923706055,53.04999923706055,1605023
2022-11-14,53.5,53.5,52.20000076293945,52.75,52.75,176793
2022-11-15,52.75,52.75,51.79999923706055,51.95000076293945,51.95000076293945,250967
2022-11-16,52.099998474121094,52.5,51.25,51.45000076293945,51.45000076293945,294139
2022-11-17,50.5,52.099998474121094,50.5,50.79999923706055,50.79999923706055,252356
2022-11-18,50.79999923706055,51.900001525878906,50.5,50.75,50.75,157342
2022-11-21,50.25,51.900001525878906,50.0,50.650001525878906,50.650001525878906,275480
2022-11-22,51.45000076293945,51.45000076293945,49.900001525878906,50.099998474121094,50.099998474121094,381604
2022-11-23,50.45000076293945,52.099998474121094,50.099998474121094,51.04999923706055,51.04999923706055,342213
2022-11-24,51.099998474121094,51.900001525878906,50.54999923706055,50.849998474121094,50.849998474121094,197061
2022-11-25,51.0,51.95000076293945,50.29999923706055,51.75,51.75,338809
2022-11-28,51.25,52.75,51.25,51.599998474121094,51.599998474121094,339048
2022-11-29,51.75,52.45000076293945,51.349998474121094,51.599998474121094,51.599998474121094,217961
2022-11-30,51.849998474121094,53.0,51.349998474121094,51.599998474121094,51.599998474121094,488443
2022-12-01,51.900001525878906,52.400001525878906,51.349998474121094,51.900001525878906,51.900001525878906,310695
2022-12-02,51.900001525878906,52.849998474121094,51.599998474121094,52.349998474121094,52.349998474121094,278642
2022-12-05,52.849998474121094,53.400001525878906,52.54999923706055,53.150001525878906,53.150001525878906,364474
2022-12-06,53.400001525878906,54.0,52.79999923706055,53.20000076293945,53.20000076293945,348310
2022-12-07,53.45000076293945,54.75,53.04999923706055,53.599998474121094,53.599998474121094,358243
2022-12-08,53.79999923706055,54.0,51.349998474121094,52.54999923706055,52.54999923706055,495000
2022-12-09,52.95000076293945,53.599998474121094,52.0,52.400001525878906,52.400001525878906,234330
2022-12-12,52.349998474121094,52.54999923706055,51.45000076293945,51.849998474121094,51.849998474121094,321529
2022-12-13,52.25,52.70000076293945,51.04999923706055,51.400001525878906,51.400001525878906,281872
2022-12-14,51.599998474121094,52.099998474121094,51.099998474121094,51.45000076293945,51.45000076293945,1034017
2022-12-15,51.5,52.5,51.099998474121094,51.20000076293945,51.20000076293945,1031457
2022-12-16,51.400001525878906,51.599998474121094,50.599998474121094,51.0,51.0,560166
2022-12-19,51.29999923706055,51.29999923706055,49.900001525878906,50.849998474121094,50.849998474121094,360568
2022-12-20,51.0,52.599998474121094,50.70000076293945,51.849998474121094,51.849998474121094,359254
2022-12-21,52.0,52.20000076293945,49.70000076293945,50.04999923706055,50.04999923706055,497701
2022-12-22,49.79999923706055,50.349998474121094,47.20000076293945,47.650001525878906,47.650001525878906,658460
2022-12-23,46.79999923706055,47.25,45.04999923706055,45.20000076293945,45.20000076293945,471945
2022-12-26,45.25,47.849998474121094,45.25,47.5,47.5,304861
2022-12-27,47.599998474121094,49.20000076293945,47.5,49.0,49.0,361205
2022-12-28,49.5,50.25,49.099998474121094,49.70000076293945,49.70000076293945,365106
2022-12-29,50.0,50.400001525878906,49.099998474121094,49.95000076293945,49.95000076293945,322511
2022-12-30,50.0,51.45000076293945,50.0,50.70000076293945,50.70000076293945,366562
2023-01-02,51.0,51.75,50.54999923706055,51.54999923706055,51.54999923706055,235164
2023-01-03,51.70000076293945,52.0,51.04999923706055,51.29999923706055,51.29999923706055,181978
2023-01-04,51.79999923706055,51.79999923706055,49.900001525878906,50.150001525878906,50.150001525878906,268012
2023-01-05,50.45000076293945,51.5,50.20000076293945,51.04999923706055,51.04999923706055,351034
2023-01-06,51.45000076293945,53.0,47.599998474121094,48.75,48.75,1147393
2023-01-09,49.79999923706055,49.95000076293945,48.5,48.95000076293945,48.95000076293945,380719
2023-01-10,48.95000076293945,49.349998474121094,47.5,48.099998474121094,48.099998474121094,346690
2023-01-11,49.0,49.20000076293945,48.20000076293945,48.54999923706055,48.54999923706055,254369
2023-01-12,48.54999923706055,49.150001525878906,47.75,48.25,48.25,350308
2023-01-13,48.599998474121094,48.849998474121094,47.79999923706055,48.349998474121094,48.349998474121094,242845
2023-01-16,48.0,49.099998474121094,47.900001525878906,48.0,48.0,158676
2023-01-17,48.70000076293945,48.70000076293945,47.75,48.04999923706055,48.04999923706055,142485
2023-01-18,48.0,48.650001525878906,47.849998474121094,48.099998474121094,48.099998474121094,193927
2023-01-19,48.099998474121094,48.29999923706055,47.599998474121094,47.79999923706055,47.79999923706055,110758
2023-01-20,47.849998474121094,48.20000076293945,47.400001525878906,47.79999923706055,47.79999923706055,143165
2023-01-23,48.29999923706055,48.5,44.20000076293945,45.70000076293945,45.70000076293945,1746044
2023-01-24,46.349998474121094,46.75,46.0,46.599998474121094,46.599998474121094,280741
2023-01-25,46.599998474121094,46.70000076293945,45.29999923706055,45.650001525878906,45.650001525878906,200670
2023-01-27,46.70000076293945,46.70000076293945,44.04999923706055,44.349998474121094,44.349998474121094,365904
2023-01-30,44.95000076293945,46.20000076293945,44.25,45.150001525878906,45.150001525878906,316913
2023-01-31,45.45000076293945,45.79999923706055,45.0,45.599998474121094,45.599998474121094,278996
2023-02-01,46.04999923706055,47.599998474121094,45.0,45.20000076293945,45.20000076293945,407967
2023-02-02,45.75,45.75,43.099998474121094,44.150001525878906,44.150001525878906,1073220
2023-02-03,43.04999923706055,43.599998474121094,40.20000076293945,40.79999923706055,40.79999923706055,2396351
2023-02-06,41.0,41.0,40.0,40.5,40.5,534628
2023-02-07,41.70000076293945,41.70000076293945,40.29999923706055,40.650001525878906,40.650001525878906,386973
2023-02-08,40.849998474121094,41.349998474121094,40.5,41.20000076293945,41.20000076293945,343135
2023-02-09,41.20000076293945,41.650001525878906,40.599998474121094,41.150001525878906,41.150001525878906,203143
2023-02-10,41.099998474121094,42.400001525878906,40.25,40.400001525878906,40.400001525878906,1020772
2023-02-13,40.54999923706055,40.79999923706055,40.04999923706055,40.29999923706055,40.29999923706055,287091
2023-02-14,40.400001525878906,40.599998474121094,39.54999923706055,39.900001525878906,39.900001525878906,333097
2023-02-15,40.099998474121094,40.79999923706055,39.79999923706055,40.54999923706055,40.54999923706055,220028
2023-02-16,40.54999923706055,42.349998474121094,40.099998474121094,41.900001525878906,41.900001525878906,2317549
2023-02-17,41.95000076293945,42.29999923706055,40.900001525878906,41.04999923706055,41.04999923706055,254266
2023-02-20,41.04999923706055,41.20000076293945,40.0,40.29999923706055,40.29999923706055,273302
2023-02-21,40.5,40.5,39.79999923706055,40.0,40.0,295253
2023-02-22,40.099998474121094,40.099998474121094,39.5,39.599998474121094,39.599998474121094,176840
2023-02-23,39.75,40.0,39.04999923706055,39.54999923706055,39.54999923706055,301068
2023-02-24,40.0,40.0,39.349998474121094,39.599998474121094,39.599998474121094,212182
2023-02-27,39.79999923706055,39.849998474121094,38.099998474121094,38.400001525878906,38.400001525878906,296259
2023-02-28,38.400001525878906,39.45000076293945,38.25,39.0,39.0,314097
2023-03-01,38.599998474121094,39.849998474121094,38.599998474121094,38.900001525878906,38.900001525878906,767734
2023-03-02,39.0,40.0,38.70000076293945,39.29999923706055,39.29999923706055,543865
2023-03-03,39.349998474121094,41.349998474121094,39.349998474121094,40.150001525878906,40.150001525878906,575414
2023-03-06,40.0,40.75,39.849998474121094,40.25,40.25,274445
2023-03-08,40.5,40.599998474121094,39.79999923706055,40.45000076293945,40.45000076293945,264406
2023-03-09,40.70000076293945,41.0,39.900001525878906,40.04999923706055,40.04999923706055,476320
2023-03-10,39.95000076293945,40.20000076293945,39.5,40.0,40.0,219375
2023-03-13,40.0,40.150001525878906,38.349998474121094,38.54999923706055,38.54999923706055,369464
2023-03-14,38.75,38.849998474121094,38.0,38.099998474121094,38.099998474121094,380193
2023-03-15,38.650001525878906,38.95000076293945,37.099998474121094,37.45000076293945,37.45000076293945,976729
2023-03-16,37.54999923706055,37.54999923706055,36.0,36.54999923706055,36.54999923706055,912509
2023-03-17,36.79999923706055,38.150001525878906,36.75,37.150001525878906,37.150001525878906,994203
2023-03-20,37.95000076293945,37.95000076293945,36.04999923706055,36.599998474121094,36.599998474121094,531293
2023-03-21,36.849998474121094,38.29999923706055,36.20000076293945,37.599998474121094,37.599998474121094,515209
2023-03-22,37.849998474121094,38.599998474121094,37.349998474121094,38.0,38.0,572048
2023-03-23,37.5,38.150001525878906,37.0,37.150001525878906,37.150001525878906,255773
2023-03-24,37.400001525878906,37.400001525878906,36.5,36.650001525878906,36.650001525878906,209882
2023-03-27,36.0,36.900001525878906,35.79999923706055,36.04999923706055,36.04999923706055,657679
2023-03-28,36.04999923706055,36.25,34.349998474121094,34.75,34.75,1015751
2023-03-29,34.75,35.849998474121094,34.04999923706055,34.599998474121094,34.599998474121094,1209526
2023-03-31,34.849998474121094,36.29999923706055,34.599998474121094,35.04999923706055,35.04999923706055,703791
2023-04-03,35.70000076293945,38.79999923706055,35.400001525878906,38.400001525878906,38.400001525878906,660874
2023-04-05,39.0,39.70000076293945,38.400001525878906,39.45000076293945,39.45000076293945,499019
2023-04-06,39.79999923706055,40.5,39.45000076293945,40.45000076293945,40.45000076293945,512481
2023-04-10,40.79999923706055,41.0,39.599998474121094,40.0,40.0,296054
2023-04-11,40.099998474121094,40.29999923706055,39.599998474121094,39.849998474121094,39.849998474121094,305654
2023-04-12,39.900001525878906,41.5,39.79999923706055,40.650001525878906,40.650001525878906,1442796
2023-04-13,41.04999923706055,41.04999923706055,40.20000076293945,40.599998474121094,40.599998474121094,173130
2023-04-17,40.75,40.75,39.79999923706055,40.25,40.25,569535
2023-04-18,40.25,46.25,40.099998474121094,44.95000076293945,44.95000076293945,4191743
2023-04-19,46.099998474121094,51.650001525878906,45.900001525878906,48.95000076293945,48.95000076293945,10324163
2023-04-20,50.20000076293945,51.54999923706055,49.25,50.79999923706055,50.79999923706055,3666711
2023-04-21,50.900001525878906,52.0,49.75,51.45000076293945,51.45000076293945,2347160
2023-04-24,51.900001525878906,51.900001525878906,50.099998474121094,50.70000076293945,50.70000076293945,1558059
2023-04-25,50.20000076293945,50.650001525878906,47.599998474121094,48.099998474121094,48.099998474121094,911984
2023-04-26,47.650001525878906,48.0,46.79999923706055,47.349998474121094,47.349998474121094,519075
2023-04-27,48.150001525878906,50.849998474121094,48.04999923706055,49.5,49.5,1478894
2023-04-28,50.0,50.150001525878906,48.599998474121094,48.95000076293945,48.95000076293945,562056
2023-05-02,49.04999923706055,49.45000076293945,46.79999923706055,47.349998474121094,47.349998474121094,673226
2023-05-03,47.5,48.900001525878906,46.900001525878906,48.400001525878906,48.400001525878906,450535
2023-05-04,49.0,49.849998474121094,47.650001525878906,48.04999923706055,48.04999923706055,959753
2023-05-05,48.29999923706055,49.150001525878906,47.29999923706055,48.04999923706055,48.04999923706055,324503
2023-05-08,49.45000076293945,53.5,48.79999923706055,53.099998474121094,53.099998474121094,4242832
2023-05-09,54.45000076293945,57.400001525878906,53.5,55.0,55.0,6008512
2023-05-10,56.0,56.849998474121094,53.349998474121094,55.45000076293945,55.45000076293945,1970742
2023-05-11,55.5,56.099998474121094,54.20000076293945,54.70000076293945,54.70000076293945,721290
2023-05-12,54.75,54.75,53.400001525878906,53.900001525878906,53.900001525878906,560004
2023-05-15,53.099998474121094,53.79999923706055,52.099998474121094,52.25,52.25,692640
2023-05-16,52.25,54.79999923706055,52.25,52.900001525878906,52.900001525878906,1185504
2023-05-17,53.20000076293945,54.0,52.29999923706055,52.79999923706055,52.79999923706055,609571
2023-05-18,53.25,53.75,51.5,52.0,52.0,599646
2023-05-19,51.54999923706055,52.599998474121094,50.04999923706055,51.29999923706055,51.29999923706055,615347
2023-05-22,51.0,51.349998474121094,50.04999923706055,50.5,50.5,486776
2023-05-23,50.5,53.25,50.29999923706055,51.79999923706055,51.79999923706055,888780
2023-05-24,51.849998474121094,52.75,49.599998474121094,49.75,49.75,775131
2023-05-25,47.599998474121094,48.79999923706055,45.54999923706055,47.25,47.25,1976507
2023-05-26,47.20000076293945,48.5,46.5,46.849998474121094,46.849998474121094,730804
2023-05-29,47.0,47.70000076293945,46.5,46.900001525878906,46.900001525878906,508481
2023-05-30,47.349998474121094,47.349998474121094,46.349998474121094,46.599998474121094,46.599998474121094,303335
2023-05-31,46.900001525878906,47.25,46.349998474121094,46.70000076293945,46.70000076293945,302605
2023-06-01,46.70000076293945,48.54999923706055,46.650001525878906,47.099998474121094,47.099998474121094,629667
2023-06-02,47.04999923706055,48.349998474121094,47.0,47.150001525878906,47.150001525878906,529736
2023-06-05,47.5,48.5,46.400001525878906,46.599998474121094,46.599998474121094,830150
2023-06-06,46.79999923706055,47.5,46.099998474121094,46.349998474121094,46.349998474121094,663988
2023-06-07,46.75,47.20000076293945,46.099998474121094,46.599998474121094,46.599998474121094,480622
2023-06-08,47.0,49.0,47.0,47.400001525878906,47.400001525878906,1026329
2023-06-09,47.599998474121094,48.099998474121094,46.79999923706055,46.95000076293945,46.95000076293945,329198
2023-06-12,47.04999923706055,47.400001525878906,46.0,46.150001525878906,46.150001525878906,532802
2023-06-13,46.400001525878906,48.150001525878906,45.900001525878906,46.54999923706055,46.54999923706055,1467372
2023-06-14,46.650001525878906,47.70000076293945,46.0,46.95000076293945,46.95000076293945,1663552
2023-06-15,46.95000076293945,47.5,45.29999923706055,45.70000076293945,45.70000076293945,1171872
2023-06-16,45.849998474121094,49.25,45.849998474121094,48.5,48.5,2511907
2023-06-19,48.900001525878906,49.900001525878906,47.400001525878906,48.650001525878906,48.650001525878906,1803161
2023-06-20,48.599998474121094,49.900001525878906,47.54999923706055,47.75,47.75,1741934
2023-06-21,48.0,49.04999923706055,46.5,48.20000076293945,48.20000076293945,1528413
2023-06-22,48.099998474121094,49.5,47.150001525878906,48.650001525878906,48.650001525878906,820886
2023-06-23,49.0,51.20000076293945,47.900001525878906,50.150001525878906,50.150001525878906,2293778
2023-06-26,50.75,51.20000076293945,48.5,48.79999923706055,48.79999923706055,823294
2023-06-27,48.79999923706055,49.349998474121094,48.29999923706055,48.599998474121094,48.599998474121094,537094
2023-06-28,49.0,49.349998474121094,48.04999923706055,48.20000076293945,48.20000076293945,374928
2023-06-30,48.75,49.150001525878906,47.75,47.900001525878906,47.900001525878906,427937
2023-07-03,48.04999923706055,48.70000076293945,47.54999923706055,47.95000076293945,47.95000076293945,390912
2023-07-04,48.0,48.25,47.5,47.75,47.75,299943
2023-07-05,47.79999923706055,48.650001525878906,47.400001525878906,47.79999923706055,47.79999923706055,387759
2023-07-06,48.0,49.650001525878906,47.849998474121094,48.150001525878906,48.150001525878906,719800
2023-07-07,48.20000076293945,48.70000076293945,47.650001525878906,47.95000076293945,47.95000076293945,406850
2023-07-10,47.900001525878906,48.150001525878906,47.099998474121094,47.29999923706055,47.29999923706055,341080
2023-07-11,47.70000076293945,47.900001525878906,47.150001525878906,47.54999923706055,47.54999923706055,233232
2023-07-12,47.70000076293945,48.099998474121094,46.95000076293945,47.54999923706055,47.54999923706055,426177
2023-07-13,47.54999923706055,48.150001525878906,46.79999923706055,46.95000076293945,46.95000076293945,410178
2023-07-14,47.29999923706055,47.400001525878906,46.95000076293945,47.150001525878906,47.150001525878906,347413
2023-07-17,47.04999923706055,47.79999923706055,47.04999923706055,47.45000076293945,47.45000076293945,402585
2023-07-18,47.45000076293945,48.400001525878906,47.400001525878906,47.599998474121094,47.599998474121094,382376
2023-07-19,47.650001525878906,48.0,47.349998474121094,47.45000076293945,47.45000076293945,273767
2023-07-20,47.400001525878906,48.099998474121094,47.349998474121094,47.79999923706055,47.79999923706055,368835
2023-07-21,48.150001525878906,48.70000076293945,47.400001525878906,48.29999923706055,48.29999923706055,828571
2023-07-24,48.349998474121094,48.75,47.349998474121094,47.54999923706055,47.54999923706055,614703
2023-07-25,47.20000076293945,47.79999923706055,46.79999923706055,46.900001525878906,46.900001525878906,756649
2023-07-26,47.04999923706055,47.29999923706055,45.25,45.70000076293945,45.70000076293945,1248924
2023-07-27,45.70000076293945,46.95000076293945,45.70000076293945,46.25,46.25,597306
2023-07-28,46.20000076293945,46.849998474121094,45.400001525878906,45.599998474121094,45.599998474121094,836945
2023-07-31,45.900001525878906,46.29999923706055,45.0,45.29999923706055,45.29999923706055,612059
2023-08-01,45.400001525878906,46.5,45.29999923706055,45.70000076293945,45.70000076293945,473015
2023-08-02,45.04999923706055,45.900001525878906,44.20000076293945,45.04999923706055,45.04999923706055,808847
2023-08-03,45.04999923706055,45.70000076293945,44.54999923706055,45.099998474121094,45.099998474121094,407636
2023-08-04,45.20000076293945,46.04999923706055,45.150001525878906,45.5,45.5,545462
2023-08-07,45.79999923706055,47.5,45.75,46.5,46.5,850297
2023-08-08,46.900001525878906,47.25,46.25,46.79999923706055,46.79999923706055,367596
2023-08-09,46.849998474121094,47.650001525878906,46.54999923706055,47.400001525878906,47.400001525878906,489365
2023-08-10,47.70000076293945,50.0,47.099998474121094,48.79999923706055,48.79999923706055,1753450
2023-08-11,48.54999923706055,49.54999923706055,47.45000076293945,47.79999923706055,47.79999923706055,1390659
2023-08-14,47.900001525878906,49.20000076293945,47.099998474121094,48.599998474121094,48.599998474121094,1041990
2023-08-16,48.650001525878906,48.75,47.5,47.70000076293945,47.70000076293945,415722
2023-08-17,48.0,52.45000076293945,47.20000076293945,51.25,51.25,2288152
2023-08-18,51.70000076293945,56.0,51.70000076293945,54.79999923706055,54.79999923706055,10064093
2023-08-21,55.20000076293945,56.95000076293945,53.0,54.599998474121094,54.599998474121094,4942332
2023-08-22,55.0,56.849998474121094,53.75,56.04999923706055,56.04999923706055,4094268
2023-08-23,56.70000076293945,57.20000076293945,54.75,55.04999923706055,55.04999923706055,1626315
2023-08-24,55.400001525878906,55.75,53.5,53.75,53.75,1308533
2023-08-25,53.29999923706055,56.25,53.04999923706055,55.349998474121094,55.349998474121094,2147733
2023-08-28,55.75,59.25,54.95000076293945,58.29999923706055,58.29999923706055,4950174
2023-08-29,59.0,61.75,58.599998474121094,60.95000076293945,60.95000076293945,4565897
2023-08-30,61.45000076293945,68.80000305175781,61.25,67.44999694824219,67.44999694824219,12810696
2023-08-31,69.0,70.69999694824219,65.55000305175781,66.1500015258789,66.1500015258789,5516243
2023-09-01,66.19999694824219,66.5999984741211,63.95000076293945,64.8499984741211,64.8499984741211,1650231
2023-09-04,65.30000305175781,68.69999694824219,65.30000305175781,67.0999984741211,67.0999984741211,1690772
2023-09-05,68.0,68.55000305175781,65.19999694824219,65.44999694824219,65.44999694824219,933821
2023-09-06,65.0999984741211,65.8499984741211,63.79999923706055,64.19999694824219,64.19999694824219,741394
2023-09-07,64.30000305175781,68.0,64.30000305175781,66.9000015258789,66.9000015258789,1321108
2023-09-08,67.0999984741211,67.44999694824219,65.25,65.80000305175781,65.80000305175781,469439
2023-09-11,66.30000305175781,66.44999694824219,64.05000305175781,64.5,64.5,710055
2023-09-12,64.8499984741211,64.94999694824219,58.04999923706055,60.849998474121094,60.849998474121094,1645851
2023-09-13,60.400001525878906,63.95000076293945,60.20000076293945,63.099998474121094,63.099998474121094,859527
2023-09-14,63.650001525878906,64.4000015258789,62.5,63.75,63.75,498466
2023-09-15,64.4000015258789,64.75,62.650001525878906,63.400001525878906,63.400001525878906,344692
2023-09-18,63.349998474121094,65.05000305175781,61.54999923706055,62.29999923706055,62.29999923706055,637359
2023-09-20,62.29999923706055,63.79999923706055,61.5,62.650001525878906,62.650001525878906,656685
2023-09-21,62.599998474121094,65.9000015258789,62.0,63.04999923706055,63.04999923706055,1090313
2023-09-22,62.5,64.69999694824219,62.25,63.54999923706055,63.54999923706055,429175
2023-09-25,63.650001525878906,64.5,62.599998474121094,62.79999923706055,62.79999923706055,298621
2023-09-26,62.5,65.5,62.5,63.20000076293945,63.20000076293945,1050516
2023-09-27,63.400001525878906,64.44999694824219,62.5,62.900001525878906,62.900001525878906,465324
2023-09-28,62.95000076293945,63.900001525878906,62.099998474121094,62.20000076293945,62.20000076293945,714652
2023-09-29,62.25,63.70000076293945,62.25,63.349998474121094,63.349998474121094,452301
2023-10-03,63.70000076293945,65.44999694824219,62.79999923706055,63.099998474121094,63.099998474121094,923998
2023-10-04,62.95000076293945,64.1500015258789,62.599998474121094,63.400001525878906,63.400001525878906,555715
2023-10-05,63.70000076293945,68.0999984741211,63.599998474121094,67.0999984741211,67.0999984741211,3622842
2023-10-06,68.8499984741211,69.4000015258789,66.5999984741211,66.9000015258789,66.9000015258789,1783493
2023-10-09,66.0,66.0,63.0,63.099998474121094,63.099998474121094,1687747
2023-10-10,63.95000076293945,65.0,63.150001525878906,64.4000015258789,64.4000015258789,897169
2023-10-11,64.75,76.0,64.55000305175781,74.44999694824219,74.44999694824219,15244602
2023-10-12,75.8499984741211,76.44999694824219,73.1500015258789,74.55000305175781,74.55000305175781,6238264
2023-10-13,74.30000305175781,78.0999984741211,73.5999984741211,75.55000305175781,75.55000305175781,6420312
2023-10-16,75.9000015258789,80.0,75.0999984741211,78.3499984741211,78.3499984741211,6205007
2023-10-17,78.0,81.9000015258789,78.0,79.05000305175781,79.05000305175781,4221291
2023-10-18,79.0,82.0,76.5999984741211,79.5999984741211,79.5999984741211,4295795
2023-10-19,79.0,81.44999694824219,78.30000305175781,79.25,79.25,2849481
2023-10-20,79.3499984741211,83.80000305175781,78.19999694824219,81.75,81.75,6614687
2023-10-23,81.5,82.3499984741211,72.4000015258789,73.30000305175781,73.30000305175781,5192711
2023-10-25,73.9000015258789,79.80000305175781,72.80000305175781,78.9000015258789,78.9000015258789,7915408
2023-10-26,78.4000015258789,79.4000015258789,74.9000015258789,78.25,78.25,3555356
2023-10-27,78.4000015258789,80.0,77.55000305175781,78.0,78.0,1430697
2023-10-30,78.25,83.94999694824219,77.3499984741211,82.30000305175781,82.30000305175781,5186441
2023-10-31,83.0,84.8499984741211,81.6500015258789,82.5,82.5,4208729
2023-11-01,83.0,83.5999984741211,81.19999694824219,81.8499984741211,81.8499984741211,1173006
2023-11-02,82.55000305175781,85.25,82.0,83.0999984741211,83.0999984741211,2673290
2023-11-03,83.75,84.30000305175781,81.5999984741211,82.19999694824219,82.19999694824219,1266062
2023-11-06,82.9000015258789,86.0999984741211,82.5,84.94999694824219,84.94999694824219,3255520
2023-11-07,85.1500015258789,86.05000305175781,84.05000305175781,84.3499984741211,84.3499984741211,1638145
2023-11-08,84.9000015258789,85.1500015258789,81.5,82.0,82.0,1795515
2023-11-09,81.0,82.30000305175781,79.25,79.94999694824219,79.94999694824219,1912222
2023-11-10,79.69999694824219,81.94999694824219,79.19999694824219,80.6500015258789,80.6500015258789,1082453
2023-11-13,81.44999694824219,83.94999694824219,80.55000305175781,80.80000305175781,80.80000305175781,1133350
2023-11-15,81.25,82.44999694824219,79.6500015258789,79.9000015258789,79.9000015258789,1073459
2023-11-16,79.0,81.4000015258789,79.0,79.8499984741211,79.8499984741211,804521
2023-11-17,80.19999694824219,80.80000305175781,77.55000305175781,78.19999694824219,78.19999694824219,965828
2023-11-20,78.69999694824219,79.9000015258789,77.25,78.05000305175781,78.05000305175781,847236
2023-11-21,78.44999694824219,80.6500015258789,77.80000305175781,78.6500015258789,78.6500015258789,991715
2023-11-22,78.9000015258789,80.44999694824219,77.9000015258789,78.19999694824219,78.19999694824219,829698
2023-11-23,78.25,78.5,77.0,77.25,77.25,560330
2023-11-24,77.8499984741211,78.4000015258789,76.0999984741211,76.30000305175781,76.30000305175781,561535
2023-11-28,76.75,77.30000305175781,75.05000305175781,75.75,75.75,554978
2023-11-29,76.4000015258789,77.19999694824219,75.5,75.80000305175781,75.80000305175781,459701
2023-11-30,76.0,76.5,74.1500015258789,74.4000015258789,74.4000015258789,565315
2023-12-01,75.94999694824219,75.94999694824219,73.1500015258789,73.6500015258789,73.6500015258789,693591
2023-12-04,74.94999694824219,75.69999694824219,72.8499984741211,73.1500015258789,73.1500015258789,791633
2023-12-05,73.30000305175781,74.44999694824219,71.9000015258789,73.44999694824219,73.44999694824219,910626
2023-12-06,73.44999694824219,75.1500015258789,72.80000305175781,74.0999984741211,74.0999984741211,1056876
2023-12-07,74.25,75.6500015258789,73.0,74.94999694824219,74.94999694824219,877593
2023-12-08,75.5999984741211,76.25,74.25,74.69999694824219,74.69999694824219,789946
2023-12-11,75.0,75.6500015258789,74.30000305175781,74.8499984741211,74.8499984741211,612814
2023-12-12,75.0,76.1500015258789,71.69999694824219,72.0,72.0,1716422
2023-12-13,72.0999984741211,74.19999694824219,70.69999694824219,73.5,73.5,1219211
2023-12-14,73.5,76.44999694824219,72.80000305175781,74.05000305175781,74.05000305175781,1145111
2023-12-15,74.4000015258789,75.6500015258789,73.55000305175781,73.8499984741211,73.8499984741211,935315
2023-12-18,73.80000305175781,74.9000015258789,73.0999984741211,73.25,73.25,657209
2023-12-19,73.5999984741211,74.0,72.5,73.3499984741211,73.3499984741211,530285
2023-12-20,73.80000305175781,75.44999694824219,69.0999984741211,70.0,70.0,1450937
2023-12-21,70.0,70.9000015258789,68.0999984741211,70.6500015258789,70.6500015258789,756235
2023-12-22,71.0,73.4000015258789,70.9000015258789,71.6500015258789,71.6500015258789,808136
2023-12-26,72.0,78.80000305175781,71.3499984741211,77.75,77.75,6383327
2023-12-27,78.5999984741211,81.25,77.55000305175781,78.19999694824219,78.19999694824219,4060854
2023-12-28,78.94999694824219,78.94999694824219,75.19999694824219,76.30000305175781,76.30000305175781,1559707
2023-12-29,76.9000015258789,77.75,75.0,75.30000305175781,75.30000305175781,1158978
2024-01-01,76.25,77.3499984741211,75.19999694824219,76.0,76.0,717697
2024-01-02,76.30000305175781,76.69999694824219,74.05000305175781,76.19999694824219,76.19999694824219,774103
2024-01-03,76.5,76.55000305175781,74.1500015258789,74.80000305175781,74.80000305175781,805909
2024-01-04,75.0,77.5,74.44999694824219,75.3499984741211,75.3499984741211,984230
2024-01-05,75.5,76.75,71.1500015258789,72.69999694824219,72.69999694824219,3852174
2024-01-08,73.19999694824219,74.6500015258789,72.5999984741211,74.0,74.0,1029134
2024-01-09,74.5999984741211,75.25,72.8499984741211,73.4000015258789,73.4000015258789,695057
2024-01-10,73.55000305175781,74.0,71.80000305175781,72.80000305175781,72.80000305175781,833223
2024-01-11,73.30000305175781,75.6500015258789,73.25,74.69999694824219,74.69999694824219,1087121
2024-01-12,75.25,75.30000305175781,73.30000305175781,73.5,73.5,788453
2024-01-15,73.94999694824219,74.5,72.69999694824219,73.0999984741211,73.0999984741211,518259
2024-01-16,73.1500015258789,78.4000015258789,73.1500015258789,75.69999694824219,75.69999694824219,4305751
2024-01-17,74.5,77.69999694824219,73.6500015258789,75.05000305175781,75.05000305175781,1882309
2024-01-18,75.3499984741211,76.44999694824219,72.05000305175781,74.3499984741211,74.3499984741211,1179129
2024-01-19,74.94999694824219,76.3499984741211,74.0,74.5999984741211,74.5999984741211,889171
2024-01-23,75.5999984741211,77.1500015258789,72.9000015258789,73.19999694824219,73.19999694824219,1602805
2024-01-24,73.55000305175781,74.25,71.5,73.9000015258789,73.9000015258789,860978
2024-01-25,74.30000305175781,75.19999694824219,72.55000305175781,73.5,73.5,816067
2024-01-29,74.0,76.3499984741211,73.80000305175781,74.5,74.5,1733645
2024-01-30,75.0,78.0,72.55000305175781,73.30000305175781,73.30000305175781,2031919
2024-01-31,72.80000305175781,73.25,70.44999694824219,70.75,70.75,2294595
2024-02-01,71.0,71.1500015258789,67.0,67.44999694824219,67.44999694824219,2012765
2024-02-02,67.30000305175781,70.5999984741211,67.0999984741211,68.80000305175781,68.80000305175781,1392169
2024-02-05,69.3499984741211,69.3499984741211,67.0999984741211,67.5,67.5,1098089
2024-02-06,67.9000015258789,69.30000305175781,67.44999694824219,68.6500015258789,68.6500015258789,728798
2024-02-07,69.1500015258789,71.1500015258789,68.19999694824219,68.69999694824219,68.69999694824219,1187375
2024-02-08,68.8499984741211,69.3499984741211,67.69999694824219,68.1500015258789,68.1500015258789,695924
2024-02-09,68.19999694824219,68.9000015258789,65.25,66.3499984741211,66.3499984741211,841389
2024-02-12,66.5,66.69999694824219,62.900001525878906,64.25,64.25,1301766
2024-02-13,64.80000305175781,65.30000305175781,62.25,64.05000305175781,64.05000305175781,615351
2024-02-14,62.849998474121094,65.0,62.599998474121094,64.44999694824219,64.44999694824219,559949
2024-02-15,64.9000015258789,66.94999694824219,62.599998474121094,63.099998474121094,63.099998474121094,1702821
2024-02-16,63.5,66.1500015258789,63.400001525878906,64.8499984741211,64.8499984741211,1450677
2024-02-19,65.1500015258789,66.0,64.5,65.05000305175781,65.05000305175781,659786
2024-02-20,65.05000305175781,65.8499984741211,63.650001525878906,63.95000076293945,63.95000076293945,1083812
2024-02-21,63.849998474121094,64.55000305175781,63.099998474121094,63.5,63.5,474778
2024-02-22,63.95000076293945,64.75,62.599998474121094,64.30000305175781,64.30000305175781,502398
2024-02-23,64.5,64.80000305175781,63.349998474121094,63.599998474121094,63.599998474121094,453012
2024-02-26,63.70000076293945,66.4000015258789,63.45000076293945,64.9000015258789,64.9000015258789,1152969
2024-02-27,64.9000015258789,69.30000305175781,64.75,66.05000305175781,66.05000305175781,3751581
2024-02-28,66.4000015258789,68.4000015258789,63.79999923706055,64.19999694824219,64.19999694824219,1278183
2024-02-29,64.0,65.30000305175781,63.20000076293945,64.9000015258789,64.9000015258789,555860
2024-03-01,65.0,66.1500015258789,63.900001525878906,64.4000015258789,64.4000015258789,869825
2024-03-04,65.0999984741211,65.25,63.79999923706055,64.0999984741211,64.0999984741211,491618
2024-03-05,64.1500015258789,64.4000015258789,63.150001525878906,63.349998474121094,63.349998474121094,421153
2024-03-06,63.20000076293945,63.25,60.04999923706055,60.900001525878906,60.900001525878906,984159
2024-03-07,61.0,62.5,60.349998474121094,60.849998474121094,60.849998474121094,661743
2024-03-11,61.099998474121094,61.400001525878906,58.849998474121094,59.099998474121094,59.099998474121094,1250743
2024-03-12,59.099998474121094,59.150001525878906,56.29999923706055,56.75,56.75,1102803
2024-03-13,56.849998474121094,57.75,51.0,51.599998474121094,51.599998474121094,2084891
2024-03-14,51.0,54.5,51.0,52.75,52.75,1832356
2024-03-15,52.400001525878906,57.400001525878906,51.0,56.599998474121094,56.599998474121094,2887266
2024-03-18,58.04999923706055,58.75,55.5,58.650001525878906,58.650001525878906,1819960
2024-03-19,58.400001525878906,60.95000076293945,57.650001525878906,58.400001525878906,58.400001525878906,1629526
2024-03-20,58.849998474121094,59.20000076293945,56.75,58.650001525878906,58.650001525878906,875876
2024-03-21,58.79999923706055,60.70000076293945,58.5,59.75,59.75,729311
2024-03-22,58.75,62.20000076293945,58.75,61.25,61.25,969137
2024-03-26,61.5,62.79999923706055,59.20000076293945,59.5,59.5,1064084
2024-03-27,60.29999923706055,60.75,57.04999923706055,57.45000076293945,57.45000076293945,1119191
2024-03-28,58.099998474121094,59.79999923706055,56.95000076293945,57.150001525878906,57.150001525878906,1034326
2024-04-01,58.0,62.400001525878906,58.0,61.900001525878906,61.900001525878906,929729
2024-04-02,61.900001525878906,63.20000076293945,61.599998474121094,62.849998474121094,62.849998474121094,588343
2024-04-03,62.45000076293945,65.25,62.20000076293945,64.69999694824219,64.69999694824219,1084805
2024-04-04,65.0,65.5,63.54999923706055,64.0999984741211,64.0999984741211,520454
2024-04-05,63.900001525878906,64.55000305175781,63.0,64.30000305175781,64.30000305175781,472709
2024-04-08,64.75,64.94999694824219,63.0,63.54999923706055,63.54999923706055,287273
2024-04-09,63.599998474121094,64.0,62.29999923706055,63.0,63.0,265107
2024-04-10,63.04999923706055,63.650001525878906,62.45000076293945,63.04999923706055,63.04999923706055,363646
2024-04-12,62.650001525878906,63.04999923706055,60.04999923706055,60.79999923706055,60.79999923706055,1044840
2024-04-15,58.04999923706055,60.400001525878906,58.04999923706055,59.54999923706055,59.54999923706055,553627
2024-04-16,59.400001525878906,61.349998474121094,59.400001525878906,59.70000076293945,59.70000076293945,323943
2024-04-18,61.0,63.79999923706055,60.25,61.20000076293945,61.20000076293945,664042
2024-04-19,60.25,61.400001525878906,59.75,60.650001525878906,60.650001525878906,361637
2024-04-22,61.400001525878906,63.5,61.400001525878906,62.54999923706055,62.54999923706055,456818
2024-04-23,62.599998474121094,63.0,61.45000076293945,62.0,62.0,341158
2024-04-24,62.349998474121094,64.5999984741211,62.20000076293945,62.650001525878906,62.650001525878906,562828
2024-04-25,62.650001525878906,64.05000305175781,62.349998474121094,63.0,63.0,454475
2024-04-26,63.45000076293945,63.599998474121094,62.150001525878906,62.70000076293945,62.70000076293945,304058
2024-04-29,63.20000076293945,63.849998474121094,62.20000076293945,62.29999923706055,62.29999923706055,392284
2024-04-30,62.5,64.5,61.0,63.0,63.0,1135343
2024-05-02,63.0,63.25,62.29999923706055,62.5,62.5,228595
2024-05-03,62.900001525878906,63.04999923706055,61.099998474121094,61.650001525878906,61.650001525878906,360637
2024-05-06,61.75,62.25,60.0,60.25,60.25,278314
2024-05-07,60.400001525878906,60.79999923706055,58.25,58.650001525878906,58.650001525878906,445498
2024-05-08,58.599998474121094,60.25,58.099998474121094,59.150001525878906,59.150001525878906,266077
2024-05-09,59.400001525878906,59.599998474121094,57.25,57.45000076293945,57.45000076293945,330156
2024-05-10,57.70000076293945,58.45000076293945,56.95000076293945,58.0,58.0,174788
2024-05-13,58.099998474121094,58.79999923706055,56.54999923706055,57.849998474121094,57.849998474121094,292937
2024-05-14,58.29999923706055,60.0,58.04999923706055,59.400001525878906,59.400001525878906,228892
2024-05-15,59.70000076293945,60.79999923706055,59.099998474121094,59.400001525878906,59.400001525878906,252837
2024-05-16,59.79999923706055,61.099998474121094,59.650001525878906,60.29999923706055,60.29999923706055,233420
2024-05-17,60.29999923706055,62.349998474121094,59.75,61.849998474121094,61.849998474121094,592220
2024-05-21,62.0,62.400001525878906,60.5,60.70000076293945,60.70000076293945,426183
2024-05-22,61.25,63.04999923706055,60.5,61.75,61.75,534772
2024-05-23,61.95000076293945,66.0999984741211,61.0,63.95000076293945,63.95000076293945,3769772
2024-05-24,64.4000015258789,64.9000015258789,62.0,62.349998474121094,62.349998474121094,1070590
2024-05-27,63.5,63.5,61.0,61.5,61.5,623940
2024-05-28,61.75,61.95000076293945,58.099998474121094,59.29999923706055,59.29999923706055,1000004
2024-05-29,58.95000076293945,60.099998474121094,58.099998474121094,59.45000076293945,59.45000076293945,383412
2024-05-30,60.349998474121094,60.349998474121094,57.5,57.79999923706055,57.79999923706055,460100
2024-05-31,58.0,60.29999923706055,57.349998474121094,58.25,58.25,384542
2024-06-03,59.349998474121094,60.0,57.25,57.75,57.75,550160
2024-06-04,57.70000076293945,57.75,51.0,53.75,53.75,1019224
2024-06-05,55.0,60.349998474121094,53.54999923706055,59.5,59.5,1006752
2024-06-06,59.95000076293945,61.29999923706055,59.0,60.599998474121094,60.599998474121094,627532
2024-06-07,60.79999923706055,61.099998474121094,58.349998474121094,59.79999923706055,59.79999923706055,385181
2024-06-10,60.0,62.900001525878906,60.0,61.630001068115234,61.630001068115234,1188603
2024-06-11,61.630001068115234,63.20000076293945,61.47999954223633,62.47999954223633,62.47999954223633,649343
2024-06-12,62.599998474121094,72.4000015258789,62.0,71.81999969482422,71.81999969482422,12232972
2024-06-13,72.19999694824219,75.69999694824219,70.8499984741211,73.5,73.5,7527292
2024-06-14,73.9000015258789,76.8499984741211,73.33000183105469,74.66000366210938,74.66000366210938,6021105
2024-06-18,74.79000091552734,81.6500015258789,74.5999984741211,78.80000305175781,78.80000305175781,7886495
2024-06-19,79.13999938964844,79.58999633789062,74.80000305175781,77.9000015258789,77.9000015258789,2800671
2024-06-20,78.5,79.79000091552734,77.01000213623047,77.62999725341797,77.62999725341797,1195566
2024-06-21,77.01000213623047,77.81999969482422,74.94000244140625,75.81999969482422,75.81999969482422,998780
