Date,Open,High,Low,Close,Adj Close,Volume
2006-02-27,37.599998474121094,38.79999923706055,30.524999618530273,31.584999084472656,31.278942108154297,164371740
2006-02-28,31.299999237060547,32.349998474121094,30.924999237060547,31.190000534057617,30.887771606445312,50853340
2006-03-01,31.25,31.575000762939453,29.81999969482422,30.204999923706055,29.912315368652344,17418730
2006-03-02,30.190000534057617,32.29999923706055,29.5,30.565000534057617,30.268827438354492,24812340
2006-03-03,30.600000381469727,31.200000762939453,29.899999618530273,30.290000915527344,29.996492385864258,10571670
2006-03-06,30.540000915527344,31.59000015258789,30.25,30.795000076293945,30.496599197387695,9494930
2006-03-07,30.850000381469727,31.5,30.315000534057617,30.559999465942383,30.26387596130371,6153910
2006-03-08,30.510000228881836,31.06999969482422,29.719999313354492,29.8700008392334,29.580562591552734,4214770
2006-03-09,29.9950008392334,30.344999313354492,29.024999618530273,29.2450008392334,28.961618423461914,4005120
2006-03-10,29.389999389648438,30.100000381469727,29.100000381469727,29.18000030517578,28.897247314453125,3334110
2006-03-13,29.479999542236328,29.5,28.8700008392334,29.020000457763672,28.738798141479492,3133450
2006-03-14,28.8700008392334,29.18000030517578,28.200000762939453,28.309999465942383,28.035676956176758,1702440
2006-03-16,28.31999969482422,28.540000915527344,26.614999771118164,26.854999542236328,26.594776153564453,3087780
2006-03-17,27.145000457763672,27.145000457763672,26.125,26.290000915527344,26.035253524780273,1741600
2006-03-20,26.399999618530273,27.540000915527344,26.100000381469727,26.575000762939453,26.31749153137207,2850150
2006-03-21,26.635000228881836,28.4950008392334,26.600000381469727,27.010000228881836,26.748275756835938,6339230
2006-03-22,27.290000915527344,27.290000915527344,26.149999618530273,26.290000915527344,26.035253524780273,2357930
2006-03-23,26.889999389648438,26.889999389648438,25.459999084472656,25.579999923706055,25.33213233947754,2314440
2006-03-24,25.600000381469727,26.5,25.5049991607666,25.825000762939453,25.574758529663086,1911670
2006-03-27,26.040000915527344,26.200000762939453,25.225000381469727,25.329999923706055,25.08455467224121,1737740
2006-03-28,25.549999237060547,25.584999084472656,24.0,24.110000610351562,23.87637710571289,2826020
2006-03-29,24.209999084472656,25.5,24.200000762939453,24.770000457763672,24.52998161315918,4002090
2006-03-30,25.0,25.3799991607666,24.299999237060547,24.475000381469727,24.237838745117188,3108550
2006-03-31,24.69499969482422,25.985000610351562,24.399999618530273,25.049999237060547,24.807266235351562,3947480
2006-04-03,25.389999389648438,26.200000762939453,25.100000381469727,26.0049991607666,25.75301170349121,3163850
2006-04-04,26.600000381469727,28.459999084472656,26.34000015258789,28.059999465942383,27.78809928894043,10845400
2006-04-05,28.299999237060547,29.0,28.209999084472656,28.405000686645508,28.129758834838867,4707530
2006-04-07,28.5,28.78499984741211,26.915000915527344,27.059999465942383,26.79779052734375,2667450
2006-04-10,25.5,27.219999313354492,25.5,25.829999923706055,25.579710006713867,2179460
2006-04-12,26.0,26.5,25.415000915527344,25.524999618530273,25.277664184570312,1794740
2006-04-13,25.75,25.799999237060547,24.860000610351562,25.09000015258789,24.846879959106445,1250470
2006-04-17,25.399999618530273,25.844999313354492,25.209999084472656,25.46500015258789,25.218246459960938,619410
2006-04-18,25.600000381469727,26.0,25.360000610351562,25.53499984741211,25.287567138671875,886290
2006-04-19,25.489999771118164,28.5,25.489999771118164,28.165000915527344,27.8920841217041,8099650
2006-04-20,28.600000381469727,29.290000915527344,28.2549991607666,28.584999084472656,28.308012008666992,7042450
2006-04-21,28.5,28.844999313354492,27.25,27.809999465942383,27.540523529052734,2257900
2006-04-24,28.170000076293945,28.5,27.780000686645508,27.905000686645508,27.63460350036621,1409430
2006-04-25,28.145000457763672,30.299999237060547,28.0,28.829999923706055,28.550640106201172,11770100
2006-04-26,29.200000762939453,29.375,28.290000915527344,28.389999389648438,28.11490249633789,2420330
2006-04-27,28.600000381469727,30.239999771118164,28.31999969482422,29.1299991607666,28.847732543945312,4972870
2006-04-28,28.5,28.600000381469727,26.510000228881836,27.915000915527344,27.644506454467773,2563210
2006-05-02,29.0,29.3799991607666,28.229999542236328,28.364999771118164,28.090145111083984,1621620
2006-05-03,29.0,29.489999771118164,28.6200008392334,29.09000015258789,28.808120727539062,2668770
2006-05-04,29.420000076293945,30.979999542236328,29.25,30.06999969482422,29.778623580932617,9405070
2006-05-05,30.375,32.099998474121094,30.299999237060547,31.264999389648438,30.96204376220703,9579400
2006-05-08,31.399999618530273,31.709999084472656,29.649999618530273,29.7549991607666,29.4666748046875,3976830
2006-05-09,30.299999237060547,30.299999237060547,28.649999618530273,29.049999237060547,28.76850700378418,1958030
2006-05-10,29.200000762939453,30.100000381469727,29.100000381469727,29.434999465942383,29.149776458740234,1587640
2006-05-11,29.774999618530273,32.095001220703125,29.100000381469727,30.844999313354492,30.546113967895508,14474010
2006-05-12,30.700000762939453,31.600000381469727,30.0,30.799999237060547,30.501548767089844,4852820
2006-05-15,30.899999618530273,31.200000762939453,30.299999237060547,30.594999313354492,30.29853630065918,3532940
2006-05-16,30.889999389648438,32.400001525878906,29.0,31.7450008392334,31.437393188476562,3840280
2006-05-17,32.400001525878906,33.970001220703125,31.719999313354492,33.35499954223633,33.03179168701172,11908570
2006-05-18,32.95000076293945,33.5,28.510000228881836,29.040000915527344,28.75860595703125,3890090
2006-05-19,29.5,31.0,26.700000762939453,27.625,27.357315063476562,2269500
2006-05-22,27.604999542236328,28.440000534057617,22.100000381469727,24.1200008392334,23.886280059814453,2036940
2006-05-23,24.600000381469727,28.5,23.5,27.915000915527344,27.644506454467773,2129180
2006-05-24,28.3700008392334,28.469999313354492,26.104999542236328,26.565000534057617,26.307586669921875,2373820
2006-05-25,26.315000534057617,27.0,26.024999618530273,26.329999923706055,26.07486343383789,869290
2006-05-26,26.795000076293945,29.0,26.795000076293945,27.059999465942383,26.79779052734375,820120
2006-05-29,27.059999465942383,27.68000030517578,26.690000534057617,27.110000610351562,26.847307205200195,412590
2006-05-30,27.225000381469727,27.899999618530273,26.440000534057617,26.6200008392334,26.3620548248291,751130
2006-05-31,25.600000381469727,26.389999389648438,25.010000228881836,25.684999465942383,25.436113357543945,640890
2006-06-01,26.885000228881836,26.885000228881836,24.100000381469727,24.424999237060547,24.188322067260742,584980
2006-06-02,24.0,24.8799991607666,21.899999618530273,22.764999389648438,22.544408798217773,1579820
2006-06-05,23.200000762939453,23.5,22.100000381469727,22.264999389648438,22.049253463745117,815760
2006-06-06,21.979999542236328,22.094999313354492,20.80500030517578,21.125,20.920299530029297,813130
2006-06-07,20.80500030517578,21.5,17.030000686645508,18.045000076293945,17.870145797729492,1720070
2006-06-08,17.8799991607666,18.0,14.800000190734863,15.704999923706055,15.55281925201416,1766600
2006-06-09,15.800000190734863,18.399999618530273,14.824999809265137,17.655000686645508,17.483924865722656,1960750
2006-06-12,17.809999465942383,18.094999313354492,16.6200008392334,16.975000381469727,16.810514450073242,830370
2006-06-13,16.424999237060547,16.5,15.3100004196167,16.135000228881836,15.978652954101562,767010
2006-06-14,16.299999237060547,17.290000915527344,15.25,15.46500015258789,15.315145492553711,608890
2006-06-15,16.5,17.010000228881836,16.0,16.940000534057617,16.775854110717773,695300
2006-06-16,17.200000762939453,18.479999542236328,17.1200008392334,17.530000686645508,17.360136032104492,1095370
2006-06-19,17.600000381469727,17.600000381469727,16.6299991607666,17.170000076293945,17.003623962402344,1080820
2006-06-20,17.145000457763672,17.145000457763672,16.299999237060547,16.389999389648438,16.231182098388672,1489490
2006-06-21,16.424999237060547,17.5,16.30500030517578,16.545000076293945,16.384679794311523,1573830
2006-06-22,16.899999618530273,18.190000534057617,16.899999618530273,17.235000610351562,17.067995071411133,3561800
2006-06-23,16.799999237060547,17.459999084472656,16.600000381469727,17.219999313354492,17.053138732910156,1222310
2006-06-26,17.450000762939453,17.600000381469727,16.299999237060547,16.469999313354492,16.310405731201172,813370
2006-06-27,16.5,16.799999237060547,16.100000381469727,16.315000534057617,16.156909942626953,638150
2006-06-28,15.75,16.5,15.75,16.299999237060547,16.142053604125977,456060
2006-06-29,16.40999984741211,16.649999618530273,15.829999923706055,15.925000190734863,15.7706880569458,444520
2006-06-30,16.399999618530273,16.899999618530273,16.270000457763672,16.440000534057617,16.280698776245117,472520
2006-07-03,16.0,16.600000381469727,15.90999984741211,16.0049991607666,15.8499116897583,729410
2006-07-04,16.100000381469727,16.25,15.555000305175781,15.770000457763672,15.61719036102295,660910
2006-07-05,15.649999618530273,16.200000762939453,15.300000190734863,15.470000267028809,15.320096969604492,1158600
2006-07-06,15.449999809265137,17.014999389648438,15.199999809265137,16.024999618530273,15.869718551635742,3333050
2006-07-07,16.299999237060547,16.579999923706055,15.635000228881836,15.739999771118164,15.587480545043945,1354050
2006-07-10,15.930000305175781,15.930000305175781,15.399999618530273,15.680000305175781,15.528061866760254,444000
2006-07-11,15.5600004196167,16.290000915527344,15.5600004196167,15.78499984741211,15.632044792175293,791220
2006-07-12,15.600000381469727,15.880000114440918,15.270000457763672,15.524999618530273,15.374563217163086,719480
2006-07-13,15.729999542236328,16.0,15.5600004196167,15.899999618530273,15.745929718017578,477660
2006-07-14,15.5,15.800000190734863,15.324999809265137,15.680000305175781,15.528061866760254,287440
2006-07-17,15.225000381469727,15.760000228881836,14.805000305175781,14.90999984741211,14.765522956848145,714790
2006-07-18,15.199999809265137,15.199999809265137,14.75,14.8149995803833,14.671442985534668,355020
2006-07-19,15.274999618530273,15.274999618530273,14.380000114440918,14.444999694824219,14.305028915405273,397760
2006-07-20,14.970000267028809,14.970000267028809,14.414999961853027,14.545000076293945,14.404060363769531,260210
2006-07-21,14.199999809265137,14.5,13.609999656677246,13.774999618530273,13.641520500183105,534070
2006-07-24,13.600000381469727,13.699999809265137,13.079999923706055,13.260000228881836,13.131511688232422,467180
2006-07-25,13.600000381469727,14.380000114440918,13.199999809265137,14.03499984741211,13.899002075195312,639290
2006-07-26,14.34000015258789,14.755000114440918,13.760000228881836,14.609999656677246,14.468429565429688,428210
2006-07-27,14.21500015258789,14.989999771118164,14.21500015258789,14.635000228881836,14.49318790435791,534580
2006-07-28,14.600000381469727,14.899999618530273,14.354999542236328,14.479999542236328,14.339689254760742,335270
2006-07-31,14.800000190734863,14.904999732971191,14.479999542236328,14.5600004196167,14.418914794921875,435200
2006-08-01,14.699999809265137,14.699999809265137,14.3149995803833,14.46500015258789,14.324835777282715,163130
2006-08-02,14.6899995803833,15.880000114440918,14.3149995803833,15.444999694824219,15.29533863067627,1369110
2006-08-03,15.699999809265137,16.200000762939453,15.324999809265137,15.46500015258789,15.315145492553711,1575050
2006-08-04,15.680000305175781,15.994999885559082,15.354999542236328,15.555000305175781,15.40427303314209,667880
2006-08-07,16.0,17.010000228881836,15.399999618530273,15.53499984741211,15.384467124938965,5636760
2006-08-08,15.78499984741211,15.984999656677246,15.619999885559082,15.800000190734863,15.646899223327637,1071900
2006-08-09,15.210000038146973,16.399999618530273,15.210000038146973,16.010000228881836,15.854864120483398,1637780
2006-08-10,16.100000381469727,16.399999618530273,15.805000305175781,16.229999542236328,16.07273292541504,989360
2006-08-11,16.299999237060547,16.899999618530273,16.299999237060547,16.405000686645508,16.246036529541016,2206160
2006-08-14,16.510000228881836,17.295000076293945,16.350000381469727,16.780000686645508,16.617403030395508,3922670
2006-08-16,16.850000381469727,18.34000015258789,16.780000686645508,17.78499984741211,17.6126651763916,6871850
2006-08-17,17.979999542236328,18.264999389648438,17.260000228881836,17.329999923706055,17.162073135375977,2193780
2006-08-18,17.454999923706055,19.065000534057617,17.024999618530273,19.065000534057617,18.88026237487793,6007500
2006-08-21,19.489999771118164,20.329999923706055,19.139999389648438,19.309999465942383,19.122886657714844,5975500
2006-08-22,19.5,20.19499969482422,19.100000381469727,19.25,19.06346893310547,3712300
2006-08-23,19.5,19.75,18.0049991607666,18.110000610351562,17.93451690673828,3056270
2006-08-24,18.100000381469727,18.700000762939453,17.649999618530273,18.399999618530273,18.221704483032227,2444860
2006-08-25,18.799999237060547,18.989999771118164,18.350000381469727,18.4950008392334,18.315786361694336,1730720
2006-08-28,18.68000030517578,18.889999389648438,18.344999313354492,18.739999771118164,18.55841064453125,1056760
2006-08-29,18.90999984741211,19.295000076293945,18.700000762939453,18.920000076293945,18.736665725708008,1645060
2006-08-30,18.549999237060547,19.28499984741211,18.200000762939453,18.334999084472656,18.157333374023438,3793860
2006-08-31,18.4950008392334,18.4950008392334,17.510000228881836,17.575000762939453,17.404701232910156,1406270
2006-09-01,17.604999542236328,18.0,17.360000610351562,17.645000457763672,17.474021911621094,1050920
2006-09-04,17.94499969482422,18.1200008392334,17.700000762939453,18.024999618530273,17.850337982177734,988250
2006-09-05,17.75,18.200000762939453,17.75,17.8700008392334,17.696842193603516,737440
2006-09-06,18.5,18.829999923706055,17.81999969482422,18.360000610351562,18.182092666625977,3198350
2006-09-07,18.600000381469727,19.1299991607666,18.204999923706055,18.665000915527344,18.48413848876953,2963720
2006-09-08,18.790000915527344,18.940000534057617,18.450000762939453,18.55500030517578,18.37520408630371,895190
2006-09-11,18.700000762939453,18.700000762939453,17.15999984741211,17.34000015258789,17.17197608947754,833480
2006-09-12,17.889999389648438,17.889999389648438,17.0,17.415000915527344,17.24625015258789,945740
2006-09-13,17.600000381469727,17.899999618530273,17.545000076293945,17.704999923706055,17.53343963623047,563770
2006-09-14,17.899999618530273,18.139999389648438,17.290000915527344,17.385000228881836,17.216541290283203,1129220
2006-09-15,17.299999237060547,17.5,17.100000381469727,17.280000686645508,17.112558364868164,821280
2006-09-18,17.5,17.899999618530273,17.290000915527344,17.354999542236328,17.186830520629883,565120
2006-09-19,17.450000762939453,17.799999237060547,17.049999237060547,17.239999771118164,17.07294464111328,1363200
2006-09-20,16.825000762939453,17.385000228881836,16.81999969482422,17.18000030517578,17.013526916503906,336060
2006-09-21,17.399999618530273,17.5,16.954999923706055,17.100000381469727,16.934303283691406,439560
2006-09-22,17.149999618530273,17.2549991607666,16.799999237060547,16.875,16.711483001708984,490870
2006-09-25,17.0,17.200000762939453,16.655000686645508,16.725000381469727,16.562936782836914,819080
2006-09-26,16.895000457763672,17.149999618530273,16.760000228881836,16.834999084472656,16.6718692779541,440610
2006-09-27,16.90999984741211,17.264999389648438,16.75,16.850000381469727,16.686725616455078,707640
2006-09-28,16.875,17.1200008392334,16.649999618530273,16.7549991607666,16.59264373779297,558350
2006-09-29,16.799999237060547,18.2450008392334,16.799999237060547,17.829999923706055,17.657228469848633,2794480
2006-10-03,17.899999618530273,19.614999771118164,17.549999237060547,19.364999771118164,19.17735481262207,6837890
2006-10-04,19.594999313354492,19.594999313354492,18.329999923706055,18.434999465942383,18.256364822387695,2772170
2006-10-05,18.56999969482422,19.075000762939453,18.299999237060547,18.5,18.320735931396484,1862610
2006-10-06,18.65999984741211,18.790000915527344,18.219999313354492,18.295000076293945,18.11772346496582,911260
2006-10-09,18.299999237060547,19.270000457763672,18.204999923706055,18.834999084472656,18.652488708496094,2566270
2006-10-10,19.0,19.34000015258789,18.415000915527344,18.520000457763672,18.340543746948242,1990210
2006-10-11,18.780000686645508,18.895000457763672,17.950000762939453,18.06999969482422,17.8949031829834,869000
2006-10-12,18.100000381469727,19.75,18.049999237060547,19.2450008392334,19.058517456054688,9135760
2006-10-13,19.5,19.5,18.5,18.56999969482422,18.390058517456055,3538210
2006-10-16,18.600000381469727,18.885000228881836,18.110000610351562,18.31999969482422,18.142480850219727,1612020
2006-10-17,18.399999618530273,18.549999237060547,18.010000228881836,18.1299991607666,17.954320907592773,845270
2006-10-18,18.200000762939453,18.795000076293945,18.100000381469727,18.450000762939453,18.271221160888672,1105690
2006-10-19,18.579999923706055,18.770000457763672,18.399999618530273,18.594999313354492,18.41481590270996,1128240
2006-10-20,18.774999618530273,18.950000762939453,18.549999237060547,18.655000686645508,18.47423553466797,1011280
2006-10-23,19.299999237060547,19.3700008392334,18.75,18.834999084472656,18.652488708496094,1700820
2006-10-26,18.90999984741211,20.719999313354492,18.860000610351562,20.719999313354492,20.519224166870117,5396120
2006-10-27,21.010000228881836,22.399999618530273,21.010000228881836,21.584999084472656,21.37584114074707,12032060
2006-10-30,21.5,21.78499984741211,21.0,21.184999465942383,20.979719161987305,3221660
2006-10-31,21.350000381469727,22.09000015258789,20.739999771118164,21.270000457763672,21.06389617919922,5726550
2006-11-01,21.5,23.399999618530273,21.235000610351562,23.399999618530273,23.173255920410156,12277520
2006-11-02,23.6299991607666,24.56999969482422,23.6299991607666,24.56999969482422,24.331918716430664,3444540
2006-11-03,25.799999237060547,25.799999237060547,25.799999237060547,25.799999237060547,25.549999237060547,353100
2006-11-06,26.829999923706055,26.829999923706055,26.829999923706055,26.829999923706055,26.829999923706055,196330
2006-11-07,28.174999237060547,28.174999237060547,25.489999771118164,25.489999771118164,25.489999771118164,13841520
2006-11-08,25.5,26.594999313354492,24.5,24.84000015258789,24.84000015258789,5162670
2006-11-09,25.200000762939453,26.084999084472656,24.40999984741211,25.899999618530273,25.899999618530273,8339470
2006-11-10,25.799999237060547,25.8700008392334,24.799999237060547,25.030000686645508,25.030000686645508,2790670
2006-11-13,25.110000610351562,25.600000381469727,24.899999618530273,25.020000457763672,25.020000457763672,2057980
2006-11-14,25.209999084472656,25.5,24.399999618530273,24.549999237060547,24.549999237060547,1439200
2006-11-15,24.75,25.389999389648438,24.049999237060547,24.68000030517578,24.68000030517578,2278000
2006-11-16,24.899999618530273,25.200000762939453,24.0049991607666,24.155000686645508,24.155000686645508,1342870
2006-11-17,24.5,24.5,23.0,23.155000686645508,23.155000686645508,1637570
2006-11-20,23.15999984741211,23.200000762939453,22.100000381469727,22.549999237060547,22.549999237060547,1940100
2006-11-21,22.770000457763672,23.68000030517578,22.614999771118164,23.68000030517578,23.68000030517578,1134320
2006-11-22,24.024999618530273,24.864999771118164,23.80500030517578,24.825000762939453,24.825000762939453,6315030
2006-11-23,25.469999313354492,25.889999389648438,24.600000381469727,25.280000686645508,25.280000686645508,3229310
2006-11-24,25.30500030517578,26.545000076293945,25.30500030517578,26.545000076293945,26.545000076293945,2071650
2006-11-27,27.700000762939453,27.875,26.299999237060547,27.510000228881836,27.510000228881836,4722600
2006-11-28,27.405000686645508,28.889999389648438,26.649999618530273,28.69499969482422,28.69499969482422,8532880
2006-11-29,29.014999389648438,30.1299991607666,29.014999389648438,30.1299991607666,30.1299991607666,1554120
2006-11-30,31.635000228881836,31.639999389648438,31.635000228881836,31.639999389648438,31.639999389648438,264410
2006-12-01,33.224998474121094,33.224998474121094,30.655000686645508,31.4950008392334,31.4950008392334,6105480
2006-12-04,31.875,32.0,29.920000076293945,30.010000228881836,30.010000228881836,2074020
2006-12-05,30.479999542236328,30.670000076293945,28.799999237060547,29.309999465942383,29.309999465942383,1601360
2006-12-06,29.575000762939453,29.780000686645508,28.114999771118164,28.540000915527344,28.540000915527344,942300
2006-12-07,28.399999618530273,29.969999313354492,28.200000762939453,29.969999313354492,29.969999313354492,1043230
2006-12-08,30.969999313354492,31.3799991607666,28.700000762939453,29.06999969482422,29.06999969482422,2122900
2006-12-11,29.100000381469727,29.399999618530273,27.6200008392334,27.7450008392334,27.7450008392334,1162680
2006-12-12,27.7450008392334,29.135000228881836,26.5,27.03499984741211,27.03499984741211,3035890
2006-12-13,27.100000381469727,28.389999389648438,26.125,28.389999389648438,28.389999389648438,1762190
2006-12-14,28.885000228881836,29.809999465942383,28.825000762939453,29.735000610351562,29.735000610351562,1624140
2006-12-15,29.799999237060547,30.649999618530273,29.309999465942383,29.770000457763672,29.770000457763672,3147150
2006-12-18,29.799999237060547,30.104999542236328,28.825000762939453,29.06999969482422,29.06999969482422,841460
2006-12-19,29.100000381469727,29.479999542236328,28.149999618530273,28.295000076293945,28.295000076293945,714030
2006-12-20,28.399999618530273,29.0,27.21500015258789,27.559999465942383,27.559999465942383,733270
2006-12-21,27.655000686645508,28.700000762939453,27.260000228881836,28.344999313354492,28.344999313354492,1246740
2006-12-22,28.700000762939453,28.799999237060547,27.524999618530273,28.5049991607666,28.5049991607666,635090
2006-12-26,28.114999771118164,29.93000030517578,28.114999771118164,29.93000030517578,29.93000030517578,1175240
2006-12-27,30.5,30.989999771118164,30.094999313354492,30.43000030517578,30.43000030517578,3007000
2006-12-28,30.78499984741211,30.78499984741211,29.200000762939453,29.315000534057617,29.315000534057617,592360
2006-12-29,29.399999618530273,29.899999618530273,28.81999969482422,29.0,29.0,559300
2007-01-02,29.989999771118164,30.450000762939453,29.5,30.450000762939453,30.450000762939453,348370
2007-01-03,31.670000076293945,31.899999618530273,30.799999237060547,31.05500030517578,31.05500030517578,1686730
2007-01-04,31.200000762939453,31.389999389648438,30.05500030517578,30.149999618530273,30.149999618530273,499440
2007-01-05,30.200000762939453,30.44499969482422,29.600000381469727,30.0049991607666,30.0049991607666,371600
2007-01-08,30.0,30.0,29.15999984741211,29.565000534057617,29.565000534057617,594290
2007-01-09,29.600000381469727,30.399999618530273,29.110000610351562,29.235000610351562,29.235000610351562,435730
2007-01-10,29.200000762939453,29.684999465942383,28.315000534057617,28.549999237060547,28.549999237060547,330070
2007-01-11,28.700000762939453,29.469999313354492,28.604999542236328,28.934999465942383,28.934999465942383,247960
2007-01-12,29.4950008392334,29.799999237060547,28.799999237060547,28.959999084472656,28.959999084472656,334420
2007-01-15,29.5,30.40999984741211,29.110000610351562,29.709999084472656,29.709999084472656,1134090
2007-01-16,29.700000762939453,30.399999618530273,29.010000228881836,29.125,29.125,599640
2007-01-17,30.0,30.0,29.149999618530273,29.53499984741211,29.53499984741211,325330
2007-01-18,30.084999084472656,30.084999084472656,28.309999465942383,28.895000457763672,28.895000457763672,638000
2007-01-19,29.59000015258789,29.59000015258789,28.31999969482422,28.510000228881836,28.510000228881836,301710
2007-01-22,28.985000610351562,28.985000610351562,28.100000381469727,28.170000076293945,28.170000076293945,316780
2007-01-23,29.0,29.0,28.18000030517578,28.450000762939453,28.450000762939453,252930
2007-01-24,29.299999237060547,29.299999237060547,28.420000076293945,28.545000076293945,28.545000076293945,243130
2007-01-25,28.8799991607666,29.59000015258789,28.600000381469727,29.09000015258789,29.09000015258789,733510
2007-01-29,30.545000076293945,30.545000076293945,30.545000076293945,30.545000076293945,30.545000076293945,384300
2007-01-31,32.07500076293945,32.07500076293945,32.07500076293945,32.07500076293945,32.07500076293945,755320
2007-02-01,33.68000030517578,33.68000030517578,33.68000030517578,33.68000030517578,33.68000030517578,426770
2007-02-02,35.3650016784668,35.3650016784668,32.189998626708984,33.33000183105469,33.33000183105469,9851060
2007-02-05,33.900001525878906,35.0,32.45000076293945,33.060001373291016,33.060001373291016,1232350
2007-02-06,33.79999923706055,34.71500015258789,33.20000076293945,33.935001373291016,33.935001373291016,3898960
2007-02-07,33.51499938964844,34.79999923706055,33.0,34.474998474121094,34.474998474121094,2837310
2007-02-08,34.63999938964844,35.0,33.70000076293945,34.71500015258789,34.71500015258789,4886650
2007-02-09,34.970001220703125,35.20000076293945,33.90999984741211,34.7599983215332,34.7599983215332,1556700
2007-02-12,33.79999923706055,34.20000076293945,32.0,33.11000061035156,33.11000061035156,958540
2007-02-13,32.599998474121094,33.5,32.0,32.4900016784668,32.4900016784668,799490
2007-02-14,31.719999313354492,32.380001068115234,31.299999237060547,31.985000610351562,31.985000610351562,437790
2007-02-15,33.290000915527344,35.185001373291016,32.400001525878906,34.220001220703125,34.220001220703125,911170
2007-02-19,33.51499938964844,34.790000915527344,33.0,34.04499816894531,34.04499816894531,884960
2007-02-20,34.45000076293945,34.45000076293945,33.599998474121094,33.665000915527344,33.665000915527344,415820
2007-02-21,34.27000045776367,34.27000045776367,33.34000015258789,34.060001373291016,34.060001373291016,577000
2007-02-22,34.0,34.150001525878906,33.560001373291016,33.834999084472656,33.834999084472656,353420
2007-02-23,33.70000076293945,33.900001525878906,31.399999618530273,32.654998779296875,32.654998779296875,905420
2007-02-26,32.994998931884766,33.20000076293945,31.895000457763672,33.064998626708984,33.064998626708984,311390
2007-02-27,33.38999938964844,33.38999938964844,32.599998474121094,33.0,33.0,164910
2007-02-28,32.0,32.5,30.125,31.934999465942383,31.934999465942383,474700
2007-03-01,30.209999084472656,33.9900016784668,30.209999084472656,33.345001220703125,33.345001220703125,1439300
2007-03-02,33.70000076293945,33.72999954223633,32.400001525878906,32.720001220703125,32.720001220703125,391180
2007-03-05,32.13999938964844,32.599998474121094,30.524999618530273,31.149999618530273,31.149999618530273,756490
2007-03-06,31.7450008392334,34.0,30.200000762939453,30.940000534057617,30.940000534057617,786960
2007-03-07,31.81999969482422,31.81999969482422,27.850000381469727,28.665000915527344,28.665000915527344,447550
2007-03-08,28.5,29.649999618530273,28.024999618530273,29.15999984741211,29.15999984741211,263610
2007-03-09,29.399999618530273,29.895000457763672,28.809999465942383,29.530000686645508,29.530000686645508,254370
2007-03-12,29.549999237060547,30.09000015258789,28.829999923706055,29.84000015258789,29.84000015258789,328690
2007-03-13,29.40999984741211,30.9950008392334,29.40999984741211,30.760000228881836,30.760000228881836,159350
2007-03-14,29.5,31.200000762939453,29.450000762939453,30.53499984741211,30.53499984741211,136980
2007-03-15,31.75,31.75,30.30500030517578,30.5049991607666,30.5049991607666,213990
2007-03-16,31.5,31.5,29.100000381469727,29.34000015258789,29.34000015258789,146700
2007-03-19,29.9950008392334,30.0,28.850000381469727,29.895000457763672,29.895000457763672,195200
2007-03-20,31.0,31.479999542236328,29.5,29.770000457763672,29.770000457763672,101740
2007-03-21,31.190000534057617,31.25,29.899999618530273,31.06999969482422,31.06999969482422,619250
2007-03-22,31.799999237060547,32.89500045776367,31.5,32.4900016784668,32.4900016784668,957370
2007-03-23,32.5,33.125,32.0,32.82500076293945,32.82500076293945,915230
2007-03-26,33.0,34.900001525878906,32.849998474121094,34.18000030517578,34.18000030517578,1490640
2007-03-28,33.79999923706055,34.29999923706055,33.0,34.119998931884766,34.119998931884766,285460
2007-03-29,33.95000076293945,34.4900016784668,33.904998779296875,34.08000183105469,34.08000183105469,407480
2007-03-30,34.29999923706055,34.79999923706055,34.0,34.314998626708984,34.314998626708984,549910
2007-04-02,32.97999954223633,34.04999923706055,32.05500030517578,33.275001525878906,33.275001525878906,231110
2007-04-03,33.400001525878906,33.79999923706055,33.29999923706055,33.48500061035156,33.48500061035156,404810
2007-04-04,33.900001525878906,34.29499816894531,33.599998474121094,34.09000015258789,34.09000015258789,254950
2007-04-05,33.70000076293945,34.29999923706055,33.70000076293945,34.05500030517578,34.05500030517578,136330
2007-04-09,35.45000076293945,35.45000076293945,34.099998474121094,34.10499954223633,34.10499954223633,141330
2007-04-10,34.29999923706055,34.29999923706055,33.099998474121094,34.10499954223633,34.10499954223633,246740
2007-04-11,32.599998474121094,34.29999923706055,32.599998474121094,34.03499984741211,34.03499984741211,402330
2007-04-12,34.0,34.20000076293945,33.150001525878906,33.26499938964844,33.26499938964844,116090
2007-04-13,33.29999923706055,34.095001220703125,33.20000076293945,33.84000015258789,33.84000015258789,351380
2007-04-16,33.220001220703125,34.29999923706055,33.220001220703125,33.6150016784668,33.6150016784668,181710
2007-04-17,33.79999923706055,34.599998474121094,33.01499938964844,33.34000015258789,33.34000015258789,88100
2007-04-18,33.79499816894531,33.900001525878906,33.0,33.095001220703125,33.095001220703125,87360
2007-04-19,33.400001525878906,33.400001525878906,32.400001525878906,32.720001220703125,32.720001220703125,68810
2007-04-20,33.11000061035156,34.400001525878906,32.20000076293945,32.41999816894531,32.41999816894531,708170
2007-04-23,33.0,33.13999938964844,32.0,32.04499816894531,32.04499816894531,184740
2007-04-24,32.400001525878906,32.5,31.725000381469727,32.35499954223633,32.35499954223633,174330
2007-04-25,32.35499954223633,32.70000076293945,31.600000381469727,31.895000457763672,31.895000457763672,192700
2007-04-26,32.290000915527344,32.68000030517578,31.5,32.15999984741211,32.15999984741211,424950
2007-04-27,32.900001525878906,34.099998474121094,31.5,33.33000183105469,33.33000183105469,1153260
2007-04-30,34.0,35.0,32.70000076293945,33.744998931884766,33.744998931884766,987580
2007-05-03,34.20000076293945,34.970001220703125,33.20000076293945,33.935001373291016,33.935001373291016,1221330
2007-05-04,34.099998474121094,34.86000061035156,33.20500183105469,33.529998779296875,33.529998779296875,1419100
2007-05-07,34.04999923706055,35.0,33.20000076293945,33.45500183105469,33.45500183105469,1584310
2007-05-08,34.099998474121094,34.099998474121094,32.875,33.099998474121094,33.099998474121094,703370
2007-05-09,33.880001068115234,33.880001068115234,32.560001373291016,33.28499984741211,33.28499984741211,345340
2007-05-10,33.5,36.6150016784668,33.5,36.6150016784668,36.6150016784668,1627940
2007-05-11,36.0,37.79999923706055,35.61000061035156,37.150001525878906,37.150001525878906,3641020
2007-05-14,38.0,38.0,36.209999084472656,36.93000030517578,36.93000030517578,1423680
2007-05-15,37.220001220703125,37.790000915527344,36.5099983215332,37.459999084472656,37.459999084472656,1288250
2007-05-16,37.79999923706055,39.25,37.5,38.0099983215332,38.0099983215332,1356870
2007-05-17,38.70000076293945,41.20000076293945,38.5099983215332,40.09000015258789,40.09000015258789,2433520
2007-05-18,39.88999938964844,40.7400016784668,39.814998626708984,40.040000915527344,40.040000915527344,2452970
2007-05-21,40.790000915527344,40.97999954223633,39.525001525878906,40.0,40.0,2068750
2007-05-22,40.0,40.70000076293945,37.70000076293945,40.154998779296875,40.154998779296875,15853270
2007-05-23,40.400001525878906,41.3849983215332,39.810001373291016,40.34000015258789,40.34000015258789,4473300
2007-05-24,40.89500045776367,42.88999938964844,40.0,40.02000045776367,40.02000045776367,1345330
2007-05-25,41.86000061035156,41.86000061035156,39.20000076293945,40.04499816894531,40.04499816894531,1031490
2007-05-28,40.5,40.650001525878906,39.79999923706055,40.029998779296875,40.029998779296875,400410
2007-05-29,40.060001373291016,40.79999923706055,40.0,40.029998779296875,40.029998779296875,414280
2007-05-30,40.0,40.599998474121094,39.849998474121094,40.13999938964844,40.13999938964844,915980
2007-05-31,40.9900016784668,43.0,40.20500183105469,42.46500015258789,42.46500015258789,6943820
2007-06-01,43.869998931884766,44.20000076293945,40.70000076293945,41.27000045776367,41.27000045776367,1182560
2007-06-04,42.0,42.0,40.82500076293945,41.04499816894531,41.04499816894531,344460
2007-06-05,41.275001525878906,41.275001525878906,40.744998931884766,41.10499954223633,41.10499954223633,1451210
2007-06-06,41.5,41.5,39.0,39.34000015258789,39.34000015258789,561020
2007-06-07,38.5,43.275001525878906,38.0099983215332,43.275001525878906,43.275001525878906,1191770
2007-06-08,42.97999954223633,42.97999954223633,40.5,40.89500045776367,40.89500045776367,1459650
2007-06-11,41.79499816894531,41.79499816894531,40.529998779296875,41.13999938964844,41.13999938964844,459890
2007-06-12,42.099998474121094,42.099998474121094,39.224998474121094,40.82500076293945,40.82500076293945,570600
2007-06-13,40.54999923706055,41.5,40.0,40.88999938964844,40.88999938964844,305500
2007-06-14,41.48500061035156,41.77000045776367,40.0099983215332,40.345001220703125,40.345001220703125,413560
2007-06-15,41.0,41.0,39.70000076293945,40.1150016784668,40.1150016784668,147890
2007-06-18,40.29999923706055,40.939998626708984,40.1150016784668,40.744998931884766,40.744998931884766,124900
2007-06-19,40.255001068115234,40.9900016784668,40.255001068115234,40.60499954223633,40.60499954223633,63950
2007-06-20,40.5,41.619998931884766,40.5,41.06999969482422,41.06999969482422,347800
2007-06-21,41.099998474121094,41.099998474121094,40.505001068115234,40.70000076293945,40.70000076293945,1092140
2007-06-22,40.79999923706055,40.79999923706055,39.810001373291016,40.025001525878906,40.025001525878906,384970
2007-06-25,40.20000076293945,40.20000076293945,39.80500030517578,40.01499938964844,40.01499938964844,1320560
2007-06-26,40.70000076293945,42.02000045776367,40.0,42.02000045776367,42.02000045776367,1576270
2007-06-27,43.400001525878906,44.125,43.25,44.125,44.125,492050
2007-06-28,46.334999084472656,46.334999084472656,45.290000915527344,46.334999084472656,46.334999084472656,126960
2007-06-29,47.849998474121094,48.654998779296875,46.20000076293945,48.654998779296875,48.654998779296875,3133110
2007-07-02,50.125,51.09000015258789,49.099998474121094,49.69499969482422,49.69499969482422,4226350
2007-07-03,51.994998931884766,52.18000030517578,49.60499954223633,51.7400016784668,51.7400016784668,3629280
2007-07-04,54.31999969482422,54.33000183105469,49.154998779296875,49.27000045776367,49.27000045776367,949570
2007-07-05,49.0,49.5,46.810001373291016,48.0,48.0,635130
2007-07-06,48.400001525878906,50.400001525878906,47.099998474121094,48.334999084472656,48.334999084472656,1028530
2007-07-09,48.79999923706055,48.79999923706055,47.17499923706055,47.474998474121094,47.474998474121094,482350
2007-07-10,47.79999923706055,48.599998474121094,46.54999923706055,46.91999816894531,46.91999816894531,338660
2007-07-11,47.20000076293945,49.27000045776367,46.599998474121094,49.27000045776367,49.27000045776367,3268370
2007-07-12,50.79999923706055,51.73500061035156,50.5,51.73500061035156,51.73500061035156,787810
2007-07-13,54.32500076293945,54.32500076293945,54.32500076293945,54.32500076293945,54.32500076293945,265240
2007-07-16,57.04499816894531,57.04499816894531,54.5,57.04499816894531,57.04499816894531,3735590
2007-07-17,59.88999938964844,59.88999938964844,56.11000061035156,57.935001373291016,57.935001373291016,2532140
2007-07-18,58.0,59.29999923706055,56.68000030517578,57.5099983215332,57.5099983215332,4292600
2007-07-19,58.400001525878906,58.400001525878906,54.6349983215332,54.6349983215332,54.6349983215332,590300
2007-07-20,53.130001068115234,55.47999954223633,51.904998779296875,54.18000030517578,54.18000030517578,2144490
2007-07-23,53.79999923706055,55.0,52.1150016784668,53.5,53.5,945280
2007-07-24,54.2400016784668,56.17499923706055,54.0,56.17499923706055,56.17499923706055,291430
2007-07-25,58.790000915527344,58.98500061035156,56.20000076293945,57.369998931884766,57.369998931884766,1956320
2007-07-26,57.70000076293945,59.70000076293945,57.21500015258789,57.459999084472656,57.459999084472656,440000
2007-07-27,55.20500183105469,57.29999923706055,54.810001373291016,55.5,55.5,352080
2007-07-30,55.5,55.900001525878906,52.724998474121094,55.02000045776367,55.02000045776367,744430
2007-07-31,55.5,56.79999923706055,52.775001525878906,53.525001525878906,53.525001525878906,2073930
2007-08-01,53.900001525878906,54.79999923706055,51.0,51.2400016784668,51.2400016784668,596540
2007-08-02,53.5,53.5,48.70000076293945,51.08000183105469,51.08000183105469,672880
2007-08-03,51.689998626708984,52.099998474121094,50.55500030517578,51.5,51.5,326670
2007-08-06,48.79999923706055,52.70000076293945,48.70000076293945,52.060001373291016,52.060001373291016,899730
2007-08-07,52.900001525878906,54.099998474121094,51.650001525878906,53.380001068115234,53.380001068115234,813840
2007-08-08,53.95000076293945,55.70000076293945,52.55500030517578,54.43000030517578,54.43000030517578,714030
2007-08-09,55.0,55.400001525878906,52.5,53.25,53.25,432370
2007-08-10,51.900001525878906,53.099998474121094,51.400001525878906,52.93000030517578,52.93000030517578,532000
2007-08-13,52.5,53.189998626708984,51.810001373291016,52.53499984741211,52.53499984741211,925540
2007-08-14,52.75,52.75,51.595001220703125,51.654998779296875,51.654998779296875,466090
2007-08-16,49.29999923706055,52.20000076293945,49.29999923706055,51.5,51.5,840800
2007-08-17,51.5,52.099998474121094,49.61000061035156,50.439998626708984,50.439998626708984,2415010
2007-08-20,51.900001525878906,52.525001525878906,50.10499954223633,50.95500183105469,50.95500183105469,790620
2007-08-21,51.900001525878906,51.900001525878906,48.40999984741211,48.40999984741211,48.40999984741211,156380
2007-08-22,49.0,49.0,45.9900016784668,48.810001373291016,48.810001373291016,202350
2007-08-23,49.5,49.900001525878906,48.05500030517578,49.560001373291016,49.560001373291016,262490
2007-08-24,48.400001525878906,51.0,48.400001525878906,50.15999984741211,50.15999984741211,95890
2007-08-27,51.900001525878906,52.66999816894531,50.779998779296875,51.10499954223633,51.10499954223633,64960
2007-08-28,50.59000015258789,52.20000076293945,50.20000076293945,51.584999084472656,51.584999084472656,123480
2007-08-29,51.20000076293945,52.599998474121094,50.5,52.4900016784668,52.4900016784668,94970
2007-08-30,53.20000076293945,53.720001220703125,52.5,52.970001220703125,52.970001220703125,387940
2007-08-31,52.29999923706055,55.619998931884766,52.29999923706055,54.224998474121094,54.224998474121094,1474910
2007-09-03,55.400001525878906,56.939998626708984,53.5099983215332,56.39500045776367,56.39500045776367,1985090
2007-09-04,58.20000076293945,59.21500015258789,55.79999923706055,56.7599983215332,56.7599983215332,1559140
2007-09-05,57.59000015258789,57.79999923706055,55.20000076293945,56.310001373291016,56.310001373291016,1010500
2007-09-06,58.400001525878906,58.5,56.0,57.27000045776367,57.27000045776367,626470
2007-09-07,58.400001525878906,58.400001525878906,55.70500183105469,56.02000045776367,56.02000045776367,113470
2007-09-10,55.5,56.20000076293945,55.0,55.18000030517578,55.18000030517578,62920
2007-09-11,56.494998931884766,56.494998931884766,54.5,54.78499984741211,54.78499984741211,76690
2007-09-12,55.5,57.0099983215332,55.099998474121094,56.81999969482422,56.81999969482422,271840
2007-09-13,57.5,57.5,55.0,55.42499923706055,55.42499923706055,176900
2007-09-14,55.0099983215332,57.5,54.5,57.029998779296875,57.029998779296875,4845500
2007-09-17,57.5,59.70000076293945,56.900001525878906,57.42499923706055,57.42499923706055,1508250
2007-09-18,57.5,59.68000030517578,56.005001068115234,57.744998931884766,57.744998931884766,912960
2007-09-19,58.5,61.20000076293945,57.70000076293945,58.279998779296875,58.279998779296875,1686870
2007-09-20,59.0,59.79999923706055,57.720001220703125,58.11000061035156,58.11000061035156,616460
2007-09-21,58.75,63.92499923706055,57.900001525878906,61.904998779296875,61.904998779296875,3964360
2007-09-24,63.125,66.80000305175781,62.5,63.79999923706055,63.79999923706055,2590750
2007-09-25,64.125,66.5999984741211,63.0,65.125,65.125,1863200
2007-09-26,65.4000015258789,66.19999694824219,64.01499938964844,65.45500183105469,65.45500183105469,777180
2007-09-27,65.5,66.19000244140625,64.55000305175781,65.56999969482422,65.56999969482422,781940
2007-09-28,65.57499694824219,66.30000305175781,65.0999984741211,65.71499633789062,65.71499633789062,299850
2007-10-01,65.9000015258789,71.0,65.6050033569336,69.20999908447266,69.20999908447266,1081550
2007-10-03,71.9000015258789,76.13500213623047,70.125,74.68499755859375,74.68499755859375,3685760
2007-10-04,74.0,74.0,68.69999694824219,71.7249984741211,71.7249984741211,2408700
2007-10-05,72.5,72.99500274658203,66.1050033569336,67.9800033569336,67.9800033569336,645230
2007-10-08,68.0,69.55000305175781,62.900001525878906,64.31999969482422,64.31999969482422,718890
2007-10-09,64.0,68.4000015258789,63.099998474121094,67.00499725341797,67.00499725341797,980950
2007-10-10,68.5,71.80000305175781,67.5,67.79499816894531,67.79499816894531,672820
2007-10-11,67.80000305175781,70.3499984741211,67.0,68.47000122070312,68.47000122070312,682000
2007-10-12,68.4000015258789,74.4000015258789,67.5,71.66500091552734,71.66500091552734,1795050
2007-10-15,73.9000015258789,78.80000305175781,72.19999694824219,76.71499633789062,76.71499633789062,1329950
2007-10-16,76.9000015258789,77.98999786376953,73.5,74.08000183105469,74.08000183105469,1088220
2007-10-17,73.0,73.79000091552734,66.80000305175781,72.98500061035156,72.98500061035156,410270
2007-10-18,76.4000015258789,76.4000015258789,65.69000244140625,67.62999725341797,67.62999725341797,399590
2007-10-19,68.0,68.0,60.869998931884766,63.119998931884766,63.119998931884766,1809520
2007-10-22,61.20000076293945,64.5,59.005001068115234,61.63999938964844,61.63999938964844,208540
2007-10-23,63.79999923706055,67.5,62.900001525878906,65.99500274658203,65.99500274658203,4646290
2007-10-24,67.0,69.48999786376953,66.5,68.29000091552734,68.29000091552734,296420
2007-10-25,69.9000015258789,72.0999984741211,67.0999984741211,69.42500305175781,69.42500305175781,4961220
2007-10-26,70.0,73.19000244140625,68.5,70.94999694824219,70.94999694824219,1306800
2007-10-29,72.48999786376953,74.69999694824219,69.0,69.86000061035156,69.86000061035156,732230
2007-10-30,71.08999633789062,71.29000091552734,65.81500244140625,68.78500366210938,68.78500366210938,1156070
2007-10-31,68.5,72.3499984741211,67.75,70.88500213623047,70.88500213623047,1142040
2007-11-01,72.5,72.5,67.0,68.56500244140625,68.56500244140625,522520
2007-11-02,69.69000244140625,70.99500274658203,67.0,69.91000366210938,69.91000366210938,425710
2007-11-05,71.48999786376953,71.69999694824219,67.0,67.86499786376953,67.86499786376953,496640
2007-11-06,69.0,71.0,66.5999984741211,67.70500183105469,67.70500183105469,506960
2007-11-07,68.5,69.38999938964844,66.51499938964844,68.67500305175781,68.67500305175781,509860
2007-11-08,67.19999694824219,70.0,67.19999694824219,69.26499938964844,69.26499938964844,210410
2007-11-12,67.5,69.69999694824219,67.5,68.45999908447266,68.45999908447266,587320
2007-11-13,69.80000305175781,70.5999984741211,67.70500183105469,68.79499816894531,68.79499816894531,410140
2007-11-14,70.0,74.5,69.01499938964844,72.5199966430664,72.5199966430664,2740640
2007-11-15,72.5999984741211,73.56999969482422,71.19999694824219,71.79499816894531,71.79499816894531,828450
2007-11-16,70.0,73.4000015258789,70.0,71.9000015258789,71.9000015258789,796340
2007-11-19,73.98999786376953,79.44000244140625,70.5,79.38999938964844,79.38999938964844,1470770
2007-11-20,79.9000015258789,79.9000015258789,73.9000015258789,74.79000091552734,74.79000091552734,753820
2007-11-21,77.5,77.5,70.0999984741211,72.78500366210938,72.78500366210938,1246820
2007-11-22,74.80000305175781,74.80000305175781,70.00499725341797,73.6050033569336,73.6050033569336,247360
2007-11-23,75.0,77.69999694824219,73.0,73.80999755859375,73.80999755859375,233120
2007-11-26,75.6500015258789,78.44499969482422,75.62999725341797,76.69999694824219,76.69999694824219,359920
2007-11-27,77.9000015258789,77.9000015258789,72.5,77.19999694824219,77.19999694824219,888750
2007-11-28,78.5,78.5,76.0,76.21499633789062,76.21499633789062,10345870
2007-11-29,79.19999694824219,79.19999694824219,75.5,76.0,76.0,759090
2007-11-30,78.0,78.0,75.0999984741211,76.91999816894531,76.91999816894531,213430
2007-12-03,78.5,84.0,77.125,80.17500305175781,80.17500305175781,705190
2007-12-04,81.9000015258789,82.5,80.0,80.55000305175781,80.55000305175781,358830
2007-12-05,82.5,85.9000015258789,65.03500366210938,78.18499755859375,78.18499755859375,554210
2007-12-06,81.0,92.9000015258789,79.0,84.53500366210938,84.53500366210938,4275810
2007-12-07,86.86000061035156,87.8499984741211,83.80000305175781,84.3499984741211,84.3499984741211,879930
2007-12-10,85.0,85.08999633789062,82.0,82.56999969482422,82.56999969482422,621120
2007-12-11,84.0,85.0,82.0,82.23500061035156,82.23500061035156,322230
2007-12-12,84.4000015258789,84.4000015258789,80.19999694824219,82.31999969482422,82.31999969482422,500840
2007-12-13,79.5,84.0,79.5,81.51000213623047,81.51000213623047,1590300
2007-12-14,81.51000213623047,82.00499725341797,78.9800033569336,79.5,79.5,413930
2007-12-17,81.0,81.0,76.0,76.86000061035156,76.86000061035156,537900
2007-12-18,79.4000015258789,79.4000015258789,75.25,76.66500091552734,76.66500091552734,251140
2007-12-19,77.80000305175781,78.5,65.81999969482422,73.9749984741211,73.9749984741211,2954290
2007-12-20,74.98999786376953,76.9000015258789,73.53500366210938,76.2699966430664,76.2699966430664,1086350
2007-12-24,77.0,80.98999786376953,77.0,78.05500030517578,78.05500030517578,1024140
2007-12-26,79.0,81.9000015258789,79.0,81.44499969482422,81.44499969482422,779030
2007-12-27,75.0,81.5,75.0,80.72000122070312,80.72000122070312,210790
2007-12-28,80.4000015258789,81.5,79.0,80.2699966430664,80.2699966430664,273290
2007-12-31,81.0,84.0,79.19999694824219,80.16000366210938,80.16000366210938,806730
2008-01-01,81.5,82.9000015258789,80.5,81.11000061035156,81.11000061035156,340550
2008-01-02,81.19999694824219,81.94000244140625,80.9000015258789,81.2249984741211,81.2249984741211,341020
2008-01-03,80.55000305175781,87.30000305175781,80.5,83.91000366210938,83.91000366210938,2659510
2008-01-04,84.0,87.19999694824219,83.2249984741211,85.4000015258789,85.4000015258789,1759050
2008-01-07,85.5,86.0,84.0,85.11000061035156,85.11000061035156,547210
2008-01-08,85.4000015258789,85.75,82.26000213623047,83.29499816894531,83.29499816894531,491260
2008-01-09,83.5999984741211,86.5,82.01000213623047,84.05500030517578,84.05500030517578,693960
2008-01-10,85.5,85.5999984741211,82.0,82.30999755859375,82.30999755859375,756850
2008-01-11,85.0,85.0,80.30500030517578,83.16000366210938,83.16000366210938,371000
2008-01-14,84.37999725341797,85.0,81.51000213623047,82.46499633789062,82.46499633789062,588900
2008-01-15,83.5,84.38999938964844,81.0,82.04000091552734,82.04000091552734,254490
2008-01-16,81.98999786376953,81.98999786376953,78.50499725341797,80.11000061035156,80.11000061035156,721530
2008-01-17,81.9000015258789,81.9000015258789,78.5,80.0,80.0,639310
2008-01-18,80.0,80.0,78.0,78.73999786376953,78.73999786376953,524380
2008-01-21,71.0,79.0,68.0,71.27999877929688,71.27999877929688,1773340
2008-01-22,69.0,69.0,57.04999923706055,64.80000305175781,64.80000305175781,1545000
2008-01-23,73.0,73.0,59.6150016784668,64.18000030517578,64.18000030517578,2193160
2008-01-24,69.0,69.9000015258789,57.0,58.415000915527344,58.415000915527344,1665210
2008-01-25,61.0,68.94999694824219,58.900001525878906,68.0,68.0,1900000
2008-01-28,66.0,74.0,60.900001525878906,70.56999969482422,70.56999969482422,331310
2008-01-29,76.0,76.0,70.9000015258789,72.44499969482422,72.44499969482422,252590
2008-01-30,72.5,76.0,69.9000015258789,74.16500091552734,74.16500091552734,728850
2008-01-31,78.0,78.0,69.0,70.40499877929688,70.40499877929688,1975290
2008-02-01,71.5,72.0,67.0,67.83999633789062,67.83999633789062,465630
2008-02-04,69.9000015258789,70.0,66.52999877929688,66.82499694824219,66.82499694824219,384270
2008-02-05,67.0,69.5,66.80500030517578,68.23500061035156,68.23500061035156,1279500
2008-02-06,65.0,67.7699966430664,65.0,65.7300033569336,65.7300033569336,482100
2008-02-07,66.5999984741211,69.19999694824219,62.70500183105469,64.125,64.125,742130
2008-02-08,65.05000305175781,68.80000305175781,60.849998474121094,64.94999694824219,64.94999694824219,1291440
2008-02-11,64.94999694824219,65.80000305175781,55.0,59.70000076293945,59.70000076293945,1014580
2008-02-12,61.349998474121094,61.849998474121094,56.79999923706055,60.349998474121094,60.349998474121094,613060
2008-02-13,61.400001525878906,62.75,58.70000076293945,59.5,59.5,238571
2008-02-14,61.0,62.0,59.75,60.25,60.25,419231
2008-02-15,60.5,60.900001525878906,56.5,59.650001525878906,59.650001525878906,1352575
2008-02-18,61.5,61.5,56.95000076293945,57.29999923706055,57.29999923706055,826232
2008-02-19,59.70000076293945,59.70000076293945,53.70000076293945,53.95000076293945,53.95000076293945,977179
2008-02-20,54.79999923706055,56.400001525878906,52.849998474121094,53.400001525878906,53.400001525878906,1132744
2008-02-21,54.75,55.0,52.5,54.0,54.0,1097980
2008-02-22,54.0,54.0,52.75,52.95000076293945,52.95000076293945,1319182
2008-02-25,54.5,54.5,50.400001525878906,50.70000076293945,50.70000076293945,1227124
2008-02-26,51.400001525878906,52.650001525878906,50.20000076293945,50.95000076293945,50.95000076293945,632843
2008-02-27,52.0,54.099998474121094,51.29999923706055,52.650001525878906,52.650001525878906,1950102
2008-02-28,52.099998474121094,52.5,51.349998474121094,51.5,51.5,1104573
2008-02-29,50.95000076293945,52.70000076293945,50.0,50.349998474121094,50.349998474121094,396173
2008-03-03,49.900001525878906,49.900001525878906,46.20000076293945,47.150001525878906,47.150001525878906,942160
2008-03-04,47.5,48.900001525878906,41.70000076293945,43.45000076293945,43.45000076293945,2548041
2008-03-05,43.400001525878906,44.0,40.099998474121094,40.349998474121094,40.349998474121094,2400551
2008-03-07,39.5,39.900001525878906,34.54999923706055,36.25,36.25,6343787
2008-03-10,35.70000076293945,43.5,34.150001525878906,40.599998474121094,40.599998474121094,5407006
2008-03-11,41.0,44.900001525878906,40.0,43.400001525878906,43.400001525878906,5527524
2008-03-12,44.900001525878906,46.25,41.0,41.70000076293945,41.70000076293945,2021338
2008-03-13,39.900001525878906,43.400001525878906,38.04999923706055,40.54999923706055,40.54999923706055,2462780
2008-03-14,41.349998474121094,41.900001525878906,40.04999923706055,40.400001525878906,40.400001525878906,777437
2008-03-17,38.0,42.900001525878906,37.0,38.650001525878906,38.650001525878906,2316926
2008-03-18,38.5,40.25,36.400001525878906,36.70000076293945,36.70000076293945,3869560
2008-03-19,38.400001525878906,38.900001525878906,34.5,34.849998474121094,34.849998474121094,4871090
2008-03-24,35.5,35.5,32.54999923706055,34.70000076293945,34.70000076293945,1006049
2008-03-25,35.0,38.349998474121094,34.349998474121094,38.04999923706055,38.04999923706055,2866810
2008-03-26,38.04999923706055,41.0,37.5,39.25,39.25,2309610
2008-03-27,34.400001525878906,40.849998474121094,34.099998474121094,39.650001525878906,39.650001525878906,1493919
2008-03-28,40.20000076293945,41.599998474121094,39.5,41.20000076293945,41.20000076293945,2418302
2008-03-31,41.20000076293945,41.900001525878906,38.0,40.04999923706055,40.04999923706055,1636193
2008-04-01,40.54999923706055,41.25,38.099998474121094,38.400001525878906,38.400001525878906,990212
2008-04-02,40.0,40.900001525878906,37.25,37.54999923706055,37.54999923706055,1113561
2008-04-03,38.5,41.900001525878906,37.599998474121094,40.04999923706055,40.04999923706055,3748963
2008-04-04,40.75,41.400001525878906,39.29999923706055,39.45000076293945,39.45000076293945,1868621
2008-04-07,39.599998474121094,40.20000076293945,39.0,39.150001525878906,39.150001525878906,1569574
2008-04-08,39.45000076293945,40.849998474121094,39.0,39.150001525878906,39.150001525878906,1222416
2008-04-09,39.20000076293945,40.29999923706055,38.54999923706055,38.95000076293945,38.95000076293945,603642
2008-04-10,39.349998474121094,43.25,39.0,42.5,42.5,5436634
2008-04-11,43.25,46.900001525878906,43.25,44.599998474121094,44.599998474121094,6324684
2008-04-15,43.900001525878906,44.849998474121094,42.0,44.04999923706055,44.04999923706055,1644541
2008-04-16,44.79999923706055,46.29999923706055,43.599998474121094,45.29999923706055,45.29999923706055,2542187
2008-04-17,47.0,47.20000076293945,44.79999923706055,45.099998474121094,45.099998474121094,1516847
2008-04-21,46.0,46.0,43.79999923706055,44.79999923706055,44.79999923706055,1714908
2008-04-22,45.0,47.29999923706055,44.599998474121094,45.0,45.0,7145897
2008-04-23,46.150001525878906,47.79999923706055,45.25,45.79999923706055,45.79999923706055,6388405
2008-04-24,46.79999923706055,46.79999923706055,45.099998474121094,45.400001525878906,45.400001525878906,2795313
2008-04-25,46.0,46.20000076293945,44.0,44.5,44.5,2141408
2008-04-28,43.5,45.25,43.20000076293945,43.400001525878906,43.400001525878906,1080638
2008-04-29,43.54999923706055,44.70000076293945,43.400001525878906,44.0,44.0,3582964
2008-04-30,44.099998474121094,45.79999923706055,44.099998474121094,45.04999923706055,45.04999923706055,5620561
2008-05-02,46.400001525878906,47.849998474121094,45.849998474121094,47.0,47.0,4570035
2008-05-05,47.150001525878906,51.20000076293945,47.150001525878906,50.54999923706055,50.54999923706055,9072278
2008-05-06,50.79999923706055,53.400001525878906,50.04999923706055,50.599998474121094,50.599998474121094,8627890
2008-05-07,50.45000076293945,55.349998474121094,49.599998474121094,54.20000076293945,54.20000076293945,9355193
2008-05-08,54.5,55.400001525878906,52.849998474121094,54.400001525878906,54.400001525878906,7182522
2008-05-09,53.5,54.349998474121094,51.849998474121094,52.400001525878906,52.400001525878906,5783329
2008-05-12,52.099998474121094,53.75,47.54999923706055,53.400001525878906,53.400001525878906,5227174
2008-05-13,54.25,56.150001525878906,53.20000076293945,53.849998474121094,53.849998474121094,5590808
2008-05-14,52.29999923706055,54.75,52.29999923706055,53.29999923706055,53.29999923706055,2351837
2008-05-15,54.0,54.45000076293945,52.400001525878906,52.650001525878906,52.650001525878906,1302855
2008-05-16,54.0,54.0,52.29999923706055,52.599998474121094,52.599998474121094,1444622
2008-05-20,52.45000076293945,52.650001525878906,51.0,51.099998474121094,51.099998474121094,1636374
2008-05-21,50.900001525878906,53.79999923706055,48.79999923706055,52.95000076293945,52.95000076293945,5557348
2008-05-22,52.599998474121094,55.400001525878906,50.79999923706055,54.54999923706055,54.54999923706055,6575560
2008-05-23,54.95000076293945,55.400001525878906,51.29999923706055,51.650001525878906,51.650001525878906,2632760
2008-05-26,51.0,51.900001525878906,48.5,49.849998474121094,49.849998474121094,3202752
2008-05-27,50.25,51.599998474121094,48.29999923706055,48.599998474121094,48.599998474121094,3423416
2008-05-28,49.0,50.25,48.54999923706055,49.79999923706055,49.79999923706055,1641953
2008-05-29,50.400001525878906,50.900001525878906,48.099998474121094,48.70000076293945,48.70000076293945,1481693
2008-05-30,49.400001525878906,49.79999923706055,47.5,47.75,47.75,956830
2008-06-02,48.20000076293945,49.900001525878906,46.29999923706055,47.04999923706055,47.04999923706055,1430159
2008-06-03,46.5,46.5,43.79999923706055,46.04999923706055,46.04999923706055,2208573
2008-06-04,46.0,48.25,42.79999923706055,43.400001525878906,43.400001525878906,4001135
2008-06-05,44.0,44.599998474121094,42.29999923706055,43.20000076293945,43.20000076293945,2110496
2008-06-06,43.95000076293945,44.79999923706055,42.79999923706055,43.150001525878906,43.150001525878906,1092512
2008-06-09,42.0,42.70000076293945,39.79999923706055,42.099998474121094,42.099998474121094,1412122
2008-06-10,42.099998474121094,43.5,39.54999923706055,40.099998474121094,40.099998474121094,2062689
2008-06-11,40.900001525878906,41.70000076293945,39.900001525878906,40.349998474121094,40.349998474121094,2979167
2008-06-12,38.900001525878906,40.650001525878906,38.54999923706055,40.150001525878906,40.150001525878906,2233367
2008-06-13,40.25,41.29999923706055,39.099998474121094,39.95000076293945,39.95000076293945,2890853
2008-06-16,40.70000076293945,41.29999923706055,38.650001525878906,39.20000076293945,39.20000076293945,2571101
2008-06-17,39.5,41.95000076293945,38.400001525878906,41.25,41.25,2798909
2008-06-18,42.45000076293945,43.70000076293945,41.900001525878906,43.29999923706055,43.29999923706055,3498988
2008-06-19,42.75,42.75,40.79999923706055,41.400001525878906,41.400001525878906,3137465
2008-06-20,41.650001525878906,43.400001525878906,40.79999923706055,41.25,41.25,3099377
2008-06-23,41.25,41.79999923706055,38.54999923706055,38.900001525878906,38.900001525878906,1100692
2008-06-24,39.349998474121094,40.20000076293945,37.54999923706055,37.900001525878906,37.900001525878906,938582
2008-06-25,37.5,38.70000076293945,36.599998474121094,38.20000076293945,38.20000076293945,938568
2008-06-26,38.79999923706055,41.150001525878906,37.5,38.5,38.5,3089942
2008-06-27,38.5,38.5,35.75,36.5,36.5,2428887
2008-06-30,36.79999923706055,37.25,34.0,34.45000076293945,34.45000076293945,1495049
2008-07-01,35.75,36.45000076293945,30.75,32.5,32.5,2819580
2008-07-02,33.0,33.0,29.100000381469727,31.649999618530273,31.649999618530273,4102675
2008-07-03,31.649999618530273,31.649999618530273,30.0,30.350000381469727,30.350000381469727,1427704
2008-07-04,30.399999618530273,32.5,30.149999618530273,31.950000762939453,31.950000762939453,1698550
2008-07-07,32.5,34.400001525878906,32.04999923706055,33.79999923706055,33.79999923706055,1582747
2008-07-08,33.0,34.20000076293945,31.899999618530273,32.599998474121094,32.599998474121094,2504007
2008-07-09,33.150001525878906,34.900001525878906,33.150001525878906,33.599998474121094,33.599998474121094,2069694
2008-07-10,33.79999923706055,34.75,33.099998474121094,34.20000076293945,34.20000076293945,1903362
2008-07-11,34.349998474121094,35.5,32.099998474121094,32.45000076293945,32.45000076293945,2753329
2008-07-14,32.5,32.70000076293945,31.649999618530273,31.850000381469727,31.850000381469727,1001092
2008-07-15,31.850000381469727,31.850000381469727,30.100000381469727,30.649999618530273,30.649999618530273,724010
2008-07-16,30.850000381469727,31.399999618530273,30.0,30.25,30.25,804437
2008-07-17,31.0,31.5,29.700000762939453,30.100000381469727,30.100000381469727,1813577
2008-07-18,30.950000762939453,30.950000762939453,29.899999618530273,30.100000381469727,30.100000381469727,1069366
2008-07-21,30.700000762939453,31.799999237060547,29.799999237060547,31.25,31.25,1064448
2008-07-22,31.5,33.900001525878906,31.25,33.54999923706055,33.54999923706055,2050951
2008-07-23,35.25,39.900001525878906,35.0,37.75,37.75,7242839
2008-07-24,39.900001525878906,39.900001525878906,36.20000076293945,36.900001525878906,36.900001525878906,4697910
2008-07-25,35.79999923706055,38.0,35.150001525878906,37.599998474121094,37.599998474121094,2348263
2008-07-28,37.0,39.849998474121094,36.5,39.5,39.5,3216354
2008-07-29,39.20000076293945,40.900001525878906,37.75,38.25,38.25,5731419
2008-07-30,39.349998474121094,40.45000076293945,38.5,38.849998474121094,38.849998474121094,2924531
2008-07-31,39.45000076293945,39.95000076293945,38.599998474121094,39.54999923706055,39.54999923706055,1861574
2008-08-01,38.099998474121094,39.599998474121094,38.0,39.04999923706055,39.04999923706055,1303404
2008-08-04,39.04999923706055,43.20000076293945,38.650001525878906,40.900001525878906,40.900001525878906,4423234
2008-08-05,41.650001525878906,41.75,39.70000076293945,39.95000076293945,39.95000076293945,2504237
2008-08-06,40.849998474121094,41.0,39.04999923706055,39.349998474121094,39.349998474121094,1694842
2008-08-07,39.29999923706055,40.29999923706055,38.599998474121094,39.150001525878906,39.150001525878906,1065276
2008-08-08,39.650001525878906,39.650001525878906,38.79999923706055,39.0,39.0,688093
2008-08-11,39.599998474121094,42.349998474121094,39.599998474121094,41.900001525878906,41.900001525878906,3991984
2008-08-12,42.45000076293945,43.150001525878906,40.599998474121094,40.95000076293945,40.95000076293945,2118131
2008-08-13,41.099998474121094,43.900001525878906,41.0,42.099998474121094,42.099998474121094,7444043
2008-08-14,42.29999923706055,42.349998474121094,40.45000076293945,40.849998474121094,40.849998474121094,2682626
2008-08-18,41.70000076293945,42.5,40.29999923706055,41.25,41.25,2454413
2008-08-19,41.150001525878906,42.599998474121094,40.5,42.150001525878906,42.150001525878906,1872628
2008-08-20,42.54999923706055,44.099998474121094,41.79999923706055,42.150001525878906,42.150001525878906,4818097
2008-08-21,41.900001525878906,42.400001525878906,39.650001525878906,40.0,40.0,3581689
2008-08-22,39.95000076293945,41.150001525878906,39.04999923706055,40.45000076293945,40.45000076293945,2133322
2008-08-25,41.0,41.5,39.849998474121094,40.150001525878906,40.150001525878906,1334100
2008-08-26,39.5,40.099998474121094,38.5,39.75,39.75,1615153
2008-08-27,39.849998474121094,40.650001525878906,38.599998474121094,38.70000076293945,38.70000076293945,1444055
2008-08-28,39.0,39.349998474121094,37.79999923706055,38.099998474121094,38.099998474121094,1045656
2008-08-29,38.900001525878906,40.25,38.70000076293945,39.650001525878906,39.650001525878906,1550384
2008-09-01,39.5,39.5,38.349998474121094,39.099998474121094,39.099998474121094,943491
2008-09-02,39.400001525878906,40.45000076293945,39.20000076293945,39.95000076293945,39.95000076293945,1994327
2008-09-04,39.29999923706055,41.0,39.0,39.900001525878906,39.900001525878906,1925706
2008-09-05,39.20000076293945,40.20000076293945,38.650001525878906,39.29999923706055,39.29999923706055,1010726
2008-09-08,40.70000076293945,41.5,40.0,40.45000076293945,40.45000076293945,3033227
2008-09-09,40.25,40.599998474121094,39.650001525878906,40.04999923706055,40.04999923706055,1014865
2008-09-10,39.79999923706055,40.599998474121094,39.0,39.20000076293945,39.20000076293945,1053202
2008-09-11,39.0,39.099998474121094,38.25,38.349998474121094,38.349998474121094,659668
2008-09-12,39.0,39.25,37.04999923706055,37.599998474121094,37.599998474121094,802880
2008-09-15,36.849998474121094,36.849998474121094,33.20000076293945,34.599998474121094,34.599998474121094,1428468
2008-09-16,31.0,34.5,30.0,33.95000076293945,33.95000076293945,1048280
2008-09-17,34.79999923706055,34.79999923706055,32.849998474121094,32.95000076293945,32.95000076293945,1864712
2008-09-18,30.0,32.45000076293945,30.0,32.04999923706055,32.04999923706055,1465962
2008-09-19,33.75,34.29999923706055,31.75,31.950000762939453,31.950000762939453,2412508
2008-09-22,33.04999923706055,33.04999923706055,30.799999237060547,31.100000381469727,31.100000381469727,3184848
2008-09-23,30.700000762939453,31.799999237060547,29.0,30.200000762939453,30.200000762939453,2927252
2008-09-24,30.950000762939453,31.100000381469727,30.0,30.149999618530273,30.149999618530273,3265768
2008-09-25,30.5,30.700000762939453,29.0,29.299999237060547,29.299999237060547,3711673
2008-09-26,29.5,29.5,27.0,27.950000762939453,27.950000762939453,3197749
2008-09-29,28.200000762939453,28.5,26.0,26.299999237060547,26.299999237060547,2935905
2008-09-30,25.100000381469727,27.200000762939453,24.149999618530273,26.5,26.5,4626530
2008-10-01,27.799999237060547,27.850000381469727,25.5,25.649999618530273,25.649999618530273,2446283
2008-10-03,25.950000762939453,26.299999237060547,23.0,23.350000381469727,23.350000381469727,3237017
2008-10-06,23.0,23.0,19.5,19.799999237060547,19.799999237060547,7487935
2008-10-07,18.25,20.950000762939453,16.649999618530273,16.850000381469727,16.850000381469727,12478716
2008-10-08,16.0,17.5,15.0,16.450000762939453,16.450000762939453,18568366
2008-10-10,15.0,16.350000381469727,14.050000190734863,15.449999809265137,15.449999809265137,5878065
2008-10-13,15.850000381469727,17.450000762939453,15.850000381469727,16.75,16.75,6694214
2008-10-14,17.5,18.5,16.0,16.200000762939453,16.200000762939453,11949949
2008-10-15,16.0,16.0,15.050000190734863,15.300000190734863,15.300000190734863,2990982
2008-10-16,14.5,15.600000381469727,13.350000381469727,15.0,15.0,7119451
2008-10-17,15.300000190734863,15.699999809265137,14.149999618530273,14.399999618530273,14.399999618530273,6087923
2008-10-20,14.5,15.0,13.5,13.699999809265137,13.699999809265137,3768415
2008-10-21,14.149999618530273,14.75,13.649999618530273,13.75,13.75,12788122
2008-10-22,14.0,15.100000381469727,13.850000381469727,14.149999618530273,14.149999618530273,10607960
2008-10-23,11.600000381469727,14.449999809265137,11.600000381469727,14.100000381469727,14.100000381469727,6243649
2008-10-24,14.0,14.300000190734863,11.199999809265137,11.600000381469727,11.600000381469727,5534713
2008-10-27,11.0,12.149999618530273,10.399999618530273,10.899999618530273,10.899999618530273,5408936
2008-10-29,13.75,14.449999809265137,10.850000381469727,11.0,11.0,10064800
2008-10-31,11.649999618530273,12.0,10.899999618530273,10.949999809265137,10.949999809265137,7808051
2008-11-03,11.5,12.699999809265137,11.300000190734863,12.050000190734863,12.050000190734863,19600609
2008-11-04,11.949999809265137,15.199999809265137,11.550000190734863,14.949999809265137,14.949999809265137,50229540
2008-11-05,15.800000190734863,19.25,14.850000381469727,15.75,15.75,63890102
2008-11-06,15.0,17.649999618530273,14.649999618530273,17.200000762939453,17.200000762939453,63313066
2008-11-07,17.700000762939453,18.700000762939453,16.350000381469727,18.149999618530273,18.149999618530273,38847762
2008-11-10,19.0,21.0,18.350000381469727,20.649999618530273,20.649999618530273,50113579
2008-11-11,20.5,21.5,17.600000381469727,17.899999618530273,17.899999618530273,47293011
2008-11-12,17.600000381469727,19.149999618530273,16.899999618530273,18.049999237060547,18.049999237060547,33412022
2008-11-14,18.799999237060547,19.399999618530273,15.100000381469727,15.850000381469727,15.850000381469727,56079050
2008-11-17,16.450000762939453,16.649999618530273,13.550000190734863,14.949999809265137,14.949999809265137,43339857
2008-11-18,14.449999809265137,15.600000381469727,14.100000381469727,14.600000381469727,14.600000381469727,30973569
2008-11-19,15.0,15.300000190734863,12.949999809265137,13.199999809265137,13.199999809265137,24972719
2008-11-20,12.699999809265137,13.5,12.149999618530273,12.949999809265137,12.949999809265137,28538791
2008-11-21,13.25,15.0,13.050000190734863,14.699999809265137,14.699999809265137,29388647
2008-11-24,15.0,15.5,14.399999618530273,15.100000381469727,15.100000381469727,27587632
2008-11-25,15.699999809265137,17.100000381469727,15.5,16.299999237060547,16.299999237060547,49458424
2008-11-26,16.899999618530273,17.100000381469727,16.100000381469727,16.75,16.75,25330360
2008-11-27,16.75,16.75,16.75,16.75,16.75,0
2008-11-28,16.049999237060547,17.200000762939453,15.050000190734863,16.600000381469727,16.600000381469727,29827320
2008-12-01,17.0,17.950000762939453,15.949999809265137,16.149999618530273,16.149999618530273,23247850
2008-12-02,16.0,17.5,15.0,17.25,17.25,28138980
2008-12-03,17.75,17.899999618530273,17.049999237060547,17.5,17.5,30137641
2008-12-04,17.75,19.149999618530273,17.350000381469727,18.850000381469727,18.850000381469727,37468839
2008-12-05,18.950000762939453,19.75,18.200000762939453,18.399999618530273,18.399999618530273,26127016
2008-12-08,19.0,20.0,18.200000762939453,18.450000762939453,18.450000762939453,24324716
2008-12-10,18.899999618530273,20.0,18.549999237060547,19.799999237060547,19.799999237060547,29300188
2008-12-11,19.950000762939453,21.399999618530273,19.200000762939453,20.350000381469727,20.350000381469727,47474028
2008-12-12,19.799999237060547,20.799999237060547,19.0,20.450000762939453,20.450000762939453,27467987
2008-12-15,21.0,22.799999237060547,20.649999618530273,22.5,22.5,32837125
2008-12-16,22.100000381469727,23.299999237060547,21.850000381469727,22.149999618530273,22.149999618530273,22319964
2008-12-17,23.0,23.0,18.799999237060547,19.0,19.0,24283848
2008-12-18,19.0,21.75,19.0,21.399999618530273,21.399999618530273,33753646
2008-12-19,21.5,23.600000381469727,21.25,23.049999237060547,23.049999237060547,43569460
2008-12-22,23.600000381469727,24.149999618530273,22.549999237060547,22.850000381469727,22.850000381469727,21087403
2008-12-23,23.0,23.149999618530273,21.600000381469727,21.850000381469727,21.850000381469727,17606871
2008-12-24,21.399999618530273,21.700000762939453,20.25,21.100000381469727,21.100000381469727,20523483
2008-12-26,21.0,21.899999618530273,19.649999618530273,19.850000381469727,19.850000381469727,18473472
2008-12-29,19.5,21.600000381469727,19.350000381469727,21.25,21.25,17767166
2008-12-30,21.399999618530273,21.899999618530273,20.700000762939453,21.25,21.25,18040894
2008-12-31,21.5,23.100000381469727,21.450000762939453,22.25,22.25,36098928
2009-01-02,23.950000762939453,25.799999237060547,23.700000762939453,24.450000762939453,24.450000762939453,49318082
2009-01-05,25.0,25.200000762939453,23.350000381469727,24.0,24.0,21802824
2009-01-06,23.899999618530273,24.25,22.5,23.25,23.25,18993991
2009-01-07,23.399999618530273,23.799999237060547,17.100000381469727,18.700000762939453,18.700000762939453,33927640
2009-01-09,18.450000762939453,20.25,16.5,19.649999618530273,19.649999618530273,24165607
2009-01-12,19.799999237060547,19.799999237060547,18.0,18.299999237060547,18.299999237060547,22523537
2009-01-13,17.850000381469727,19.299999237060547,17.850000381469727,18.299999237060547,18.299999237060547,17914529
2009-01-14,18.5,19.200000762939453,17.399999618530273,18.700000762939453,18.700000762939453,23931073
2009-01-15,18.0,19.5,17.549999237060547,19.149999618530273,19.149999618530273,15005449
2009-01-16,19.149999618530273,19.899999618530273,19.149999618530273,19.5,19.5,12841402
2009-01-19,19.600000381469727,20.75,19.299999237060547,20.200000762939453,20.200000762939453,15001068
2009-01-20,19.600000381469727,21.399999618530273,19.299999237060547,20.75,20.75,18547328
2009-01-21,20.100000381469727,21.100000381469727,19.700000762939453,19.899999618530273,19.899999618530273,17672601
2009-01-22,20.5,20.5,19.399999618530273,19.799999237060547,19.799999237060547,13052489
2009-01-23,19.649999618530273,19.899999618530273,18.799999237060547,18.899999618530273,18.899999618530273,8364021
2009-01-27,19.100000381469727,19.549999237060547,17.600000381469727,17.799999237060547,17.799999237060547,19833248
2009-01-28,18.700000762939453,18.700000762939453,17.299999237060547,17.950000762939453,17.950000762939453,13820551
2009-01-29,18.100000381469727,18.600000381469727,17.799999237060547,18.25,18.25,12972360
2009-01-30,18.0,19.149999618530273,17.600000381469727,18.75,18.75,24564080
2009-02-02,19.0,21.0,18.5,19.100000381469727,19.100000381469727,22032622
2009-02-03,19.200000762939453,19.799999237060547,18.5,18.799999237060547,18.799999237060547,13848679
2009-02-04,19.0,19.549999237060547,18.850000381469727,19.0,19.0,11053067
2009-02-05,19.100000381469727,19.399999618530273,18.600000381469727,18.799999237060547,18.799999237060547,7890973
2009-02-06,19.200000762939453,19.399999618530273,18.799999237060547,18.950000762939453,18.950000762939453,9148518
2009-02-09,19.0,21.25,19.0,21.049999237060547,21.049999237060547,28518024
2009-02-10,21.149999618530273,21.700000762939453,19.549999237060547,20.100000381469727,20.100000381469727,34381478
2009-02-11,19.75,21.600000381469727,19.399999618530273,21.299999237060547,21.299999237060547,30217518
2009-02-12,21.299999237060547,22.25,21.049999237060547,21.25,21.25,25735116
2009-02-13,21.549999237060547,22.299999237060547,21.549999237060547,22.049999237060547,22.049999237060547,16543749
2009-02-16,22.049999237060547,22.25,20.399999618530273,20.649999618530273,20.649999618530273,18105888
2009-02-17,20.450000762939453,20.5,19.549999237060547,19.700000762939453,19.700000762939453,9935948
2009-02-18,18.899999618530273,20.0,18.899999618530273,19.600000381469727,19.600000381469727,13396105
2009-02-19,19.700000762939453,20.350000381469727,19.399999618530273,19.899999618530273,19.899999618530273,11894936
2009-02-20,19.5,19.700000762939453,18.850000381469727,19.149999618530273,19.149999618530273,11045958
2009-02-24,18.549999237060547,19.200000762939453,18.350000381469727,19.049999237060547,19.049999237060547,9993607
2009-02-25,19.299999237060547,19.799999237060547,19.100000381469727,19.200000762939453,19.200000762939453,6552865
2009-02-26,18.899999618530273,19.450000762939453,18.75,19.149999618530273,19.149999618530273,12449170
2009-02-27,19.049999237060547,20.649999618530273,18.799999237060547,20.049999237060547,20.049999237060547,24162773
2009-03-02,19.600000381469727,20.100000381469727,18.899999618530273,19.100000381469727,19.100000381469727,8153071
2009-03-03,19.200000762939453,19.5,18.649999618530273,18.75,18.75,10544885
2009-03-04,19.0,19.25,18.799999237060547,19.049999237060547,19.049999237060547,7349204
2009-03-05,19.200000762939453,19.5,18.049999237060547,18.25,18.25,8215515
2009-03-06,18.0,18.450000762939453,17.549999237060547,18.350000381469727,18.350000381469727,7599270
2009-03-09,18.0,18.299999237060547,17.600000381469727,17.799999237060547,17.799999237060547,5469906
2009-03-12,18.899999618530273,18.899999618530273,18.0,18.100000381469727,18.100000381469727,4261802
2009-03-13,18.399999618530273,19.25,18.0,19.100000381469727,19.100000381469727,9259290
2009-03-16,19.299999237060547,20.0,19.0,19.850000381469727,19.850000381469727,9723353
2009-03-17,19.899999618530273,20.5,19.100000381469727,19.799999237060547,19.799999237060547,10080374
2009-03-18,20.0,20.5,19.75,20.049999237060547,20.049999237060547,11927262
2009-03-19,20.0,20.450000762939453,19.600000381469727,20.100000381469727,20.100000381469727,7672963
2009-03-20,20.0,21.649999618530273,19.5,21.399999618530273,21.399999618530273,16038929
2009-03-23,21.75,22.0,21.299999237060547,21.700000762939453,21.700000762939453,22012125
2009-03-24,22.0,22.149999618530273,20.450000762939453,20.799999237060547,20.799999237060547,15567721
2009-03-25,20.799999237060547,22.450000762939453,20.200000762939453,21.450000762939453,21.450000762939453,21835070
2009-03-26,22.299999237060547,22.899999618530273,21.700000762939453,22.700000762939453,22.700000762939453,39383416
2009-03-27,23.399999618530273,23.75,21.899999618530273,22.5,22.5,41319528
2009-03-30,22.0,22.0,21.200000762939453,21.649999618530273,21.649999618530273,13124475
2009-03-31,21.899999618530273,24.399999618530273,21.799999237060547,23.399999618530273,23.399999618530273,39676820
2009-04-01,23.049999237060547,24.299999237060547,22.700000762939453,24.049999237060547,24.049999237060547,19667450
2009-04-02,24.549999237060547,25.5,24.450000762939453,25.149999618530273,25.149999618530273,22202334
2009-04-06,25.5,26.700000762939453,25.299999237060547,26.350000381469727,26.350000381469727,20131850
2009-04-08,25.25,26.700000762939453,25.0,26.399999618530273,26.399999618530273,19792192
2009-04-09,26.700000762939453,27.799999237060547,26.100000381469727,26.75,26.75,25756799
2009-04-13,26.75,27.25,25.600000381469727,26.25,26.25,14479239
2009-04-15,26.0,28.200000762939453,24.049999237060547,27.899999618530273,27.899999618530273,23689965
2009-04-16,29.049999237060547,29.149999618530273,24.600000381469727,24.950000762939453,24.950000762939453,26379847
2009-04-17,26.0,26.350000381469727,24.100000381469727,24.799999237060547,24.799999237060547,21157328
2009-04-20,25.0,27.899999618530273,24.5,27.200000762939453,27.200000762939453,37321669
2009-04-21,26.799999237060547,27.5,25.950000762939453,26.5,26.5,22647524
2009-04-22,26.899999618530273,27.649999618530273,24.899999618530273,27.049999237060547,27.049999237060547,29146497
2009-04-23,27.100000381469727,28.0,26.299999237060547,27.649999618530273,27.649999618530273,32462355
2009-04-24,27.649999618530273,29.850000381469727,27.0,29.5,29.5,43917860
2009-04-27,29.5,30.200000762939453,27.899999618530273,28.299999237060547,28.299999237060547,34835661
2009-04-28,28.0,28.649999618530273,26.450000762939453,26.799999237060547,26.799999237060547,19470117
2009-04-29,27.299999237060547,28.350000381469727,26.25,28.0,28.0,23066840
2009-04-30,28.25,28.25,28.25,28.25,28.25,0
2009-05-04,29.049999237060547,29.450000762939453,28.25,28.450000762939453,28.450000762939453,14919319
2009-05-05,28.899999618530273,29.5,28.100000381469727,28.950000762939453,28.950000762939453,14597752
2009-05-06,29.0,29.299999237060547,26.5,27.350000381469727,27.350000381469727,13473328
2009-05-07,27.5,28.600000381469727,27.5,28.399999618530273,28.399999618530273,12667010
2009-05-08,28.399999618530273,28.950000762939453,26.649999618530273,27.5,27.5,10065208
2009-05-11,27.899999618530273,28.200000762939453,26.75,27.100000381469727,27.100000381469727,8656649
2009-05-12,27.0,28.350000381469727,26.600000381469727,28.100000381469727,28.100000381469727,10625105
2009-05-13,28.149999618530273,28.5,27.25,27.399999618530273,27.399999618530273,9147500
2009-05-14,26.600000381469727,27.649999618530273,26.5,27.450000762939453,27.450000762939453,7469503
2009-05-15,27.899999618530273,28.399999618530273,27.450000762939453,28.100000381469727,28.100000381469727,10376671
2009-05-18,33.0,36.54999923706055,31.799999237060547,35.75,35.75,453165
2009-05-19,36.70000076293945,42.900001525878906,32.0,38.5,38.5,49634047
2009-05-20,39.0,41.5,38.0,40.79999923706055,40.79999923706055,21016449
2009-05-21,41.0,42.0,38.099998474121094,38.5,38.5,18903598
2009-05-22,38.900001525878906,41.20000076293945,37.75,40.54999923706055,40.54999923706055,15807240
2009-05-25,41.0,41.0,38.54999923706055,40.5,40.5,14289171
2009-05-26,41.0,43.20000076293945,37.75,38.70000076293945,38.70000076293945,35193557
2009-05-27,40.400001525878906,41.95000076293945,40.150001525878906,41.650001525878906,41.650001525878906,17079135
2009-05-28,41.95000076293945,43.70000076293945,41.75,43.150001525878906,43.150001525878906,26444195
2009-05-29,45.900001525878906,47.150001525878906,43.5,45.79999923706055,45.79999923706055,34841000
2009-06-01,46.95000076293945,46.95000076293945,45.0,45.79999923706055,45.79999923706055,18659053
2009-06-02,46.0,46.45000076293945,43.0,44.900001525878906,44.900001525878906,16959104
2009-06-03,45.45000076293945,48.79999923706055,44.599998474121094,47.54999923706055,47.54999923706055,25481354
2009-06-04,48.900001525878906,50.400001525878906,47.099998474121094,48.70000076293945,48.70000076293945,57091744
2009-06-05,49.75,49.75,45.75,46.5,46.5,25654124
2009-06-08,47.349998474121094,47.75,41.099998474121094,43.099998474121094,43.099998474121094,20887053
2009-06-09,42.70000076293945,44.650001525878906,39.75,44.20000076293945,44.20000076293945,29894549
2009-06-10,45.25,46.79999923706055,44.25,45.400001525878906,45.400001525878906,28969409
2009-06-11,45.400001525878906,45.400001525878906,43.0,44.79999923706055,44.79999923706055,17554987
2009-06-12,45.0,46.0,41.5,42.150001525878906,42.150001525878906,23001828
2009-06-15,41.95000076293945,41.95000076293945,38.099998474121094,38.900001525878906,38.900001525878906,26621053
2009-06-16,38.400001525878906,40.29999923706055,37.0,39.95000076293945,39.95000076293945,32132744
2009-06-17,40.54999923706055,41.650001525878906,37.849998474121094,38.25,38.25,26343968
2009-06-18,38.45000076293945,40.349998474121094,37.099998474121094,39.54999923706055,39.54999923706055,28120074
2009-06-19,40.79999923706055,41.25,38.099998474121094,40.349998474121094,40.349998474121094,20673243
2009-06-22,40.900001525878906,41.29999923706055,39.099998474121094,39.45000076293945,39.45000076293945,12377560
2009-06-23,38.150001525878906,40.29999923706055,37.599998474121094,39.900001525878906,39.900001525878906,15615559
2009-06-24,40.349998474121094,42.400001525878906,39.400001525878906,42.0,42.0,19361154
2009-06-25,42.25,43.25,40.5,41.0,41.0,28299517
2009-06-26,42.349998474121094,42.349998474121094,40.70000076293945,41.79999923706055,41.79999923706055,14688234
2009-06-29,42.04999923706055,44.0,41.5,43.349998474121094,43.349998474121094,22190826
2009-06-30,44.29999923706055,44.29999923706055,40.0,40.5,40.5,25464991
2009-07-01,40.79999923706055,41.29999923706055,39.04999923706055,40.95000076293945,40.95000076293945,16598418
2009-07-02,41.5,42.75,40.400001525878906,41.75,41.75,19254475
2009-07-03,42.150001525878906,43.849998474121094,41.0,43.400001525878906,43.400001525878906,26685757
2009-07-06,43.79999923706055,46.0,39.599998474121094,40.599998474121094,40.599998474121094,48535022
2009-07-07,42.0,42.0,39.79999923706055,41.45000076293945,41.45000076293945,16829218
2009-07-08,41.599998474121094,41.599998474121094,39.04999923706055,39.400001525878906,39.400001525878906,20302071
2009-07-09,39.95000076293945,40.0,38.04999923706055,38.70000076293945,38.70000076293945,15623465
2009-07-10,38.650001525878906,38.900001525878906,37.04999923706055,37.5,37.5,17001283
2009-07-13,35.849998474121094,37.25,34.5,36.54999923706055,36.54999923706055,16142256
2009-07-14,37.0,39.900001525878906,37.0,39.54999923706055,39.54999923706055,14221121
2009-07-15,40.0,41.70000076293945,39.70000076293945,41.400001525878906,41.400001525878906,13429691
2009-07-16,42.29999923706055,42.70000076293945,40.29999923706055,40.95000076293945,40.95000076293945,14613620
2009-07-17,41.349998474121094,42.5,40.900001525878906,42.29999923706055,42.29999923706055,13710280
2009-07-20,43.0,44.0,42.5,43.79999923706055,43.79999923706055,14943428
2009-07-21,43.04999923706055,43.900001525878906,42.400001525878906,42.95000076293945,42.95000076293945,8643956
2009-07-22,43.0,44.5,41.5,42.099998474121094,42.099998474121094,13621856
2009-07-23,42.5,43.25,42.099998474121094,42.70000076293945,42.70000076293945,7537519
2009-07-24,43.0,43.70000076293945,42.0,42.20000076293945,42.20000076293945,9516512
2009-07-27,42.599998474121094,44.900001525878906,42.099998474121094,44.45000076293945,44.45000076293945,14695715
2009-07-28,44.79999923706055,45.75,44.099998474121094,44.54999923706055,44.54999923706055,20507408
2009-07-29,44.04999923706055,44.849998474121094,41.79999923706055,44.04999923706055,44.04999923706055,16697599
2009-07-30,43.54999923706055,44.29999923706055,42.599998474121094,43.95000076293945,43.95000076293945,8873702
2009-07-31,44.20000076293945,45.0,42.79999923706055,43.400001525878906,43.400001525878906,9818864
2009-08-03,44.0,45.0,43.29999923706055,44.099998474121094,44.099998474121094,8329327
2009-08-04,44.5,45.0,43.650001525878906,44.20000076293945,44.20000076293945,9089143
2009-08-05,44.20000076293945,44.5,43.099998474121094,43.75,43.75,7160130
2009-08-06,44.0,45.5,43.25,43.650001525878906,43.650001525878906,18265509
2009-08-07,42.79999923706055,44.599998474121094,42.25,43.849998474121094,43.849998474121094,12831273
2009-08-10,44.25,44.70000076293945,43.0,43.650001525878906,43.650001525878906,13598015
2009-08-11,43.650001525878906,47.20000076293945,43.04999923706055,46.650001525878906,46.650001525878906,24859933
2009-08-12,46.400001525878906,47.54999923706055,45.150001525878906,46.29999923706055,46.29999923706055,36857743
2009-08-13,46.79999923706055,48.150001525878906,46.75,47.400001525878906,47.400001525878906,18081724
2009-08-14,47.5,48.849998474121094,46.29999923706055,47.54999923706055,47.54999923706055,20706081
2009-08-17,45.5,47.349998474121094,44.75,45.20000076293945,45.20000076293945,14739814
2009-08-18,45.0,46.54999923706055,45.0,46.25,46.25,10487405
2009-08-19,46.5,47.54999923706055,45.20000076293945,45.5,45.5,16242976
2009-08-20,46.0,46.400001525878906,45.25,45.54999923706055,45.54999923706055,13333373
2009-08-21,47.0,48.20000076293945,45.29999923706055,47.45000076293945,47.45000076293945,16922126
2009-08-24,48.099998474121094,49.70000076293945,47.70000076293945,49.04999923706055,49.04999923706055,17082019
2009-08-25,48.70000076293945,49.20000076293945,48.099998474121094,48.79999923706055,48.79999923706055,10391052
2009-08-26,49.0,50.0,48.5,48.95000076293945,48.95000076293945,10407180
2009-08-27,49.0,49.0,47.599998474121094,48.20000076293945,48.20000076293945,7901935
2009-08-28,48.099998474121094,48.70000076293945,47.099998474121094,47.900001525878906,47.900001525878906,8048152
2009-08-31,47.5,48.5,46.900001525878906,48.20000076293945,48.20000076293945,9329976
2009-09-01,48.04999923706055,49.0,47.349998474121094,47.95000076293945,47.95000076293945,7444217
2009-09-02,47.25,48.400001525878906,47.0,47.349998474121094,47.349998474121094,6021281
2009-09-03,47.599998474121094,47.900001525878906,45.04999923706055,45.45000076293945,45.45000076293945,5477236
2009-09-04,45.95000076293945,46.099998474121094,44.5,45.79999923706055,45.79999923706055,5434179
2009-09-07,46.79999923706055,46.79999923706055,45.900001525878906,46.25,46.25,3465142
2009-09-08,46.599998474121094,46.70000076293945,44.29999923706055,44.599998474121094,44.599998474121094,10962425
2009-09-09,44.75,49.29999923706055,44.75,48.45000076293945,48.45000076293945,34156460
2009-09-10,49.29999923706055,49.95000076293945,47.900001525878906,48.29999923706055,48.29999923706055,21628703
2009-09-11,49.04999923706055,51.099998474121094,47.650001525878906,49.95000076293945,49.95000076293945,25970697
2009-09-14,49.54999923706055,49.75,48.04999923706055,48.5,48.5,13427490
2009-09-15,49.0,49.150001525878906,47.54999923706055,47.95000076293945,47.95000076293945,9503244
2009-09-16,48.599998474121094,49.20000076293945,48.0,48.54999923706055,48.54999923706055,13445371
2009-09-17,49.04999923706055,49.29999923706055,47.400001525878906,47.70000076293945,47.70000076293945,7738410
2009-09-18,47.70000076293945,47.95000076293945,45.79999923706055,46.20000076293945,46.20000076293945,13100032
2009-09-22,46.70000076293945,47.099998474121094,45.900001525878906,46.599998474121094,46.599998474121094,6987319
2009-09-23,46.79999923706055,47.04999923706055,45.29999923706055,45.54999923706055,45.54999923706055,7766165
2009-09-24,44.95000076293945,46.04999923706055,44.79999923706055,45.45000076293945,45.45000076293945,10873750
2009-09-25,44.95000076293945,46.20000076293945,44.95000076293945,45.70000076293945,45.70000076293945,7101206
2009-09-29,46.79999923706055,47.400001525878906,45.599998474121094,47.0,47.0,6943191
2009-09-30,47.04999923706055,47.400001525878906,46.099998474121094,46.45000076293945,46.45000076293945,4611331
2009-10-01,46.5,46.5,45.0,45.29999923706055,45.29999923706055,5801760
2009-10-05,44.70000076293945,45.95000076293945,44.099998474121094,44.54999923706055,44.54999923706055,5245595
2009-10-06,45.45000076293945,45.5,42.599998474121094,43.900001525878906,43.900001525878906,7220092
2009-10-07,44.04999923706055,45.70000076293945,44.04999923706055,44.599998474121094,44.599998474121094,6182526
2009-10-08,44.900001525878906,45.70000076293945,44.599998474121094,45.04999923706055,45.04999923706055,4957857
2009-10-09,45.54999923706055,45.79999923706055,43.849998474121094,44.04999923706055,44.04999923706055,6322855
2009-10-12,44.099998474121094,44.70000076293945,43.400001525878906,43.849998474121094,43.849998474121094,9368537
2009-10-13,44.0,44.0,44.0,44.0,44.0,0
2009-10-14,44.95000076293945,47.599998474121094,44.5,47.20000076293945,47.20000076293945,22828179
2009-10-15,48.04999923706055,50.099998474121094,47.849998474121094,48.20000076293945,48.20000076293945,17092377
2009-10-16,48.5,50.95000076293945,47.150001525878906,50.45000076293945,50.45000076293945,25616886
2009-10-20,50.79999923706055,52.900001525878906,49.400001525878906,52.400001525878906,52.400001525878906,31326633
2009-10-21,52.849998474121094,53.04999923706055,51.45000076293945,52.349998474121094,52.349998474121094,19133389
2009-10-22,52.099998474121094,53.25,49.79999923706055,50.849998474121094,50.849998474121094,18247375
2009-10-23,51.900001525878906,52.400001525878906,50.75,51.849998474121094,51.849998474121094,13096063
2009-10-26,51.849998474121094,52.5,50.849998474121094,51.150001525878906,51.150001525878906,13117810
2009-10-27,50.900001525878906,51.400001525878906,47.099998474121094,48.099998474121094,48.099998474121094,15996832
2009-10-28,48.349998474121094,48.349998474121094,45.79999923706055,46.650001525878906,46.650001525878906,10268391
2009-10-29,45.75,48.400001525878906,44.400001525878906,45.5,45.5,18498963
2009-10-30,46.25,47.599998474121094,44.0,44.400001525878906,44.400001525878906,12298544
2009-11-03,44.75,46.150001525878906,44.25,44.79999923706055,44.79999923706055,8817365
2009-11-04,45.75,48.900001525878906,45.25,48.25,48.25,8100639
2009-11-05,48.20000076293945,48.70000076293945,45.29999923706055,47.29999923706055,47.29999923706055,11353847
2009-11-06,48.20000076293945,48.5,46.79999923706055,47.29999923706055,47.29999923706055,6971891
2009-11-09,47.79999923706055,48.849998474121094,45.849998474121094,48.45000076293945,48.45000076293945,8758102
2009-11-10,49.20000076293945,51.20000076293945,48.29999923706055,50.5,50.5,28639283
2009-11-11,50.79999923706055,51.099998474121094,49.099998474121094,50.29999923706055,50.29999923706055,19697147
2009-11-12,50.04999923706055,50.349998474121094,48.29999923706055,48.5,48.5,10818831
2009-11-13,48.5,49.349998474121094,48.25,48.599998474121094,48.599998474121094,5165771
2009-11-16,49.5,50.75,48.79999923706055,50.45000076293945,50.45000076293945,9853890
2009-11-17,50.900001525878906,51.5,49.599998474121094,50.599998474121094,50.599998474121094,11192774
2009-11-18,50.349998474121094,51.29999923706055,49.54999923706055,50.54999923706055,50.54999923706055,9129768
2009-11-19,50.95000076293945,52.150001525878906,50.099998474121094,51.75,51.75,21515428
2009-11-20,51.150001525878906,52.70000076293945,50.900001525878906,51.95000076293945,51.95000076293945,12722174
2009-11-23,52.29999923706055,52.70000076293945,51.0,52.349998474121094,52.349998474121094,7453759
2009-11-24,52.599998474121094,53.400001525878906,51.79999923706055,52.349998474121094,52.349998474121094,12008576
2009-11-25,51.70000076293945,53.0,51.54999923706055,52.70000076293945,52.70000076293945,6373711
2009-11-26,52.70000076293945,52.70000076293945,49.70000076293945,50.150001525878906,50.150001525878906,13745305
2009-11-27,47.0,51.70000076293945,47.0,50.54999923706055,50.54999923706055,9348159
2009-11-30,54.25,54.25,50.54999923706055,50.900001525878906,50.900001525878906,6412888
2009-12-01,51.79999923706055,51.95000076293945,50.5,51.25,51.25,7837559
2009-12-02,51.900001525878906,52.20000076293945,51.04999923706055,51.349998474121094,51.349998474121094,4205764
2009-12-03,51.79999923706055,52.849998474121094,51.5,51.900001525878906,51.900001525878906,8226008
2009-12-04,51.70000076293945,52.04999923706055,50.5,51.75,51.75,10866638
2009-12-07,53.099998474121094,53.79999923706055,49.45000076293945,50.25,50.25,15733277
2009-12-08,49.0,50.95000076293945,49.0,50.5,50.5,9140948
2009-12-09,50.099998474121094,51.349998474121094,49.79999923706055,50.25,50.25,9879564
2009-12-10,50.099998474121094,51.20000076293945,48.400001525878906,49.75,49.75,16963275
2009-12-11,50.0,50.349998474121094,47.70000076293945,47.95000076293945,47.95000076293945,12999662
2009-12-14,47.75,48.29999923706055,46.45000076293945,46.95000076293945,46.95000076293945,12001031
2009-12-15,47.45000076293945,48.20000076293945,46.54999923706055,47.04999923706055,47.04999923706055,10102457
2009-12-16,46.95000076293945,47.849998474121094,46.54999923706055,47.349998474121094,47.349998474121094,6095515
2009-12-17,47.5,47.599998474121094,46.75,46.95000076293945,46.95000076293945,3833132
2009-12-18,46.5,47.25,45.349998474121094,45.75,45.75,13877851
2009-12-21,46.75,46.75,45.599998474121094,45.95000076293945,45.95000076293945,4696296
2009-12-22,45.0,46.95000076293945,45.0,46.75,46.75,4510825
2009-12-23,47.5,48.099998474121094,47.0,48.04999923706055,48.04999923706055,4599658
2009-12-24,48.5,48.95000076293945,47.349998474121094,47.54999923706055,47.54999923706055,3388396
2009-12-29,48.0,48.25,47.70000076293945,47.900001525878906,47.900001525878906,3691302
2009-12-30,48.099998474121094,48.25,47.45000076293945,47.599998474121094,47.599998474121094,2326776
2009-12-31,48.20000076293945,48.20000076293945,46.04999923706055,46.45000076293945,46.45000076293945,6918973
2010-01-04,47.0,47.5,46.599998474121094,47.349998474121094,47.349998474121094,3130828
2010-01-05,47.5,49.25,47.5,48.79999923706055,48.79999923706055,8482720
2010-01-06,49.400001525878906,49.45000076293945,48.04999923706055,48.25,48.25,5764273
2010-01-07,48.349998474121094,49.0,47.599998474121094,48.349998474121094,48.349998474121094,4924393
2010-01-08,48.349998474121094,50.599998474121094,48.099998474121094,50.04999923706055,50.04999923706055,21256651
2010-01-11,50.599998474121094,51.25,49.70000076293945,50.20000076293945,50.20000076293945,19235403
2010-01-12,50.20000076293945,51.900001525878906,49.900001525878906,50.599998474121094,50.599998474121094,18509034
2010-01-13,50.349998474121094,52.5,50.0,52.20000076293945,52.20000076293945,18835211
2010-01-14,53.0,53.099998474121094,51.79999923706055,52.099998474121094,52.099998474121094,13499396
2010-01-15,52.150001525878906,53.5,51.70000076293945,52.79999923706055,52.79999923706055,11682178
2010-01-18,52.20000076293945,52.75,51.400001525878906,51.650001525878906,51.650001525878906,4300943
2010-01-19,51.79999923706055,52.45000076293945,50.400001525878906,50.599998474121094,50.599998474121094,4645990
2010-01-20,50.79999923706055,51.5,49.54999923706055,50.25,50.25,3563185
2010-01-21,49.599998474121094,50.400001525878906,48.04999923706055,48.45000076293945,48.45000076293945,4660445
2010-01-22,48.0,49.04999923706055,47.20000076293945,48.349998474121094,48.349998474121094,5620808
2010-01-25,48.099998474121094,48.79999923706055,47.5,47.70000076293945,47.70000076293945,2384491
2010-01-27,48.099998474121094,48.099998474121094,44.849998474121094,45.25,45.25,4192911
2010-01-28,46.0,46.75,43.04999923706055,43.900001525878906,43.900001525878906,12439861
2010-01-29,43.5,45.54999923706055,43.04999923706055,45.0,45.0,11575348
2010-02-01,45.29999923706055,46.70000076293945,44.599998474121094,46.25,46.25,4792620
2010-02-02,46.5,47.29999923706055,44.400001525878906,44.79999923706055,44.79999923706055,6416131
2010-02-03,45.20000076293945,46.0,45.099998474121094,45.29999923706055,45.29999923706055,4598160
2010-02-04,46.20000076293945,46.20000076293945,44.099998474121094,44.349998474121094,44.349998474121094,4087040
2010-02-05,43.5,43.79999923706055,42.25,42.650001525878906,42.650001525878906,4563998
2010-02-08,43.29999923706055,44.849998474121094,43.04999923706055,44.04999923706055,44.04999923706055,3733521
2010-02-09,44.5,44.5,43.70000076293945,44.349998474121094,44.349998474121094,2055559
2010-02-10,44.75,45.5,43.5,43.75,43.75,3276236
2010-02-11,44.04999923706055,44.5,43.900001525878906,44.0,44.0,1865520
2010-02-15,44.5,44.5,43.5,43.79999923706055,43.79999923706055,1720476
2010-02-16,44.0,44.20000076293945,43.400001525878906,44.0,44.0,1397643
2010-02-17,44.5,44.599998474121094,43.849998474121094,44.45000076293945,44.45000076293945,2498798
2010-02-18,44.54999923706055,44.599998474121094,43.79999923706055,44.04999923706055,44.04999923706055,3228903
2010-02-19,44.45000076293945,45.04999923706055,41.599998474121094,41.95000076293945,41.95000076293945,12824615
2010-02-22,42.79999923706055,42.900001525878906,41.5,41.54999923706055,41.54999923706055,6852567
2010-02-23,41.54999923706055,42.099998474121094,40.150001525878906,40.45000076293945,40.45000076293945,9402521
2010-02-24,40.5,42.20000076293945,40.29999923706055,41.099998474121094,41.099998474121094,16709876
2010-02-25,41.5,43.54999923706055,41.20000076293945,43.400001525878906,43.400001525878906,15506292
2010-02-26,42.25,44.900001525878906,42.25,43.29999923706055,43.29999923706055,12935735
2010-03-02,44.5,45.599998474121094,43.45000076293945,44.29999923706055,44.29999923706055,9470113
2010-03-03,44.0,44.79999923706055,43.849998474121094,44.04999923706055,44.04999923706055,6658963
2010-03-04,44.25,45.650001525878906,43.5,45.099998474121094,45.099998474121094,7973742
2010-03-05,45.0,45.849998474121094,44.849998474121094,45.150001525878906,45.150001525878906,4446869
2010-03-08,45.20000076293945,45.849998474121094,44.650001525878906,45.0,45.0,4939882
2010-03-09,45.0,45.5,43.5,43.599998474121094,43.599998474121094,7701287
2010-03-10,44.20000076293945,44.349998474121094,43.20000076293945,43.5,43.5,3907664
2010-03-11,44.5,44.95000076293945,43.29999923706055,43.400001525878906,43.400001525878906,6001173
2010-03-12,43.0,43.900001525878906,42.29999923706055,42.400001525878906,42.400001525878906,4734000
2010-03-15,42.099998474121094,42.75,41.400001525878906,42.5,42.5,7349640
2010-03-16,42.54999923706055,43.04999923706055,42.0,42.599998474121094,42.599998474121094,5865747
2010-03-17,42.849998474121094,44.25,42.0,43.599998474121094,43.599998474121094,13954283
2010-03-18,43.599998474121094,43.900001525878906,43.04999923706055,43.650001525878906,43.650001525878906,3325242
2010-03-19,43.900001525878906,43.900001525878906,42.45000076293945,42.79999923706055,42.79999923706055,4709550
2010-03-22,41.900001525878906,42.45000076293945,41.45000076293945,41.599998474121094,41.599998474121094,5783035
2010-03-23,42.0,42.5,41.599998474121094,42.400001525878906,42.400001525878906,4940548
2010-03-25,42.75,43.099998474121094,42.0,42.849998474121094,42.849998474121094,8346700
2010-03-26,41.29999923706055,44.400001525878906,41.29999923706055,44.04999923706055,44.04999923706055,10057293
2010-03-29,47.900001525878906,47.900001525878906,43.0,43.95000076293945,43.95000076293945,8773324
2010-03-30,44.0,45.20000076293945,43.599998474121094,44.900001525878906,44.900001525878906,6917992
2010-03-31,45.79999923706055,45.79999923706055,44.5,44.849998474121094,44.849998474121094,6090684
2010-04-01,45.0,45.5,44.650001525878906,44.900001525878906,44.900001525878906,3925713
2010-04-05,45.0,46.099998474121094,45.0,45.599998474121094,45.599998474121094,4280134
2010-04-06,46.0,46.099998474121094,44.70000076293945,44.79999923706055,44.79999923706055,2918064
2010-04-07,45.0,45.900001525878906,44.650001525878906,44.95000076293945,44.95000076293945,7861465
2010-04-08,45.20000076293945,45.20000076293945,44.79999923706055,44.95000076293945,44.95000076293945,4718018
2010-04-09,45.0,46.400001525878906,44.75,46.0,46.0,13374475
2010-04-12,46.29999923706055,47.150001525878906,45.900001525878906,46.349998474121094,46.349998474121094,10043641
2010-04-13,47.0,47.0,45.79999923706055,45.900001525878906,45.900001525878906,5564530
2010-04-15,46.45000076293945,46.79999923706055,44.349998474121094,44.70000076293945,44.70000076293945,5891833
2010-04-16,45.0,45.20000076293945,44.29999923706055,44.75,44.75,2181292
2010-04-19,44.0,45.25,43.849998474121094,44.5,44.5,4319369
2010-04-20,44.5,45.45000076293945,44.5,44.900001525878906,44.900001525878906,6077115
2010-04-21,45.45000076293945,46.849998474121094,45.29999923706055,45.79999923706055,45.79999923706055,8009576
2010-04-22,45.45000076293945,46.5,44.900001525878906,45.75,45.75,6439541
2010-04-23,46.0,46.29999923706055,45.400001525878906,46.04999923706055,46.04999923706055,3589878
2010-04-26,46.349998474121094,46.5,45.70000076293945,45.900001525878906,45.900001525878906,2290777
2010-04-27,45.70000076293945,46.95000076293945,45.599998474121094,46.45000076293945,46.45000076293945,4851753
2010-04-28,46.099998474121094,46.349998474121094,44.849998474121094,45.04999923706055,45.04999923706055,4845225
2010-04-29,45.0,45.400001525878906,44.45000076293945,45.04999923706055,45.04999923706055,10941539
2010-04-30,46.0,46.45000076293945,44.79999923706055,45.150001525878906,45.150001525878906,8744241
2010-05-03,45.0,46.099998474121094,45.0,45.29999923706055,45.29999923706055,6027382
2010-05-04,45.900001525878906,45.95000076293945,44.5,44.849998474121094,44.849998474121094,9235590
2010-05-05,44.0,45.04999923706055,43.0,44.849998474121094,44.849998474121094,3850425
2010-05-06,45.25,45.5,43.349998474121094,44.25,44.25,5204574
2010-05-07,43.5,44.099998474121094,42.349998474121094,43.400001525878906,43.400001525878906,3353741
2010-05-10,44.400001525878906,44.45000076293945,43.599998474121094,43.900001525878906,43.900001525878906,3857125
2010-05-11,44.099998474121094,44.349998474121094,43.25,43.400001525878906,43.400001525878906,2305315
2010-05-12,43.099998474121094,44.0,41.95000076293945,42.29999923706055,42.29999923706055,7606891
2010-05-13,42.5,43.400001525878906,42.29999923706055,43.099998474121094,43.099998474121094,8562183
2010-05-14,43.0,43.29999923706055,42.5,42.54999923706055,42.54999923706055,5215118
2010-05-17,41.5,42.20000076293945,41.099998474121094,42.0,42.0,2448339
2010-05-18,42.04999923706055,42.599998474121094,41.849998474121094,42.099998474121094,42.099998474121094,4275905
2010-05-19,41.79999923706055,42.25,41.29999923706055,41.5,41.5,2208539
2010-05-20,41.5,42.099998474121094,40.900001525878906,41.70000076293945,41.70000076293945,3797210
2010-05-21,41.04999923706055,42.400001525878906,40.20000076293945,41.54999923706055,41.54999923706055,6377049
2010-05-24,42.5,42.75,41.099998474121094,41.400001525878906,41.400001525878906,4427469
2010-05-25,41.20000076293945,41.20000076293945,39.54999923706055,39.900001525878906,39.900001525878906,4658721
2010-05-26,40.150001525878906,40.75,39.79999923706055,40.150001525878906,40.150001525878906,6140389
2010-05-27,40.0,41.400001525878906,39.70000076293945,41.0,41.0,4463977
2010-05-28,41.400001525878906,43.0,41.400001525878906,42.5,42.5,4127505
2010-05-31,42.5,43.599998474121094,42.0,43.150001525878906,43.150001525878906,3189232
2010-06-01,43.0,43.45000076293945,42.150001525878906,43.04999923706055,43.04999923706055,2777598
2010-06-02,43.900001525878906,43.900001525878906,42.5,42.79999923706055,42.79999923706055,2868516
2010-06-03,43.5,43.599998474121094,42.20000076293945,43.45000076293945,43.45000076293945,6544079
2010-06-04,43.45000076293945,43.5,42.75,43.099998474121094,43.099998474121094,2709980
2010-06-07,41.5,42.5,41.20000076293945,42.150001525878906,42.150001525878906,2486588
2010-06-08,42.25,42.45000076293945,41.400001525878906,41.599998474121094,41.599998474121094,1363335
2010-06-09,42.04999923706055,42.04999923706055,41.0,41.20000076293945,41.20000076293945,3158728
2010-06-10,41.25,42.400001525878906,40.849998474121094,41.599998474121094,41.599998474121094,9022439
2010-06-11,43.20000076293945,43.29999923706055,41.849998474121094,43.0,43.0,4629121
2010-06-14,43.400001525878906,43.79999923706055,42.70000076293945,43.25,43.25,2624327
2010-06-15,43.04999923706055,43.45000076293945,42.75,42.95000076293945,42.95000076293945,3893758
2010-06-16,43.45000076293945,43.75,42.70000076293945,43.400001525878906,43.400001525878906,10224687
2010-06-17,40.0,45.29999923706055,40.0,44.70000076293945,44.70000076293945,10336344
2010-06-18,45.0,45.25,43.099998474121094,43.349998474121094,43.349998474121094,4018255
2010-06-21,43.900001525878906,44.400001525878906,42.900001525878906,44.25,44.25,13888936
2010-06-22,44.099998474121094,44.29999923706055,43.349998474121094,43.54999923706055,43.54999923706055,2456800
2010-06-23,43.099998474121094,43.95000076293945,43.099998474121094,43.5,43.5,4373498
2010-06-24,43.349998474121094,44.599998474121094,43.349998474121094,44.349998474121094,44.349998474121094,7053061
2010-06-25,44.099998474121094,44.5,43.849998474121094,44.150001525878906,44.150001525878906,2968586
2010-06-28,44.599998474121094,44.599998474121094,43.849998474121094,44.25,44.25,4745564
2010-06-29,44.75,44.849998474121094,42.95000076293945,43.25,43.25,4205818
2010-06-30,43.0,44.599998474121094,43.0,44.25,44.25,8409175
2010-07-01,44.29999923706055,44.29999923706055,43.45000076293945,43.75,43.75,2482359
2010-07-02,44.04999923706055,44.70000076293945,43.20000076293945,43.400001525878906,43.400001525878906,5095450
2010-07-05,43.400001525878906,44.04999923706055,43.25,43.849998474121094,43.849998474121094,2535971
2010-07-06,43.5,44.0,43.400001525878906,43.650001525878906,43.650001525878906,3484057
2010-07-07,43.79999923706055,43.79999923706055,42.79999923706055,43.0,43.0,4597243
2010-07-08,43.45000076293945,43.900001525878906,43.25,43.70000076293945,43.70000076293945,3492189
2010-07-09,43.20000076293945,44.0,43.0,43.599998474121094,43.599998474121094,2642137
2010-07-12,43.75,44.45000076293945,43.650001525878906,44.29999923706055,44.29999923706055,4354566
2010-07-13,44.79999923706055,44.79999923706055,43.900001525878906,44.099998474121094,44.099998474121094,3555788
2010-07-14,44.79999923706055,46.20000076293945,44.25,45.349998474121094,45.349998474121094,10198149
2010-07-15,45.599998474121094,46.29999923706055,45.349998474121094,45.900001525878906,45.900001525878906,5704044
2010-07-16,46.0,46.0,44.849998474121094,45.29999923706055,45.29999923706055,3914059
2010-07-19,45.0,45.45000076293945,44.849998474121094,45.20000076293945,45.20000076293945,4440734
2010-07-20,45.349998474121094,47.04999923706055,45.20000076293945,46.75,46.75,8289374
2010-07-21,46.5,47.5,46.099998474121094,46.400001525878906,46.400001525878906,5823431
2010-07-22,46.349998474121094,46.400001525878906,45.45000076293945,45.849998474121094,45.849998474121094,5786662
2010-07-23,46.099998474121094,46.29999923706055,44.900001525878906,45.0,45.0,3362227
2010-07-26,45.20000076293945,45.29999923706055,44.0,44.150001525878906,44.150001525878906,2824390
2010-07-27,44.400001525878906,44.400001525878906,43.54999923706055,44.150001525878906,44.150001525878906,4189422
2010-07-28,44.25,44.25,43.650001525878906,43.75,43.75,2646144
2010-07-29,43.849998474121094,44.25,43.20000076293945,43.349998474121094,43.349998474121094,3561890
2010-07-30,43.5,44.0,43.25,43.5,43.5,954730
2010-08-02,44.20000076293945,44.29999923706055,43.599998474121094,43.95000076293945,43.95000076293945,2171043
2010-08-03,44.54999923706055,44.75,43.20000076293945,43.54999923706055,43.54999923706055,3840969
2010-08-04,43.650001525878906,43.79999923706055,43.29999923706055,43.54999923706055,43.54999923706055,4176265
2010-08-05,43.75,44.0,43.0,43.20000076293945,43.20000076293945,6120642
2010-08-06,43.650001525878906,44.20000076293945,43.400001525878906,43.79999923706055,43.79999923706055,6085171
2010-08-09,44.099998474121094,44.5,43.75,43.900001525878906,43.900001525878906,5920400
2010-08-10,44.0,44.29999923706055,43.54999923706055,43.849998474121094,43.849998474121094,4277653
2010-08-11,44.0,44.0,42.849998474121094,43.0,43.0,4813222
2010-08-12,42.900001525878906,43.400001525878906,42.400001525878906,42.54999923706055,42.54999923706055,8125727
2010-08-13,43.20000076293945,43.20000076293945,42.20000076293945,42.29999923706055,42.29999923706055,4714009
2010-08-16,42.400001525878906,42.650001525878906,42.0,42.04999923706055,42.04999923706055,2475753
2010-08-17,42.20000076293945,42.400001525878906,41.95000076293945,42.25,42.25,3815455
2010-08-18,42.400001525878906,42.5,41.95000076293945,42.099998474121094,42.099998474121094,3481567
2010-08-19,43.099998474121094,44.20000076293945,42.349998474121094,44.0,44.0,11945400
2010-08-20,45.0,45.849998474121094,43.54999923706055,45.54999923706055,45.54999923706055,11409423
2010-08-23,45.54999923706055,47.95000076293945,45.400001525878906,47.599998474121094,47.599998474121094,11476956
2010-08-24,47.400001525878906,48.849998474121094,47.0,47.45000076293945,47.45000076293945,12640512
2010-08-25,47.79999923706055,47.95000076293945,46.04999923706055,46.900001525878906,46.900001525878906,6342420
2010-08-26,46.75,47.25,45.900001525878906,46.20000076293945,46.20000076293945,4298949
2010-08-27,45.5,47.599998474121094,45.5,46.25,46.25,6527113
2010-08-30,47.0,47.400001525878906,46.04999923706055,46.349998474121094,46.349998474121094,3633609
2010-08-31,46.5,46.5,44.54999923706055,45.20000076293945,45.20000076293945,3474896
2010-09-01,45.45000076293945,46.75,45.20000076293945,46.45000076293945,46.45000076293945,3711729
2010-09-02,46.79999923706055,47.849998474121094,46.5,46.95000076293945,46.95000076293945,5120603
2010-09-03,47.54999923706055,47.900001525878906,46.95000076293945,47.04999923706055,47.04999923706055,2080402
2010-09-06,47.099998474121094,49.75,46.75,49.400001525878906,49.400001525878906,8357164
2010-09-07,49.150001525878906,49.79999923706055,48.45000076293945,48.599998474121094,48.599998474121094,9490737
2010-09-08,48.0,50.95000076293945,47.5,49.900001525878906,49.900001525878906,21998970
2010-09-09,50.95000076293945,51.099998474121094,50.099998474121094,50.849998474121094,50.849998474121094,7960914
2010-09-13,51.0,51.5,49.79999923706055,50.04999923706055,50.04999923706055,4745638
2010-09-14,50.099998474121094,50.400001525878906,48.0,48.95000076293945,48.95000076293945,5560086
2010-09-15,48.70000076293945,50.099998474121094,48.45000076293945,48.70000076293945,48.70000076293945,5613109
2010-09-16,48.5,48.75,46.54999923706055,47.20000076293945,47.20000076293945,6332836
2010-09-17,48.0,49.0,47.5,48.45000076293945,48.45000076293945,4369721
2010-09-20,48.599998474121094,48.95000076293945,47.54999923706055,48.0,48.0,4599545
2010-09-21,48.0,49.5,48.0,48.150001525878906,48.150001525878906,6842231
2010-09-22,48.04999923706055,48.54999923706055,46.599998474121094,47.0,47.0,4843029
2010-09-23,47.25,47.650001525878906,46.5,46.79999923706055,46.79999923706055,2591391
2010-09-24,47.0,48.54999923706055,46.25,48.400001525878906,48.400001525878906,4904409
2010-09-27,48.650001525878906,48.849998474121094,47.29999923706055,47.5,47.5,3439235
2010-09-28,47.099998474121094,47.95000076293945,46.70000076293945,46.849998474121094,46.849998474121094,3049747
2010-09-29,47.25,47.45000076293945,46.45000076293945,46.54999923706055,46.54999923706055,5238063
2010-09-30,46.79999923706055,46.79999923706055,45.79999923706055,46.5,46.5,3189617
2010-10-01,46.599998474121094,47.900001525878906,46.54999923706055,47.0,47.0,4943250
2010-10-04,47.599998474121094,47.75,47.0,47.04999923706055,47.04999923706055,1477380
2010-10-05,47.45000076293945,48.5,47.0,47.95000076293945,47.95000076293945,5831608
2010-10-06,48.599998474121094,48.599998474121094,47.349998474121094,47.75,47.75,5965519
2010-10-07,48.5,48.5,46.400001525878906,46.79999923706055,46.79999923706055,7669619
2010-10-08,47.0,47.25,45.599998474121094,46.04999923706055,46.04999923706055,6952315
2010-10-11,46.5,46.79999923706055,45.5,45.75,45.75,4269466
2010-10-12,45.849998474121094,46.5,45.599998474121094,46.150001525878906,46.150001525878906,2072782
2010-10-13,46.150001525878906,46.5,45.75,46.099998474121094,46.099998474121094,2904680
2010-10-14,46.599998474121094,46.900001525878906,44.29999923706055,44.599998474121094,44.599998474121094,13275641
2010-10-15,45.0,45.0,43.400001525878906,43.650001525878906,43.650001525878906,4661955
2010-10-18,44.0,44.0,42.25,42.54999923706055,42.54999923706055,9615973
2010-10-19,42.95000076293945,43.79999923706055,42.400001525878906,42.5,42.5,7097031
2010-10-20,42.75,42.75,42.150001525878906,42.29999923706055,42.29999923706055,6916074
2010-10-21,42.75,43.400001525878906,42.349998474121094,43.25,43.25,6403917
2010-10-22,44.79999923706055,44.79999923706055,43.5,44.20000076293945,44.20000076293945,9350685
2010-10-25,44.79999923706055,44.95000076293945,43.25,43.54999923706055,43.54999923706055,3670928
2010-10-26,43.20000076293945,43.650001525878906,42.900001525878906,43.29999923706055,43.29999923706055,3849138
2010-10-27,43.79999923706055,43.900001525878906,43.099998474121094,43.45000076293945,43.45000076293945,2068147
2010-10-28,43.5,43.650001525878906,41.900001525878906,42.29999923706055,42.29999923706055,7275476
2010-10-29,42.0,43.04999923706055,42.0,42.54999923706055,42.54999923706055,3384572
2010-11-01,43.5,43.79999923706055,42.45000076293945,43.650001525878906,43.650001525878906,5307494
2010-11-02,43.650001525878906,44.349998474121094,43.25,43.45000076293945,43.45000076293945,2476113
2010-11-03,43.79999923706055,44.45000076293945,43.5,43.70000076293945,43.70000076293945,3210408
2010-11-04,44.29999923706055,44.900001525878906,43.650001525878906,44.79999923706055,44.79999923706055,2916879
2010-11-08,45.25,46.099998474121094,44.650001525878906,45.599998474121094,45.599998474121094,5873243
2010-11-09,46.349998474121094,47.650001525878906,46.0,46.95000076293945,46.95000076293945,12299573
2010-11-10,47.099998474121094,47.099998474121094,45.79999923706055,46.04999923706055,46.04999923706055,3696169
2010-11-11,46.04999923706055,46.400001525878906,44.29999923706055,44.79999923706055,44.79999923706055,7071434
2010-11-12,44.900001525878906,44.900001525878906,43.04999923706055,43.599998474121094,43.599998474121094,6707524
2010-11-15,42.25,44.0,42.25,43.849998474121094,43.849998474121094,2938335
2010-11-16,43.29999923706055,43.95000076293945,42.54999923706055,43.20000076293945,43.20000076293945,3798041
2010-11-18,43.0,43.45000076293945,41.25,42.400001525878906,42.400001525878906,2860004
2010-11-19,43.0,43.0,41.400001525878906,41.599998474121094,41.599998474121094,2013133
2010-11-22,42.0,43.29999923706055,41.599998474121094,42.95000076293945,42.95000076293945,8355627
2010-11-23,43.25,43.25,41.400001525878906,42.04999923706055,42.04999923706055,5791057
2010-11-24,42.25,43.099998474121094,41.900001525878906,42.400001525878906,42.400001525878906,7132325
2010-11-25,42.599998474121094,43.29999923706055,41.900001525878906,42.29999923706055,42.29999923706055,8917630
2010-11-26,42.29999923706055,42.75,34.75,40.45000076293945,40.45000076293945,11199934
2010-11-29,41.099998474121094,41.099998474121094,37.099998474121094,40.900001525878906,40.900001525878906,8795341
2010-11-30,40.900001525878906,41.900001525878906,39.349998474121094,41.29999923706055,41.29999923706055,7134454
2010-12-01,41.45000076293945,41.79999923706055,40.5,41.400001525878906,41.400001525878906,6110198
2010-12-02,42.0,42.29999923706055,41.599998474121094,41.79999923706055,41.79999923706055,5721999
2010-12-03,42.20000076293945,42.20000076293945,40.54999923706055,40.849998474121094,40.849998474121094,3582280
2010-12-06,40.849998474121094,41.5,40.349998474121094,40.650001525878906,40.650001525878906,3367223
2010-12-07,40.849998474121094,42.45000076293945,39.349998474121094,40.400001525878906,40.400001525878906,7855550
2010-12-08,40.20000076293945,40.5,39.79999923706055,40.099998474121094,40.099998474121094,2474978
2010-12-09,40.20000076293945,40.20000076293945,36.79999923706055,37.5,37.5,6108392
2010-12-10,37.400001525878906,38.150001525878906,35.900001525878906,37.5,37.5,8068744
2010-12-13,38.0,40.400001525878906,37.5,39.5,39.5,4452445
2010-12-14,40.0,40.599998474121094,39.849998474121094,40.04999923706055,40.04999923706055,1936504
2010-12-15,39.75,40.5,38.75,39.45000076293945,39.45000076293945,3573800
2010-12-16,39.5,40.20000076293945,38.849998474121094,39.599998474121094,39.599998474121094,3005023
2010-12-20,39.599998474121094,40.349998474121094,38.54999923706055,39.599998474121094,39.599998474121094,5264902
2010-12-21,39.599998474121094,41.5,39.400001525878906,41.04999923706055,41.04999923706055,7715195
2010-12-22,41.099998474121094,41.599998474121094,40.650001525878906,41.349998474121094,41.349998474121094,4082892
2010-12-23,41.5,41.79999923706055,40.900001525878906,41.599998474121094,41.599998474121094,3263488
2010-12-24,41.29999923706055,41.95000076293945,40.79999923706055,40.95000076293945,40.95000076293945,3502519
2010-12-27,41.0,41.25,40.5,40.650001525878906,40.650001525878906,867928
2010-12-28,40.75,40.900001525878906,39.70000076293945,39.849998474121094,39.849998474121094,5562781
2010-12-29,40.0,40.099998474121094,39.70000076293945,39.849998474121094,39.849998474121094,2977007
2010-12-30,39.95000076293945,40.099998474121094,39.70000076293945,39.95000076293945,39.95000076293945,4239297
2010-12-31,40.099998474121094,41.0,39.900001525878906,40.54999923706055,40.54999923706055,1636532
2011-01-03,41.0,41.900001525878906,40.849998474121094,41.45000076293945,41.45000076293945,3788117
2011-01-04,41.900001525878906,41.900001525878906,41.0,41.45000076293945,41.45000076293945,1740687
2011-01-05,41.25,42.650001525878906,41.150001525878906,42.150001525878906,42.150001525878906,2850262
2011-01-06,42.5,43.400001525878906,41.599998474121094,41.900001525878906,41.900001525878906,5710329
2011-01-07,42.0,42.0,39.20000076293945,39.650001525878906,39.650001525878906,4852400
2011-01-10,39.849998474121094,40.0,38.150001525878906,38.400001525878906,38.400001525878906,2296234
2011-01-11,38.5,39.099998474121094,36.849998474121094,37.25,37.25,2100502
2011-01-12,37.79999923706055,38.20000076293945,36.5,37.900001525878906,37.900001525878906,3172453
2011-01-13,38.20000076293945,38.599998474121094,37.5,37.70000076293945,37.70000076293945,2668335
2011-01-14,37.849998474121094,37.95000076293945,36.45000076293945,36.650001525878906,36.650001525878906,5057556
2011-01-17,36.70000076293945,36.70000076293945,35.54999923706055,35.70000076293945,35.70000076293945,2343793
2011-01-18,36.0,36.349998474121094,33.54999923706055,34.54999923706055,34.54999923706055,13565578
2011-01-19,34.79999923706055,35.20000076293945,34.349998474121094,34.70000076293945,34.70000076293945,8750771
2011-01-20,34.70000076293945,35.099998474121094,34.0,34.45000076293945,34.45000076293945,4215772
2011-01-21,34.5,34.900001525878906,34.099998474121094,34.400001525878906,34.400001525878906,4033873
2011-01-24,34.650001525878906,35.099998474121094,34.150001525878906,34.75,34.75,4679793
2011-01-25,35.0,35.0,34.45000076293945,34.54999923706055,34.54999923706055,3201160
2011-01-27,34.650001525878906,35.0,33.099998474121094,33.29999923706055,33.29999923706055,9298809
2011-01-28,33.29999923706055,33.5,31.899999618530273,32.849998474121094,32.849998474121094,7593482
2011-01-31,31.700000762939453,33.20000076293945,31.299999237060547,32.900001525878906,32.900001525878906,6022510
2011-02-01,33.25,33.25,29.850000381469727,30.149999618530273,30.149999618530273,10115489
2011-02-02,30.149999618530273,31.0,29.5,30.350000381469727,30.350000381469727,5917888
2011-02-03,30.350000381469727,31.200000762939453,30.049999237060547,31.100000381469727,31.100000381469727,3408550
2011-02-04,31.149999618530273,31.450000762939453,30.0,30.100000381469727,30.100000381469727,3775239
2011-02-07,30.299999237060547,30.799999237060547,29.600000381469727,29.75,29.75,4750059
2011-02-08,29.75,30.0,27.149999618530273,27.5,27.5,8212945
2011-02-09,27.0,27.600000381469727,24.350000381469727,24.850000381469727,24.850000381469727,16945964
2011-02-10,24.350000381469727,26.899999618530273,24.25,25.5,25.5,12170780
2011-02-11,25.600000381469727,28.200000762939453,25.100000381469727,27.649999618530273,27.649999618530273,13826597
2011-02-14,28.399999618530273,29.350000381469727,27.549999237060547,29.049999237060547,29.049999237060547,9746759
2011-02-15,29.100000381469727,29.799999237060547,27.5,28.799999237060547,28.799999237060547,6005709
2011-02-16,28.0,28.950000762939453,27.950000762939453,28.600000381469727,28.600000381469727,5240767
2011-02-17,28.75,29.25,28.299999237060547,28.5,28.5,7165950
2011-02-18,29.0,29.450000762939453,27.350000381469727,27.600000381469727,27.600000381469727,7653505
2011-02-21,27.950000762939453,27.950000762939453,26.75,27.399999618530273,27.399999618530273,6060277
2011-02-22,27.350000381469727,27.350000381469727,26.600000381469727,27.25,27.25,4070563
2011-02-23,27.25,27.5,26.850000381469727,27.299999237060547,27.299999237060547,3702996
2011-02-24,27.350000381469727,27.350000381469727,25.100000381469727,25.549999237060547,25.549999237060547,5576458
2011-02-25,25.5,26.75,25.0,25.799999237060547,25.799999237060547,6381614
2011-02-28,26.25,27.950000762939453,25.600000381469727,26.350000381469727,26.350000381469727,13406219
2011-03-01,26.649999618530273,26.899999618530273,26.0,26.700000762939453,26.700000762939453,11865497
2011-03-03,26.75,28.0,26.600000381469727,26.799999237060547,26.799999237060547,21880523
2011-03-04,27.100000381469727,27.299999237060547,26.649999618530273,26.75,26.75,11641133
2011-03-07,26.399999618530273,26.399999618530273,25.100000381469727,25.399999618530273,25.399999618530273,15431118
2011-03-08,25.850000381469727,26.399999618530273,25.5,26.0,26.0,9261913
2011-03-09,26.299999237060547,26.700000762939453,25.700000762939453,26.549999237060547,26.549999237060547,10551099
2011-03-10,26.5,26.899999618530273,26.049999237060547,26.25,26.25,2602648
2011-03-11,25.950000762939453,26.25,25.0,25.25,25.25,6053366
2011-03-14,25.5,25.5,24.850000381469727,25.0,25.0,5983058
2011-03-15,24.649999618530273,24.799999237060547,23.75,24.649999618530273,24.649999618530273,6362360
2011-03-16,24.649999618530273,25.549999237060547,24.649999618530273,25.399999618530273,25.399999618530273,5490846
2011-03-17,25.100000381469727,25.399999618530273,24.700000762939453,24.850000381469727,24.850000381469727,4997400
2011-03-18,25.100000381469727,25.149999618530273,24.350000381469727,24.450000762939453,24.450000762939453,2834458
2011-03-21,24.549999237060547,24.700000762939453,24.200000762939453,24.299999237060547,24.299999237060547,1833704
2011-03-22,24.600000381469727,24.799999237060547,24.25,24.299999237060547,24.299999237060547,3729079
2011-03-23,24.25,24.649999618530273,24.149999618530273,24.25,24.25,6146487
2011-03-24,24.600000381469727,25.200000762939453,24.200000762939453,25.049999237060547,25.049999237060547,8510111
2011-03-25,25.149999618530273,26.25,25.049999237060547,26.0,26.0,9320308
2011-03-28,26.0,26.450000762939453,25.649999618530273,26.25,26.25,7663509
2011-03-29,26.350000381469727,26.600000381469727,26.100000381469727,26.25,26.25,6388975
2011-03-30,26.549999237060547,26.899999618530273,26.25,26.549999237060547,26.549999237060547,5535018
2011-03-31,26.600000381469727,26.899999618530273,25.549999237060547,25.899999618530273,25.899999618530273,9367076
2011-04-01,26.0,26.899999618530273,25.899999618530273,26.75,26.75,4735368
2011-04-04,27.049999237060547,28.350000381469727,27.0,28.200000762939453,28.200000762939453,11258474
2011-04-05,29.0,29.5,28.299999237060547,28.549999237060547,28.549999237060547,11018811
2011-04-06,28.649999618530273,29.600000381469727,28.350000381469727,29.25,29.25,15569446
2011-04-07,29.5,30.600000381469727,29.5,30.049999237060547,30.049999237060547,20048849
2011-04-08,30.299999237060547,30.350000381469727,28.399999618530273,28.850000381469727,28.850000381469727,11114835
2011-04-11,28.850000381469727,28.850000381469727,27.799999237060547,27.899999618530273,27.899999618530273,5937352
2011-04-13,27.0,29.100000381469727,27.0,28.950000762939453,28.950000762939453,8025260
2011-04-15,29.0,29.0,27.899999618530273,28.200000762939453,28.200000762939453,6708968
2011-04-18,28.299999237060547,28.600000381469727,27.25,27.350000381469727,27.350000381469727,7990306
2011-04-19,27.5,27.600000381469727,26.200000762939453,26.799999237060547,26.799999237060547,10673565
2011-04-20,27.450000762939453,27.549999237060547,26.700000762939453,27.100000381469727,27.100000381469727,5140825
2011-04-21,27.100000381469727,27.450000762939453,25.899999618530273,26.350000381469727,26.350000381469727,9375158
2011-04-25,26.350000381469727,26.600000381469727,26.200000762939453,26.25,26.25,3548261
2011-04-26,26.299999237060547,26.450000762939453,24.899999618530273,25.0,25.0,23658356
2011-04-27,25.100000381469727,25.600000381469727,24.25,24.350000381469727,24.350000381469727,28561511
2011-04-28,24.5,24.850000381469727,24.049999237060547,24.149999618530273,24.149999618530273,16565815
2011-04-29,24.299999237060547,24.899999618530273,23.399999618530273,24.200000762939453,24.200000762939453,14105006
2011-05-02,24.25,24.450000762939453,23.649999618530273,23.75,23.75,8758199
2011-05-03,23.75,23.950000762939453,22.549999237060547,22.850000381469727,22.850000381469727,12845509
2011-05-04,22.799999237060547,23.049999237060547,22.25,22.700000762939453,22.700000762939453,9505955
2011-05-05,22.850000381469727,23.200000762939453,22.25,22.399999618530273,22.399999618530273,7967986
2011-05-06,22.350000381469727,23.0,22.350000381469727,22.799999237060547,22.799999237060547,9899776
2011-05-09,22.950000762939453,23.600000381469727,22.5,23.5,23.5,14403723
2011-05-10,23.649999618530273,23.649999618530273,22.649999618530273,22.799999237060547,22.799999237060547,6508318
2011-05-11,22.75,23.25,22.75,23.049999237060547,23.049999237060547,4869447
2011-05-12,22.899999618530273,23.200000762939453,22.75,23.0,23.0,6309700
2011-05-13,23.0,23.549999237060547,22.75,23.399999618530273,23.399999618530273,6681742
2011-05-16,23.25,23.5,23.049999237060547,23.299999237060547,23.299999237060547,4390402
2011-05-17,23.25,23.700000762939453,23.0,23.149999618530273,23.149999618530273,5045232
2011-05-18,23.149999618530273,23.299999237060547,22.450000762939453,22.549999237060547,22.549999237060547,5552615
2011-05-19,22.600000381469727,22.649999618530273,22.200000762939453,22.299999237060547,22.299999237060547,4365222
2011-05-20,22.299999237060547,22.600000381469727,22.299999237060547,22.450000762939453,22.450000762939453,3669023
2011-05-23,22.0,22.5,21.700000762939453,21.799999237060547,21.799999237060547,3989610
2011-05-24,21.799999237060547,22.0,21.549999237060547,21.649999618530273,21.649999618530273,3229958
2011-05-25,21.600000381469727,21.950000762939453,21.399999618530273,21.5,21.5,2433039
2011-05-26,21.700000762939453,21.700000762939453,20.5,20.700000762939453,20.700000762939453,10032571
2011-05-27,20.75,21.850000381469727,20.649999618530273,21.700000762939453,21.700000762939453,9896734
2011-05-30,21.850000381469727,21.950000762939453,21.450000762939453,21.850000381469727,21.850000381469727,5282326
2011-05-31,22.100000381469727,22.899999618530273,21.799999237060547,22.75,22.75,7749436
2011-06-01,22.899999618530273,23.350000381469727,22.649999618530273,23.149999618530273,23.149999618530273,6062573
2011-06-02,22.799999237060547,22.950000762939453,22.5,22.549999237060547,22.549999237060547,3321425
2011-06-03,22.600000381469727,23.049999237060547,22.049999237060547,22.5,22.5,5945068
2011-06-06,22.600000381469727,22.600000381469727,22.049999237060547,22.350000381469727,22.350000381469727,3374976
2011-06-07,22.350000381469727,22.850000381469727,22.25,22.75,22.75,4083761
2011-06-08,22.75,23.100000381469727,22.5,22.649999618530273,22.649999618530273,4194795
2011-06-09,22.899999618530273,22.899999618530273,22.25,22.5,22.5,5309917
2011-06-10,22.5,22.649999618530273,21.899999618530273,22.0,22.0,14862746
2011-06-13,21.549999237060547,22.200000762939453,21.549999237060547,22.100000381469727,22.100000381469727,8006130
2011-06-14,22.399999618530273,22.399999618530273,22.100000381469727,22.149999618530273,22.149999618530273,3524022
2011-06-15,22.5,22.549999237060547,22.200000762939453,22.299999237060547,22.299999237060547,3302876
2011-06-16,22.200000762939453,22.5,21.450000762939453,21.600000381469727,21.600000381469727,8571878
2011-06-17,21.700000762939453,21.950000762939453,21.399999618530273,21.450000762939453,21.450000762939453,4375861
2011-06-20,21.75,21.75,17.299999237060547,20.5,20.5,12371219
2011-06-21,20.899999618530273,21.700000762939453,19.450000762939453,19.600000381469727,19.600000381469727,5974556
2011-06-22,19.649999618530273,20.100000381469727,17.950000762939453,18.600000381469727,18.600000381469727,12699105
2011-06-23,18.600000381469727,18.899999618530273,17.75,17.950000762939453,17.950000762939453,9810575
2011-06-24,18.049999237060547,19.450000762939453,17.899999618530273,18.950000762939453,18.950000762939453,20426305
2011-06-27,19.299999237060547,19.649999618530273,17.399999618530273,19.299999237060547,19.299999237060547,7874846
2011-06-28,19.600000381469727,19.649999618530273,18.899999618530273,19.399999618530273,19.399999618530273,5972710
2011-06-29,19.799999237060547,20.0,19.350000381469727,19.549999237060547,19.549999237060547,8765703
2011-06-30,19.75,19.850000381469727,19.200000762939453,19.299999237060547,19.299999237060547,8112210
2011-07-01,19.299999237060547,20.299999237060547,19.200000762939453,20.149999618530273,20.149999618530273,10950847
2011-07-04,20.149999618530273,20.600000381469727,20.100000381469727,20.299999237060547,20.299999237060547,4895786
2011-07-05,20.399999618530273,20.450000762939453,19.700000762939453,19.75,19.75,5986909
2011-07-06,19.799999237060547,20.0,19.5,19.549999237060547,19.549999237060547,3901089
2011-07-07,19.75,20.0,19.450000762939453,19.899999618530273,19.899999618530273,4873882
2011-07-08,19.899999618530273,20.25,19.600000381469727,19.799999237060547,19.799999237060547,4285842
2011-07-11,19.600000381469727,19.799999237060547,19.399999618530273,19.549999237060547,19.549999237060547,2793238
2011-07-12,19.100000381469727,19.399999618530273,18.700000762939453,19.0,19.0,4578511
2011-07-13,19.25,19.549999237060547,19.049999237060547,19.450000762939453,19.450000762939453,3392635
2011-07-14,19.0,19.450000762939453,19.0,19.149999618530273,19.149999618530273,4627265
2011-07-15,19.0,19.5,19.0,19.299999237060547,19.299999237060547,3669453
2011-07-18,19.299999237060547,19.5,19.100000381469727,19.25,19.25,1907682
2011-07-19,19.299999237060547,19.899999618530273,19.149999618530273,19.549999237060547,19.549999237060547,5644609
2011-07-20,19.600000381469727,19.899999618530273,19.299999237060547,19.399999618530273,19.399999618530273,3512648
2011-07-21,19.299999237060547,19.5,19.149999618530273,19.299999237060547,19.299999237060547,3532158
2011-07-22,19.399999618530273,19.649999618530273,19.299999237060547,19.5,19.5,2411740
2011-07-25,19.700000762939453,19.700000762939453,19.350000381469727,19.549999237060547,19.549999237060547,2040298
2011-07-26,19.600000381469727,19.649999618530273,18.399999618530273,18.549999237060547,18.549999237060547,7436946
2011-07-27,18.649999618530273,18.950000762939453,18.399999618530273,18.850000381469727,18.850000381469727,7484761
2011-07-28,18.799999237060547,18.799999237060547,17.850000381469727,18.100000381469727,18.100000381469727,8863515
2011-07-29,17.0,18.350000381469727,17.0,18.049999237060547,18.049999237060547,5299695
2011-08-01,18.5,18.5,17.600000381469727,17.899999618530273,17.899999618530273,4997893
2011-08-02,18.299999237060547,18.299999237060547,17.049999237060547,17.149999618530273,17.149999618530273,6613986
2011-08-03,17.0,17.700000762939453,16.549999237060547,17.450000762939453,17.450000762939453,8674808
2011-08-04,17.5,18.25,17.200000762939453,17.350000381469727,17.350000381469727,6046577
2011-08-05,17.299999237060547,17.350000381469727,16.350000381469727,17.200000762939453,17.200000762939453,9948063
2011-08-08,16.799999237060547,18.299999237060547,16.600000381469727,17.700000762939453,17.700000762939453,16063167
2011-08-09,17.100000381469727,18.700000762939453,16.799999237060547,18.350000381469727,18.350000381469727,13490703
2011-08-10,18.700000762939453,19.25,18.700000762939453,19.049999237060547,19.049999237060547,10800797
2011-08-11,19.100000381469727,19.399999618530273,18.850000381469727,19.200000762939453,19.200000762939453,5679294
2011-08-12,19.25,19.399999618530273,18.549999237060547,18.649999618530273,18.649999618530273,4817746
2011-08-16,18.75,19.100000381469727,17.649999618530273,17.950000762939453,17.950000762939453,6162093
2011-08-17,18.049999237060547,18.200000762939453,17.100000381469727,17.600000381469727,17.600000381469727,7901558
2011-08-18,17.700000762939453,17.850000381469727,16.75,16.899999618530273,16.899999618530273,5794770
2011-08-19,16.100000381469727,17.299999237060547,15.0,17.100000381469727,17.100000381469727,7751342
2011-08-22,17.100000381469727,17.549999237060547,16.799999237060547,17.399999618530273,17.399999618530273,5506724
2011-08-23,18.0,18.5,17.5,17.799999237060547,17.799999237060547,10635730
2011-08-24,17.899999618530273,18.0,17.299999237060547,17.399999618530273,17.399999618530273,7023794
2011-08-25,17.5,17.700000762939453,16.299999237060547,16.5,16.5,14433264
2011-08-26,16.700000762939453,16.899999618530273,15.800000190734863,16.0,16.0,9317589
2011-08-29,16.200000762939453,16.899999618530273,16.200000762939453,16.600000381469727,16.600000381469727,6146926
2011-08-30,16.649999618530273,17.049999237060547,16.450000762939453,16.799999237060547,16.799999237060547,6046816
2011-09-02,16.5,17.149999618530273,16.5,16.950000762939453,16.950000762939453,5031570
2011-09-05,16.799999237060547,17.5,16.549999237060547,17.299999237060547,17.299999237060547,5576937
2011-09-06,17.200000762939453,17.899999618530273,16.649999618530273,17.75,17.75,7204418
2011-09-07,17.75,18.299999237060547,17.649999618530273,18.149999618530273,18.149999618530273,8385125
2011-09-08,18.0,18.5,17.799999237060547,17.850000381469727,17.850000381469727,10405517
2011-09-09,17.899999618530273,18.450000762939453,17.75,17.850000381469727,17.850000381469727,7896141
2011-09-12,17.5,17.850000381469727,17.0,17.100000381469727,17.100000381469727,5334632
2011-09-13,17.0,17.549999237060547,16.399999618530273,16.5,16.5,8500921
2011-09-14,16.549999237060547,17.149999618530273,16.5,17.0,17.0,7367255
2011-09-15,17.0,17.299999237060547,16.75,17.0,17.0,5644449
2011-09-16,17.0,17.450000762939453,16.850000381469727,17.0,17.0,5504266
2011-09-19,17.0,18.25,16.75,16.850000381469727,16.850000381469727,25235088
2011-09-20,17.0,17.450000762939453,16.799999237060547,17.299999237060547,17.299999237060547,11151190
2011-09-21,17.350000381469727,17.899999618530273,17.200000762939453,17.450000762939453,17.450000762939453,12645624
2011-09-22,17.299999237060547,17.799999237060547,16.600000381469727,16.700000762939453,16.700000762939453,9841184
2011-09-23,16.5,16.850000381469727,16.049999237060547,16.600000381469727,16.600000381469727,9139854
2011-09-26,16.700000762939453,16.75,16.049999237060547,16.149999618530273,16.149999618530273,8500551
2011-09-27,16.0,16.700000762939453,16.0,16.350000381469727,16.350000381469727,8515037
2011-09-28,16.399999618530273,16.5,15.949999809265137,16.049999237060547,16.049999237060547,9714494
2011-09-29,16.0,16.100000381469727,15.699999809265137,16.0,16.0,7992982
2011-09-30,15.699999809265137,16.299999237060547,15.300000190734863,15.800000190734863,15.800000190734863,7013709
2011-10-03,15.100000381469727,15.75,15.100000381469727,15.5,15.5,5211352
2011-10-04,15.300000190734863,15.699999809265137,15.050000190734863,15.100000381469727,15.100000381469727,6310370
2011-10-05,15.0,15.350000381469727,15.0,15.0,15.0,4378242
2011-10-07,14.850000381469727,15.550000190734863,14.850000381469727,15.149999618530273,15.149999618530273,5165663
2011-10-10,15.050000190734863,15.399999618530273,15.050000190734863,15.199999809265137,15.199999809265137,5182988
2011-10-11,15.25,15.449999809265137,15.0,15.050000190734863,15.050000190734863,5274385
2011-10-12,15.0,15.350000381469727,15.0,15.300000190734863,15.300000190734863,3753424
2011-10-13,15.399999618530273,15.5,15.199999809265137,15.25,15.25,4857997
2011-10-14,15.149999618530273,15.350000381469727,15.100000381469727,15.199999809265137,15.199999809265137,2925964
2011-10-17,17.0,17.0,14.800000190734863,14.899999618530273,14.899999618530273,4336540
2011-10-18,14.850000381469727,14.899999618530273,14.350000381469727,14.5,14.5,7371824
2011-10-19,14.699999809265137,15.0,14.550000190734863,14.600000381469727,14.600000381469727,10494450
2011-10-20,13.850000381469727,14.75,13.850000381469727,14.300000190734863,14.300000190734863,8928961
2011-10-21,14.5,14.649999618530273,14.149999618530273,14.25,14.25,5845498
2011-10-24,14.25,14.600000381469727,13.949999809265137,14.0,14.0,7756326
2011-10-25,11.5,14.149999618530273,11.5,13.949999809265137,13.949999809265137,12264594
2011-10-28,14.5,14.75,14.350000381469727,14.5,14.5,20568967
2011-10-31,14.5,15.0,14.149999618530273,14.199999809265137,14.199999809265137,20446123
2011-11-01,14.25,14.449999809265137,13.75,13.899999618530273,13.899999618530273,11828158
2011-11-02,14.0,14.0,13.25,13.300000190734863,13.300000190734863,28616701
2011-11-03,13.350000381469727,13.649999618530273,13.149999618530273,13.399999618530273,13.399999618530273,9440347
2011-11-04,13.5,13.949999809265137,13.5,13.800000190734863,13.800000190734863,14306530
2011-11-08,14.0,14.050000190734863,13.399999618530273,13.600000381469727,13.600000381469727,9571979
2011-11-09,14.0,14.0,13.0,13.050000190734863,13.050000190734863,10883699
2011-11-11,13.0,13.5,12.75,13.149999618530273,13.149999618530273,7409591
2011-11-14,13.0,13.5,12.050000190734863,12.300000190734863,12.300000190734863,11241738
2011-11-15,12.25,12.449999809265137,11.600000381469727,11.699999809265137,11.699999809265137,11163040
2011-11-16,11.699999809265137,11.75,11.199999809265137,11.25,11.25,7921187
2011-11-17,11.199999809265137,11.5,10.399999618530273,10.600000381469727,10.600000381469727,11669783
2011-11-18,10.399999618530273,11.449999809265137,10.399999618530273,11.199999809265137,11.199999809265137,14553641
2011-11-21,11.199999809265137,11.449999809265137,10.399999618530273,10.5,10.5,12950120
2011-11-22,10.550000190734863,10.949999809265137,10.199999809265137,10.350000381469727,10.350000381469727,13295247
2011-11-23,10.350000381469727,10.399999618530273,10.050000190734863,10.25,10.25,9540512
2011-11-24,10.300000190734863,10.550000190734863,10.100000381469727,10.449999809265137,10.449999809265137,9245346
2011-11-25,10.5,10.850000381469727,10.199999809265137,10.300000190734863,10.300000190734863,14453218
2011-11-28,10.449999809265137,11.0,10.399999618530273,10.949999809265137,10.949999809265137,7819907
2011-11-29,11.0,11.5,10.399999618530273,10.449999809265137,10.449999809265137,10108316
2011-11-30,10.399999618530273,10.5,10.199999809265137,10.350000381469727,10.350000381469727,6880376
2011-12-01,10.399999618530273,10.899999618530273,10.399999618530273,10.649999618530273,10.649999618530273,6056364
2011-12-02,10.649999618530273,10.899999618530273,10.5,10.850000381469727,10.850000381469727,5280365
2011-12-05,10.800000190734863,11.5,10.600000381469727,11.300000190734863,11.300000190734863,11424998
2011-12-07,11.300000190734863,11.75,11.300000190734863,11.550000190734863,11.550000190734863,11115279
2011-12-08,11.600000381469727,11.600000381469727,10.600000381469727,10.699999809265137,10.699999809265137,14345560
2011-12-09,10.600000381469727,10.899999618530273,10.300000190734863,10.699999809265137,10.699999809265137,9048761
2011-12-12,10.75,10.899999618530273,10.550000190734863,10.600000381469727,10.600000381469727,5883440
2011-12-13,10.5,10.800000190734863,10.399999618530273,10.699999809265137,10.699999809265137,5268993
2011-12-14,10.5,10.800000190734863,10.25,10.350000381469727,10.350000381469727,3767074
2011-12-15,10.300000190734863,10.449999809265137,10.149999618530273,10.300000190734863,10.300000190734863,4086455
2011-12-16,10.5,10.649999618530273,9.75,9.850000381469727,9.850000381469727,8748468
2011-12-19,9.899999618530273,10.300000190734863,9.600000381469727,10.199999809265137,10.199999809265137,10054467
2011-12-20,10.25,10.399999618530273,10.0,10.100000381469727,10.100000381469727,5749060
2011-12-21,10.149999618530273,10.550000190734863,10.149999618530273,10.5,10.5,7105528
2011-12-22,10.5,11.050000190734863,10.199999809265137,10.800000190734863,10.800000190734863,6858718
2011-12-23,11.0,11.25,10.899999618530273,11.0,11.0,8125092
2011-12-26,11.050000190734863,13.0,11.050000190734863,11.899999618530273,11.899999618530273,27735677
2011-12-27,11.800000190734863,11.949999809265137,11.199999809265137,11.399999618530273,11.399999618530273,10865717
2011-12-28,11.300000190734863,11.550000190734863,11.100000381469727,11.350000381469727,11.350000381469727,11080642
2011-12-29,11.300000190734863,11.949999809265137,11.050000190734863,11.25,11.25,29671175
2011-12-30,11.300000190734863,11.850000381469727,11.300000190734863,11.550000190734863,11.550000190734863,10952636
2012-01-02,11.600000381469727,12.800000190734863,11.550000190734863,12.399999618530273,12.399999618530273,15537937
2012-01-03,12.600000381469727,13.0,12.449999809265137,12.550000190734863,12.550000190734863,13174369
2012-01-04,12.600000381469727,12.899999618530273,12.149999618530273,12.399999618530273,12.399999618530273,18126831
2012-01-05,12.399999618530273,12.850000381469727,12.399999618530273,12.800000190734863,12.800000190734863,16877912
2012-01-06,12.800000190734863,12.850000381469727,12.399999618530273,12.550000190734863,12.550000190734863,15370012
2012-01-09,12.600000381469727,13.5,12.550000190734863,13.449999809265137,13.449999809265137,18173978
2012-01-10,13.5,14.350000381469727,13.5,14.0,14.0,18212245
2012-01-11,14.399999618530273,14.399999618530273,13.25,13.600000381469727,13.600000381469727,16920366
2012-01-12,13.600000381469727,14.100000381469727,13.350000381469727,13.699999809265137,13.699999809265137,14234686
2012-01-13,13.75,14.600000381469727,13.75,14.399999618530273,14.399999618530273,16232339
2012-01-16,14.399999618530273,14.399999618530273,13.899999618530273,14.050000190734863,14.050000190734863,12763500
2012-01-17,14.350000381469727,14.449999809265137,14.0,14.050000190734863,14.050000190734863,9322350
2012-01-18,14.0,14.300000190734863,13.550000190734863,13.699999809265137,13.699999809265137,12524693
2012-01-19,13.75,14.149999618530273,13.75,14.0,14.0,9315886
2012-01-20,14.0,14.300000190734863,13.699999809265137,13.800000190734863,13.800000190734863,6229761
2012-01-23,13.75,14.050000190734863,13.600000381469727,13.75,13.75,9672664
2012-01-24,14.0,14.800000190734863,13.75,14.199999809265137,14.199999809265137,22592701
2012-01-25,14.600000381469727,14.699999809265137,14.300000190734863,14.5,14.5,15008039
2012-01-27,14.5,16.0,14.449999809265137,15.899999618530273,15.899999618530273,34768123
2012-01-30,17.399999618530273,17.399999618530273,15.100000381469727,15.399999618530273,15.399999618530273,31624114
2012-01-31,15.600000381469727,16.149999618530273,14.850000381469727,15.899999618530273,15.899999618530273,28054262
2012-02-01,16.0,17.049999237060547,15.399999618530273,16.700000762939453,16.700000762939453,33904855
2012-02-02,16.799999237060547,17.200000762939453,16.299999237060547,16.75,16.75,23215927
2012-02-03,16.799999237060547,17.049999237060547,16.399999618530273,16.75,16.75,10719102
2012-02-06,17.5,17.850000381469727,16.950000762939453,17.200000762939453,17.200000762939453,24415782
2012-02-07,17.5,17.799999237060547,16.5,16.600000381469727,16.600000381469727,15099363
2012-02-08,16.649999618530273,17.200000762939453,16.149999618530273,16.899999618530273,16.899999618530273,10534785
2012-02-09,16.649999618530273,17.299999237060547,16.649999618530273,17.200000762939453,17.200000762939453,10549721
2012-02-10,17.049999237060547,17.399999618530273,16.600000381469727,16.850000381469727,16.850000381469727,10790038
2012-02-13,17.0,17.0,16.450000762939453,16.549999237060547,16.549999237060547,7798813
2012-02-14,16.600000381469727,17.850000381469727,16.600000381469727,17.600000381469727,17.600000381469727,29712082
2012-02-15,18.0,18.850000381469727,17.399999618530273,18.649999618530273,18.649999618530273,44170866
2012-02-16,18.75,19.299999237060547,18.600000381469727,18.700000762939453,18.700000762939453,30787830
2012-02-17,18.75,20.399999618530273,18.75,19.100000381469727,19.100000381469727,44852866
2012-02-21,19.0,20.200000762939453,19.0,19.700000762939453,19.700000762939453,23879071
2012-02-22,19.75,20.25,17.450000762939453,17.700000762939453,17.700000762939453,38494395
2012-02-23,17.700000762939453,18.149999618530273,17.0,17.350000381469727,17.350000381469727,36232069
2012-02-24,17.5,17.799999237060547,17.049999237060547,17.200000762939453,17.200000762939453,19009317
2012-02-27,17.25,17.5,15.75,16.0,16.0,21184532
2012-02-28,16.549999237060547,17.5,16.25,17.299999237060547,17.299999237060547,26216689
2012-02-29,17.5,18.899999618530273,17.399999618530273,17.950000762939453,17.950000762939453,46841069
2012-03-01,17.950000762939453,18.100000381469727,17.299999237060547,17.850000381469727,17.850000381469727,22231675
2012-03-02,18.0,18.549999237060547,17.649999618530273,17.950000762939453,17.950000762939453,21705686
2012-03-05,18.299999237060547,18.600000381469727,17.549999237060547,17.649999618530273,17.649999618530273,20938525
2012-03-06,17.5,17.950000762939453,16.0,16.25,16.25,30880828
2012-03-07,16.049999237060547,16.75,16.0,16.549999237060547,16.549999237060547,20532666
2012-03-09,16.600000381469727,18.399999618530273,16.600000381469727,18.25,18.25,35689964
2012-03-12,18.700000762939453,19.299999237060547,18.450000762939453,18.899999618530273,18.899999618530273,37332348
2012-03-13,19.0,19.850000381469727,18.950000762939453,19.75,19.75,28714139
2012-03-14,20.0,20.299999237060547,19.100000381469727,19.25,19.25,31697260
2012-03-15,19.100000381469727,19.649999618530273,18.25,18.450000762939453,18.450000762939453,27756502
2012-03-16,18.5,19.149999618530273,16.850000381469727,17.450000762939453,17.450000762939453,43287319
2012-03-19,17.5,18.399999618530273,17.25,17.600000381469727,17.600000381469727,21095500
2012-03-20,17.75,18.100000381469727,17.399999618530273,17.850000381469727,17.850000381469727,16181842
2012-03-21,18.0,18.75,17.600000381469727,18.600000381469727,18.600000381469727,24457286
2012-03-22,18.649999618530273,18.899999618530273,17.299999237060547,17.450000762939453,17.450000762939453,24741394
2012-03-23,17.5,18.200000762939453,17.149999618530273,17.950000762939453,17.950000762939453,18827039
2012-03-26,18.0,18.049999237060547,17.25,17.350000381469727,17.350000381469727,14530094
2012-03-27,17.399999618530273,17.950000762939453,17.25,17.549999237060547,17.549999237060547,15669657
2012-03-28,17.399999618530273,17.899999618530273,17.049999237060547,17.149999618530273,17.149999618530273,20016178
2012-03-29,17.100000381469727,17.100000381469727,16.450000762939453,16.649999618530273,16.649999618530273,18085347
2012-03-30,16.75,17.5,16.75,17.399999618530273,17.399999618530273,11383586
2012-04-02,17.5,17.899999618530273,17.450000762939453,17.700000762939453,17.700000762939453,8154497
2012-04-03,17.75,18.100000381469727,17.450000762939453,17.5,17.5,8009477
2012-04-04,17.5,17.899999618530273,17.5,17.700000762939453,17.700000762939453,6558095
2012-04-09,17.299999237060547,17.649999618530273,16.950000762939453,17.049999237060547,17.049999237060547,9246374
2012-04-10,17.0,17.200000762939453,16.700000762939453,17.100000381469727,17.100000381469727,7546918
2012-04-11,16.899999618530273,17.5,16.549999237060547,16.799999237060547,16.799999237060547,7531294
2012-04-12,16.850000381469727,17.200000762939453,16.799999237060547,17.049999237060547,17.049999237060547,6839458
2012-04-13,17.0,17.850000381469727,16.700000762939453,16.799999237060547,16.799999237060547,8594615
2012-04-16,16.200000762939453,17.100000381469727,16.049999237060547,17.0,17.0,3570047
2012-04-17,17.0,17.5,16.700000762939453,17.350000381469727,17.350000381469727,7723165
2012-04-18,17.600000381469727,18.899999618530273,17.25,18.600000381469727,18.600000381469727,32735905
2012-04-19,18.899999618530273,18.899999618530273,17.850000381469727,18.200000762939453,18.200000762939453,15851668
2012-04-20,18.25,18.700000762939453,17.600000381469727,17.75,17.75,13339693
2012-04-23,17.100000381469727,17.75,16.299999237060547,16.5,16.5,16706017
2012-04-24,16.549999237060547,16.799999237060547,16.350000381469727,16.649999618530273,16.649999618530273,9747480
2012-04-25,16.649999618530273,16.799999237060547,15.899999618530273,16.049999237060547,16.049999237060547,12666822
2012-04-26,16.0,16.299999237060547,15.699999809265137,15.800000190734863,15.800000190734863,12392621
2012-04-27,16.0,16.149999618530273,15.199999809265137,15.449999809265137,15.449999809265137,7731195
2012-04-30,16.0,16.299999237060547,15.699999809265137,16.049999237060547,16.049999237060547,7263567
2012-05-02,16.0,16.200000762939453,15.800000190734863,16.0,16.0,5184720
2012-05-03,15.649999618530273,16.0,15.199999809265137,15.300000190734863,15.300000190734863,7144683
2012-05-04,14.850000381469727,15.199999809265137,14.199999809265137,14.300000190734863,14.300000190734863,12648754
2012-05-07,14.300000190734863,14.600000381469727,13.600000381469727,14.350000381469727,14.350000381469727,14304340
2012-05-08,14.5,14.899999618530273,13.899999618530273,14.050000190734863,14.050000190734863,10369049
2012-05-09,13.899999618530273,14.100000381469727,12.550000190734863,12.75,12.75,21435841
2012-05-10,13.0,13.050000190734863,11.699999809265137,11.899999618530273,11.899999618530273,27794960
2012-05-11,11.5,12.5,11.5,12.050000190734863,12.050000190734863,17800521
2012-05-14,12.0,12.350000381469727,11.550000190734863,11.649999618530273,11.649999618530273,10259703
2012-05-15,11.600000381469727,12.199999809265137,11.449999809265137,12.100000381469727,12.100000381469727,11325485
2012-05-16,12.0,12.149999618530273,11.550000190734863,11.800000190734863,11.800000190734863,12184698
2012-05-17,11.800000190734863,12.300000190734863,11.75,11.800000190734863,11.800000190734863,13088501
2012-05-18,11.649999618530273,12.0,11.449999809265137,11.899999618530273,11.899999618530273,7624729
2012-05-21,11.949999809265137,12.25,11.850000381469727,12.149999618530273,12.149999618530273,6955255
2012-05-22,12.050000190734863,12.449999809265137,11.649999618530273,11.699999809265137,11.699999809265137,7933593
2012-05-23,11.550000190734863,11.899999618530273,11.550000190734863,11.800000190734863,11.800000190734863,6299820
2012-05-24,11.800000190734863,12.0,11.75,11.949999809265137,11.949999809265137,4946744
2012-05-25,11.949999809265137,12.100000381469727,11.75,11.800000190734863,11.800000190734863,9529109
2012-05-28,11.850000381469727,12.100000381469727,11.850000381469727,12.0,12.0,7724134
2012-05-29,12.0,12.75,12.0,12.449999809265137,12.449999809265137,17412709
2012-05-30,12.5,12.75,11.899999618530273,11.949999809265137,11.949999809265137,15432883
2012-05-31,11.850000381469727,12.100000381469727,11.75,12.0,12.0,16313658
2012-06-01,12.0,12.0,11.649999618530273,11.699999809265137,11.699999809265137,5937740
2012-06-04,11.699999809265137,11.949999809265137,11.449999809265137,11.850000381469727,11.850000381469727,6579821
2012-06-05,12.050000190734863,12.199999809265137,11.600000381469727,11.75,11.75,9060443
2012-06-06,11.800000190734863,12.550000190734863,11.699999809265137,12.449999809265137,12.449999809265137,14834836
2012-06-07,12.5,12.850000381469727,12.449999809265137,12.649999618530273,12.649999618530273,14574467
2012-06-08,12.699999809265137,12.850000381469727,12.149999618530273,12.699999809265137,12.699999809265137,12941849
2012-06-11,12.649999618530273,15.25,12.649999618530273,14.350000381469727,14.350000381469727,57392881
2012-06-12,14.0,15.050000190734863,14.0,14.800000190734863,14.800000190734863,36171647
2012-06-13,14.75,14.800000190734863,14.399999618530273,14.5,14.5,15564066
2012-06-14,14.550000190734863,14.75,13.850000381469727,13.899999618530273,13.899999618530273,18519362
2012-06-15,14.0,14.25,13.899999618530273,14.0,14.0,6059872
2012-06-18,14.050000190734863,14.449999809265137,13.25,13.449999809265137,13.449999809265137,11409388
2012-06-19,13.5,14.300000190734863,13.300000190734863,14.100000381469727,14.100000381469727,21602875
2012-06-20,14.0,14.850000381469727,14.0,14.5,14.5,17266118
2012-06-21,14.300000190734863,15.0,14.100000381469727,14.850000381469727,14.850000381469727,13642691
2012-06-22,14.5,15.399999618530273,14.399999618530273,14.899999618530273,14.899999618530273,23209734
2012-06-25,15.0,15.449999809265137,14.550000190734863,14.649999618530273,14.649999618530273,15010555
2012-06-26,14.649999618530273,15.0,14.449999809265137,14.649999618530273,14.649999618530273,10931554
2012-06-27,14.699999809265137,14.949999809265137,14.550000190734863,14.649999618530273,14.649999618530273,8138889
2012-06-28,14.699999809265137,14.949999809265137,14.600000381469727,14.75,14.75,9041581
2012-06-29,14.949999809265137,15.449999809265137,14.899999618530273,15.350000381469727,15.350000381469727,15918315
2012-07-02,15.5,15.899999618530273,15.149999618530273,15.699999809265137,15.699999809265137,15298060
2012-07-03,16.200000762939453,16.299999237060547,15.800000190734863,15.949999809265137,15.949999809265137,15690327
2012-07-04,16.0,16.25,15.949999809265137,16.149999618530273,16.149999618530273,11909926
2012-07-05,16.0,16.399999618530273,16.0,16.25,16.25,10909160
2012-07-06,16.25,16.350000381469727,15.800000190734863,15.949999809265137,15.949999809265137,10988409
2012-07-09,15.800000190734863,15.800000190734863,15.149999618530273,15.300000190734863,15.300000190734863,10271935
2012-07-10,15.100000381469727,15.850000381469727,15.100000381469727,15.800000190734863,15.800000190734863,8678481
2012-07-11,15.899999618530273,16.350000381469727,15.600000381469727,15.850000381469727,15.850000381469727,19875836
2012-07-12,15.75,15.75,15.300000190734863,15.550000190734863,15.550000190734863,10529281
2012-07-13,15.550000190734863,15.800000190734863,15.350000381469727,15.449999809265137,15.449999809265137,6389792
2012-07-16,15.850000381469727,15.850000381469727,14.899999618530273,15.0,15.0,8853480
2012-07-17,15.100000381469727,15.300000190734863,14.350000381469727,14.600000381469727,14.600000381469727,9936021
2012-07-18,14.5,14.75,14.199999809265137,14.449999809265137,14.449999809265137,8577697
2012-07-19,14.5,15.0,14.5,14.75,14.75,8980773
2012-07-20,14.800000190734863,14.800000190734863,14.5,14.600000381469727,14.600000381469727,3633794
2012-07-23,12.949999809265137,14.449999809265137,12.949999809265137,13.800000190734863,13.800000190734863,7365896
2012-07-24,13.800000190734863,14.050000190734863,13.550000190734863,13.649999618530273,13.649999618530273,11529795
2012-07-25,13.649999618530273,13.649999618530273,13.0,13.149999618530273,13.149999618530273,11905570
2012-07-26,13.149999618530273,13.199999809265137,12.199999809265137,12.350000381469727,12.350000381469727,20486302
2012-07-27,12.600000381469727,12.850000381469727,12.300000190734863,12.350000381469727,12.350000381469727,11180218
2012-07-30,12.5,13.25,12.449999809265137,13.100000381469727,13.100000381469727,6133778
2012-07-31,14.0,14.0,12.600000381469727,12.949999809265137,12.949999809265137,10445751
2012-08-01,13.0,13.25,12.899999618530273,13.149999618530273,13.149999618530273,7620847
2012-08-02,13.25,13.800000190734863,13.100000381469727,13.649999618530273,13.649999618530273,10565554
2012-08-03,13.5,13.699999809265137,13.100000381469727,13.25,13.25,6838012
2012-08-06,13.300000190734863,13.699999809265137,13.300000190734863,13.449999809265137,13.449999809265137,5952827
2012-08-07,13.5,13.75,13.449999809265137,13.5,13.5,6351461
2012-08-08,13.5,13.800000190734863,12.75,12.800000190734863,12.800000190734863,13299259
2012-08-09,12.850000381469727,12.899999618530273,12.449999809265137,12.550000190734863,12.550000190734863,10900694
2012-08-10,12.550000190734863,12.600000381469727,12.399999618530273,12.399999618530273,12.399999618530273,4068691
2012-08-13,12.399999618530273,12.899999618530273,12.350000381469727,12.75,12.75,9178763
2012-08-14,12.800000190734863,13.100000381469727,12.550000190734863,13.0,13.0,6823949
2012-08-16,13.350000381469727,13.350000381469727,12.75,12.800000190734863,12.800000190734863,5056923
2012-08-17,13.0,13.050000190734863,12.399999618530273,12.550000190734863,12.550000190734863,8239835
2012-08-21,12.600000381469727,12.800000190734863,12.300000190734863,12.75,12.75,6918723
2012-08-22,12.600000381469727,12.800000190734863,12.5,12.550000190734863,12.550000190734863,3624241
2012-08-23,12.600000381469727,12.949999809265137,12.25,12.399999618530273,12.399999618530273,10592359
2012-08-24,12.5,12.800000190734863,12.449999809265137,12.649999618530273,12.649999618530273,11987664
2012-08-27,12.75,12.899999618530273,12.0,12.050000190734863,12.050000190734863,8581802
2012-08-28,12.100000381469727,12.100000381469727,11.5,11.699999809265137,11.699999809265137,10973122
2012-08-29,11.699999809265137,12.0,11.199999809265137,11.300000190734863,11.300000190734863,9050591
2012-08-30,11.300000190734863,11.399999618530273,10.899999618530273,11.0,11.0,17407490
2012-08-31,11.0,11.399999618530273,11.0,11.149999618530273,11.149999618530273,9172615
2012-09-03,11.199999809265137,11.449999809265137,11.100000381469727,11.199999809265137,11.199999809265137,6431460
2012-09-04,11.199999809265137,11.25,10.850000381469727,11.050000190734863,11.050000190734863,7690338
2012-09-05,11.0,11.149999618530273,10.850000381469727,11.0,11.0,5521124
2012-09-06,11.0,11.350000381469727,10.949999809265137,11.149999618530273,11.149999618530273,5463704
2012-09-07,11.25,11.5,11.199999809265137,11.300000190734863,11.300000190734863,5258628
2012-09-10,11.399999618530273,11.449999809265137,11.149999618530273,11.199999809265137,11.199999809265137,2647330
2012-09-11,11.199999809265137,11.350000381469727,11.050000190734863,11.25,11.25,3094200
2012-09-12,11.25,11.449999809265137,11.199999809265137,11.25,11.25,4956759
2012-09-13,11.25,11.350000381469727,11.0,11.050000190734863,11.050000190734863,4198050
2012-09-14,11.0,12.0,11.0,11.800000190734863,11.800000190734863,15391219
2012-09-17,11.800000190734863,13.600000381469727,11.800000190734863,13.449999809265137,13.449999809265137,31701287
2012-09-18,13.5,14.100000381469727,13.350000381469727,13.899999618530273,13.899999618530273,14225432
2012-09-20,13.899999618530273,14.050000190734863,12.25,12.949999809265137,12.949999809265137,21296901
2012-09-21,13.050000190734863,13.899999618530273,13.050000190734863,13.649999618530273,13.649999618530273,19021919
2012-09-24,14.0,14.800000190734863,13.699999809265137,14.5,14.5,28250544
2012-09-25,14.75,15.149999618530273,14.199999809265137,14.5,14.5,20163342
2012-09-26,14.449999809265137,14.600000381469727,14.100000381469727,14.300000190734863,14.300000190734863,11815883
2012-09-27,14.050000190734863,15.600000381469727,11.800000190734863,14.699999809265137,14.699999809265137,36692931
2012-09-28,14.75,15.0,14.5,14.600000381469727,14.600000381469727,16693880
2012-10-01,14.75,14.850000381469727,14.449999809265137,14.75,14.75,10146181
2012-10-03,14.75,15.0,14.600000381469727,14.649999618530273,14.649999618530273,9401833
2012-10-04,14.699999809265137,15.449999809265137,14.699999809265137,14.949999809265137,14.949999809265137,24528990
2012-10-05,15.199999809265137,15.399999618530273,14.199999809265137,14.5,14.5,17795156
2012-10-08,14.949999809265137,14.949999809265137,14.25,14.300000190734863,14.300000190734863,11427216
2012-10-09,14.5,14.699999809265137,13.949999809265137,14.199999809265137,14.199999809265137,12046706
2012-10-10,14.800000190734863,14.800000190734863,13.550000190734863,13.699999809265137,13.699999809265137,12576573
2012-10-11,13.850000381469727,14.25,13.699999809265137,14.149999618530273,14.149999618530273,13066088
2012-10-12,14.199999809265137,14.699999809265137,14.0,14.550000190734863,14.550000190734863,13129440
2012-10-15,14.5,14.75,14.350000381469727,14.600000381469727,14.600000381469727,11672557
2012-10-16,14.600000381469727,14.699999809265137,13.850000381469727,13.899999618530273,13.899999618530273,9111348
2012-10-17,13.199999809265137,14.100000381469727,13.199999809265137,13.399999618530273,13.399999618530273,20577443
2012-10-18,14.5,14.5,13.449999809265137,13.949999809265137,13.949999809265137,12297847
2012-10-19,14.0,14.0,13.399999618530273,13.5,13.5,8529733
2012-10-22,13.399999618530273,13.899999618530273,13.350000381469727,13.5,13.5,7889191
2012-10-23,13.399999618530273,13.600000381469727,13.199999809265137,13.25,13.25,12678401
2012-10-25,13.199999809265137,13.350000381469727,12.949999809265137,13.050000190734863,13.050000190734863,19345215
2012-10-29,13.199999809265137,13.199999809265137,12.5,12.75,12.75,6993874
2012-10-30,12.850000381469727,13.0,12.5,12.600000381469727,12.600000381469727,13384022
2012-10-31,12.600000381469727,12.699999809265137,12.350000381469727,12.649999618530273,12.649999618530273,11150588
2012-11-01,12.699999809265137,12.949999809265137,12.550000190734863,12.850000381469727,12.850000381469727,8058883
2012-11-02,13.0,13.300000190734863,12.899999618530273,13.0,13.0,8270017
2012-11-05,13.0,13.050000190734863,12.550000190734863,12.649999618530273,12.649999618530273,7131353
2012-11-06,12.75,12.850000381469727,12.550000190734863,12.699999809265137,12.699999809265137,5138960
2012-11-07,12.75,13.199999809265137,12.699999809265137,13.050000190734863,13.050000190734863,8944047
2012-11-08,12.899999618530273,13.0,12.699999809265137,12.850000381469727,12.850000381469727,7527785
2012-11-09,13.0,13.050000190734863,12.0,12.600000381469727,12.600000381469727,11189464
2012-11-12,12.75,12.75,12.100000381469727,12.25,12.25,8909966
2012-11-15,12.300000190734863,12.800000190734863,12.149999618530273,12.699999809265137,12.699999809265137,6938930
2012-11-16,12.699999809265137,12.850000381469727,12.350000381469727,12.399999618530273,12.399999618530273,7352400
2012-11-19,12.550000190734863,12.699999809265137,12.149999618530273,12.350000381469727,12.350000381469727,5035521
2012-11-20,12.5,12.5,12.050000190734863,12.149999618530273,12.149999618530273,5171481
2012-11-21,12.149999618530273,12.300000190734863,12.0,12.199999809265137,12.199999809265137,3686742
2012-11-22,13.899999618530273,13.899999618530273,12.149999618530273,12.199999809265137,12.199999809265137,4163279
2012-11-23,12.199999809265137,12.300000190734863,12.050000190734863,12.100000381469727,12.100000381469727,2913000
2012-11-26,12.25,12.600000381469727,12.149999618530273,12.449999809265137,12.449999809265137,8697968
2012-11-27,12.800000190734863,12.899999618530273,12.5,12.800000190734863,12.800000190734863,7463386
2012-11-29,12.949999809265137,13.25,12.699999809265137,13.100000381469727,13.100000381469727,14181139
2012-11-30,13.25,14.300000190734863,13.199999809265137,14.0,14.0,27061543
2012-12-03,13.800000190734863,14.199999809265137,13.699999809265137,13.899999618530273,13.899999618530273,10208248
2012-12-04,13.899999618530273,14.0,13.550000190734863,13.899999618530273,13.899999618530273,7880190
2012-12-05,14.0,14.449999809265137,13.850000381469727,14.199999809265137,14.199999809265137,10304425
2012-12-06,14.5,14.600000381469727,13.75,14.449999809265137,14.449999809265137,17551814
2012-12-07,14.5,14.649999618530273,14.0,14.100000381469727,14.100000381469727,8960688
2012-12-10,14.300000190734863,14.300000190734863,13.949999809265137,14.050000190734863,14.050000190734863,7856370
2012-12-11,14.0,14.25,13.449999809265137,13.699999809265137,13.699999809265137,11736232
2012-12-12,13.899999618530273,13.899999618530273,13.550000190734863,13.600000381469727,13.600000381469727,8065678
2012-12-13,13.600000381469727,13.800000190734863,13.350000381469727,13.399999618530273,13.399999618530273,9234005
2012-12-14,13.399999618530273,13.550000190734863,13.050000190734863,13.399999618530273,13.399999618530273,4958627
2012-12-17,13.5,13.550000190734863,13.199999809265137,13.300000190734863,13.300000190734863,7311460
2012-12-18,13.350000381469727,13.600000381469727,13.0,13.550000190734863,13.550000190734863,7651189
2012-12-19,13.699999809265137,13.899999618530273,13.600000381469727,13.75,13.75,6076807
2012-12-20,13.800000190734863,13.800000190734863,13.5,13.649999618530273,13.649999618530273,3916059
2012-12-21,13.600000381469727,13.600000381469727,13.050000190734863,13.149999618530273,13.149999618530273,5392870
2012-12-24,13.050000190734863,13.449999809265137,13.050000190734863,13.300000190734863,13.300000190734863,10751959
2012-12-26,13.449999809265137,13.649999618530273,13.199999809265137,13.550000190734863,13.550000190734863,12609153
2012-12-27,13.649999618530273,13.649999618530273,13.25,13.399999618530273,13.399999618530273,13574006
2012-12-28,13.449999809265137,13.699999809265137,13.350000381469727,13.600000381469727,13.600000381469727,5441397
2012-12-31,13.600000381469727,13.649999618530273,13.399999618530273,13.550000190734863,13.550000190734863,3395751
2013-01-01,13.649999618530273,14.199999809265137,13.600000381469727,14.149999618530273,14.149999618530273,7920618
2013-01-02,14.199999809265137,14.449999809265137,14.0,14.199999809265137,14.199999809265137,10000468
2013-01-03,14.300000190734863,14.350000381469727,14.050000190734863,14.149999618530273,14.149999618530273,6167642
2013-01-04,14.149999618530273,14.5,14.0,14.399999618530273,14.399999618530273,6914417
2013-01-07,14.600000381469727,14.600000381469727,14.149999618530273,14.25,14.25,6034311
2013-01-08,14.300000190734863,14.399999618530273,14.050000190734863,14.350000381469727,14.350000381469727,6047157
2013-01-09,14.5,15.75,14.399999618530273,15.300000190734863,15.300000190734863,42145622
2013-01-10,15.5,15.699999809265137,15.100000381469727,15.199999809265137,15.199999809265137,26736496
2013-01-11,15.399999618530273,15.399999618530273,14.699999809265137,14.800000190734863,14.800000190734863,13432743
2013-01-14,14.850000381469727,15.149999618530273,14.600000381469727,15.100000381469727,15.100000381469727,8419851
2013-01-15,15.0,15.399999618530273,14.850000381469727,14.949999809265137,14.949999809265137,9602644
2013-01-16,14.949999809265137,15.0,14.25,14.399999618530273,14.399999618530273,8455247
2013-01-17,14.5,14.75,14.25,14.399999618530273,14.399999618530273,8677609
2013-01-18,14.350000381469727,14.350000381469727,13.649999618530273,13.899999618530273,13.899999618530273,15354368
2013-01-21,13.899999618530273,14.100000381469727,13.5,13.949999809265137,13.949999809265137,9437421
2013-01-22,14.0,14.25,13.5,13.850000381469727,13.850000381469727,10834366
2013-01-23,13.800000190734863,14.0,13.300000190734863,13.600000381469727,13.600000381469727,4829745
2013-01-24,13.600000381469727,13.600000381469727,12.600000381469727,12.800000190734863,12.800000190734863,13442733
2013-01-25,12.149999618530273,13.399999618530273,12.149999618530273,13.25,13.25,9812635
2013-01-28,13.399999618530273,13.699999809265137,13.050000190734863,13.399999618530273,13.399999618530273,9248411
2013-01-29,13.350000381469727,13.550000190734863,13.0,13.149999618530273,13.149999618530273,9403391
2013-01-30,13.149999618530273,13.399999618530273,13.100000381469727,13.149999618530273,13.149999618530273,6944023
2013-01-31,13.149999618530273,13.25,12.75,12.850000381469727,12.850000381469727,10150417
2013-02-01,12.850000381469727,13.600000381469727,12.850000381469727,13.449999809265137,13.449999809265137,13560538
2013-02-04,13.5,13.600000381469727,12.850000381469727,12.949999809265137,12.949999809265137,6156918
2013-02-05,13.0,13.199999809265137,12.75,13.050000190734863,13.050000190734863,8986826
2013-02-06,13.050000190734863,13.300000190734863,13.050000190734863,13.149999618530273,13.149999618530273,5944829
2013-02-07,13.300000190734863,13.300000190734863,12.75,12.850000381469727,12.850000381469727,6447892
2013-02-08,12.899999618530273,13.0,12.649999618530273,12.699999809265137,12.699999809265137,4469152
2013-02-11,12.850000381469727,12.899999618530273,12.649999618530273,12.699999809265137,12.699999809265137,3381077
2013-02-12,12.550000190734863,12.800000190734863,11.899999618530273,12.350000381469727,12.350000381469727,11490414
2013-02-13,12.25,12.600000381469727,12.25,12.350000381469727,12.350000381469727,5558928
2013-02-14,12.350000381469727,12.350000381469727,11.800000190734863,11.899999618530273,11.899999618530273,9763608
2013-02-15,11.899999618530273,12.050000190734863,11.649999618530273,11.949999809265137,11.949999809265137,6528053
2013-02-18,13.0,13.0,11.899999618530273,12.449999809265137,12.449999809265137,5796433
2013-02-19,12.550000190734863,12.850000381469727,12.399999618530273,12.699999809265137,12.699999809265137,7150152
2013-02-20,12.800000190734863,12.800000190734863,11.550000190734863,12.550000190734863,12.550000190734863,5765202
2013-02-21,12.399999618530273,12.399999618530273,11.949999809265137,12.0,12.0,6419909
2013-02-22,12.100000381469727,12.300000190734863,12.0,12.100000381469727,12.100000381469727,5770829
2013-02-25,12.100000381469727,12.300000190734863,11.699999809265137,11.75,11.75,7752087
2013-02-26,11.75,11.949999809265137,11.600000381469727,11.699999809265137,11.699999809265137,7106284
2013-02-27,11.800000190734863,12.0,11.649999618530273,11.850000381469727,11.850000381469727,6463751
2013-02-28,11.850000381469727,12.199999809265137,10.100000381469727,10.699999809265137,10.699999809265137,19639574
2013-03-01,10.800000190734863,11.050000190734863,10.649999618530273,10.800000190734863,10.800000190734863,8504272
2013-03-04,10.800000190734863,10.800000190734863,10.100000381469727,10.300000190734863,10.300000190734863,12955481
2013-03-05,10.550000190734863,10.899999618530273,10.350000381469727,10.699999809265137,10.699999809265137,7049607
2013-03-06,10.699999809265137,11.199999809265137,10.699999809265137,11.050000190734863,11.050000190734863,5210013
2013-03-07,11.100000381469727,11.149999618530273,10.949999809265137,11.050000190734863,11.050000190734863,3789295
2013-03-08,11.050000190734863,11.25,11.050000190734863,11.149999618530273,11.149999618530273,3975618
2013-03-11,11.199999809265137,11.550000190734863,11.199999809265137,11.25,11.25,7033444
2013-03-12,11.300000190734863,11.600000381469727,10.850000381469727,11.050000190734863,11.050000190734863,5627435
2013-03-13,10.899999618530273,11.399999618530273,10.899999618530273,11.199999809265137,11.199999809265137,6814641
2013-03-14,11.25,11.600000381469727,11.100000381469727,11.5,11.5,6135342
2013-03-15,11.5,11.75,11.100000381469727,11.199999809265137,11.199999809265137,7669298
2013-03-18,11.050000190734863,11.350000381469727,10.949999809265137,11.25,11.25,6599789
2013-03-19,11.149999618530273,11.399999618530273,10.550000190734863,10.649999618530273,10.649999618530273,8652609
2013-03-20,10.649999618530273,10.699999809265137,9.800000190734863,9.949999809265137,9.949999809265137,18291324
2013-03-21,10.100000381469727,10.399999618530273,9.550000190734863,9.850000381469727,9.850000381469727,12533740
2013-03-22,9.850000381469727,9.949999809265137,9.149999618530273,9.399999618530273,9.399999618530273,16641804
2013-03-25,9.449999809265137,10.050000190734863,9.149999618530273,9.399999618530273,9.399999618530273,13082299
2013-03-26,9.300000190734863,9.5,9.050000190734863,9.149999618530273,9.149999618530273,10156321
2013-03-28,9.149999618530273,9.449999809265137,8.699999809265137,9.149999618530273,9.149999618530273,26141376
2013-04-01,9.300000190734863,9.850000381469727,9.25,9.699999809265137,9.699999809265137,5236783
2013-04-02,9.850000381469727,9.949999809265137,9.649999618530273,9.850000381469727,9.850000381469727,4487972
2013-04-03,9.850000381469727,10.25,9.800000190734863,9.850000381469727,9.850000381469727,6458917
2013-04-04,9.800000190734863,9.800000190734863,9.5,9.5,9.5,4872626
2013-04-05,9.5,9.649999618530273,9.399999618530273,9.449999809265137,9.449999809265137,3649555
2013-04-08,9.5,9.600000381469727,9.399999618530273,9.449999809265137,9.449999809265137,7832786
2013-04-09,9.5,9.600000381469727,9.25,9.300000190734863,9.300000190734863,4048254
2013-04-10,9.350000381469727,9.5,8.949999809265137,9.300000190734863,9.300000190734863,5419960
2013-04-11,9.350000381469727,9.5,9.050000190734863,9.149999618530273,9.149999618530273,3377456
2013-04-12,9.0,9.199999809265137,9.0,9.149999618530273,9.149999618530273,1807764
2013-04-15,9.0,9.350000381469727,9.0,9.300000190734863,9.300000190734863,3222151
2013-04-16,9.300000190734863,9.649999618530273,9.199999809265137,9.600000381469727,9.600000381469727,4215306
2013-04-17,9.649999618530273,9.899999618530273,9.399999618530273,9.5,9.5,4253443
2013-04-18,9.600000381469727,9.699999809265137,9.399999618530273,9.649999618530273,9.649999618530273,2279596
2013-04-22,9.600000381469727,9.899999618530273,9.600000381469727,9.800000190734863,9.800000190734863,3539570
2013-04-23,9.75,9.899999618530273,9.600000381469727,9.699999809265137,9.699999809265137,2377692
2013-04-25,9.649999618530273,9.800000190734863,9.649999618530273,9.699999809265137,9.699999809265137,1688770
2013-04-26,9.699999809265137,9.800000190734863,9.300000190734863,9.399999618530273,9.399999618530273,2081524
2013-04-29,9.25,9.949999809265137,9.25,9.699999809265137,9.699999809265137,3178038
2013-04-30,9.800000190734863,9.899999618530273,9.350000381469727,9.5,9.5,2019752
2013-05-02,9.5,9.699999809265137,9.449999809265137,9.5,9.5,2131951
2013-05-03,9.5,9.600000381469727,9.300000190734863,9.350000381469727,9.350000381469727,2823016
2013-05-06,9.449999809265137,9.5,9.25,9.399999618530273,9.399999618530273,2272144
2013-05-07,9.350000381469727,9.600000381469727,9.300000190734863,9.449999809265137,9.449999809265137,3665954
2013-05-08,9.449999809265137,9.600000381469727,9.399999618530273,9.449999809265137,9.449999809265137,1800492
2013-05-09,9.5,9.550000190734863,9.25,9.300000190734863,9.300000190734863,1866252
2013-05-10,9.350000381469727,9.5,9.350000381469727,9.399999618530273,9.399999618530273,1766422
2013-05-13,9.350000381469727,9.800000190734863,9.25,9.300000190734863,9.300000190734863,5416266
2013-05-14,9.350000381469727,9.399999618530273,9.25,9.300000190734863,9.300000190734863,1212903
2013-05-15,9.350000381469727,10.100000381469727,9.149999618530273,9.350000381469727,9.350000381469727,15757674
2013-05-16,9.399999618530273,9.399999618530273,9.199999809265137,9.25,9.25,4361114
2013-05-17,9.149999618530273,9.449999809265137,9.149999618530273,9.25,9.25,4104919
2013-05-20,9.350000381469727,9.449999809265137,9.25,9.25,9.25,2755115
2013-05-21,9.25,9.300000190734863,9.0,9.050000190734863,9.050000190734863,2894741
2013-05-22,9.100000381469727,9.199999809265137,8.75,8.850000381469727,8.850000381469727,3114823
2013-05-23,8.850000381469727,8.899999618530273,8.550000190734863,8.600000381469727,8.600000381469727,3859891
2013-05-24,8.699999809265137,8.800000190734863,8.5,8.699999809265137,8.699999809265137,2846225
2013-05-27,8.800000190734863,8.850000381469727,8.649999618530273,8.699999809265137,8.699999809265137,2044578
2013-05-28,8.699999809265137,8.800000190734863,8.699999809265137,8.75,8.75,1430301
2013-05-29,8.75,8.75,8.449999809265137,8.449999809265137,8.449999809265137,1754510
2013-05-30,8.449999809265137,8.5,8.25,8.300000190734863,8.300000190734863,1796885
2013-05-31,8.350000381469727,8.350000381469727,8.050000190734863,8.100000381469727,8.100000381469727,2402999
2013-06-03,8.149999618530273,8.300000190734863,8.0,8.050000190734863,8.050000190734863,2858692
2013-06-04,8.100000381469727,8.399999618530273,8.100000381469727,8.149999618530273,8.149999618530273,2474297
2013-06-05,8.149999618530273,8.300000190734863,8.100000381469727,8.199999809265137,8.199999809265137,1892566
2013-06-06,8.100000381469727,8.25,8.050000190734863,8.149999618530273,8.149999618530273,2305540
2013-06-07,8.100000381469727,8.25,8.0,8.100000381469727,8.100000381469727,1951925
2013-06-10,8.100000381469727,8.199999809265137,7.849999904632568,7.949999809265137,7.949999809265137,2251080
2013-06-11,7.949999809265137,7.949999809265137,7.550000190734863,7.599999904632568,7.599999904632568,4528541
2013-06-12,7.599999904632568,7.650000095367432,7.150000095367432,7.349999904632568,7.349999904632568,3327618
2013-06-13,7.150000095367432,7.550000190734863,6.900000095367432,7.349999904632568,7.349999904632568,4706997
2013-06-14,7.400000095367432,8.149999618530273,7.400000095367432,7.900000095367432,7.900000095367432,5344344
2013-06-17,8.100000381469727,8.149999618530273,7.800000190734863,8.050000190734863,8.050000190734863,1996396
2013-06-18,8.050000190734863,8.5,7.800000190734863,8.350000381469727,8.350000381469727,5605139
2013-06-19,8.350000381469727,8.5,8.199999809265137,8.300000190734863,8.300000190734863,2439715
2013-06-20,8.100000381469727,8.300000190734863,7.900000095367432,7.949999809265137,7.949999809265137,2692884
2013-06-21,7.949999809265137,8.199999809265137,7.599999904632568,7.800000190734863,7.800000190734863,3368059
2013-06-24,7.75,7.75,7.150000095367432,7.300000190734863,7.300000190734863,2285619
2013-06-25,7.300000190734863,7.550000190734863,7.0,7.150000095367432,7.150000095367432,3773568
2013-06-26,7.150000095367432,7.400000095367432,6.949999809265137,7.050000190734863,7.050000190734863,2307231
2013-06-27,7.0,7.349999904632568,7.0,7.150000095367432,7.150000095367432,2089401
2013-06-28,7.300000190734863,7.400000095367432,7.199999809265137,7.300000190734863,7.300000190734863,1513444
2013-07-01,7.300000190734863,7.849999904632568,7.300000190734863,7.75,7.75,2567518
2013-07-02,7.849999904632568,7.900000095367432,7.699999809265137,7.849999904632568,7.849999904632568,1871976
2013-07-03,7.800000190734863,7.800000190734863,7.300000190734863,7.349999904632568,7.349999904632568,2470538
2013-07-04,7.300000190734863,7.5,7.300000190734863,7.400000095367432,7.400000095367432,1109226
2013-07-05,7.400000095367432,7.5,7.349999904632568,7.400000095367432,7.400000095367432,1205375
2013-07-08,7.400000095367432,7.400000095367432,7.150000095367432,7.199999809265137,7.199999809265137,1050251
2013-07-09,7.25,7.400000095367432,7.199999809265137,7.300000190734863,7.300000190734863,1230932
2013-07-10,7.349999904632568,7.449999809265137,7.199999809265137,7.300000190734863,7.300000190734863,839412
2013-07-11,7.400000095367432,7.5,7.25,7.300000190734863,7.300000190734863,886980
2013-07-12,7.349999904632568,7.400000095367432,7.150000095367432,7.199999809265137,7.199999809265137,993355
2013-07-15,7.199999809265137,7.449999809265137,7.150000095367432,7.349999904632568,7.349999904632568,1171192
2013-07-16,7.25,7.25,7.050000190734863,7.150000095367432,7.150000095367432,1362050
2013-07-17,7.199999809265137,7.349999904632568,6.949999809265137,7.099999904632568,7.099999904632568,3968050
2013-07-18,7.099999904632568,7.199999809265137,7.050000190734863,7.099999904632568,7.099999904632568,982767
2013-07-19,7.099999904632568,7.300000190734863,7.099999904632568,7.199999809265137,7.199999809265137,1443156
2013-07-22,7.25,7.25,7.0,7.050000190734863,7.050000190734863,1012204
2013-07-23,7.099999904632568,7.150000095367432,7.050000190734863,7.050000190734863,7.050000190734863,1148927
2013-07-24,7.050000190734863,7.099999904632568,6.75,6.849999904632568,6.849999904632568,1771906
2013-07-25,6.849999904632568,7.300000190734863,6.75,6.949999809265137,6.949999809265137,1904136
2013-07-26,7.050000190734863,7.099999904632568,6.650000095367432,6.699999809265137,6.699999809265137,1664662
2013-07-29,6.75,6.849999904632568,6.25,6.300000190734863,6.300000190734863,2127879
2013-07-30,6.300000190734863,6.400000095367432,6.099999904632568,6.150000095367432,6.150000095367432,1816358
2013-07-31,6.150000095367432,6.150000095367432,5.75,5.849999904632568,5.849999904632568,3319682
2013-08-01,5.900000095367432,6.099999904632568,5.650000095367432,5.849999904632568,5.849999904632568,3430463
2013-08-02,5.949999809265137,5.949999809265137,5.550000190734863,5.650000095367432,5.650000095367432,2599999
2013-08-05,5.75,5.800000190734863,5.550000190734863,5.650000095367432,5.650000095367432,1420567
2013-08-06,5.599999904632568,5.650000095367432,5.5,5.599999904632568,5.599999904632568,1524255
2013-08-07,5.599999904632568,6.449999809265137,5.550000190734863,6.25,6.25,3287625
2013-08-08,6.150000095367432,6.449999809265137,6.150000095367432,6.400000095367432,6.400000095367432,2055059
2013-08-12,6.400000095367432,7.349999904632568,6.400000095367432,7.25,7.25,5005023
2013-08-13,7.300000190734863,7.900000095367432,7.300000190734863,7.699999809265137,7.699999809265137,5548915
2013-08-14,7.800000190734863,7.900000095367432,7.25,7.349999904632568,7.349999904632568,2665219
2013-08-16,7.300000190734863,7.300000190734863,6.949999809265137,7.099999904632568,7.099999904632568,2423843
2013-08-19,7.150000095367432,7.449999809265137,6.800000190734863,7.199999809265137,7.199999809265137,2899310
2013-08-20,7.25,7.449999809265137,7.050000190734863,7.25,7.25,1368585
2013-08-21,7.349999904632568,7.5,6.75,6.849999904632568,6.849999904632568,2525671
2013-08-22,6.800000190734863,7.25,6.75,7.099999904632568,7.099999904632568,1402090
2013-08-23,7.150000095367432,7.349999904632568,7.099999904632568,7.150000095367432,7.150000095367432,1920852
2013-08-26,7.099999904632568,7.25,6.849999904632568,6.949999809265137,6.949999809265137,1524138
2013-08-27,6.949999809265137,7.050000190734863,6.650000095367432,6.699999809265137,6.699999809265137,1756957
2013-08-28,6.650000095367432,6.650000095367432,6.099999904632568,6.550000190734863,6.550000190734863,2196989
2013-08-29,6.75,7.25,6.599999904632568,7.050000190734863,7.050000190734863,5236767
2013-08-30,7.25,7.25,6.650000095367432,6.849999904632568,6.849999904632568,1642678
2013-09-02,6.949999809265137,7.050000190734863,6.650000095367432,6.75,6.75,1669087
2013-09-03,6.849999904632568,6.849999904632568,6.550000190734863,6.599999904632568,6.599999904632568,1381791
2013-09-04,6.75,6.75,6.449999809265137,6.5,6.5,1601075
2013-09-05,6.650000095367432,6.849999904632568,6.550000190734863,6.699999809265137,6.699999809265137,2316792
2013-09-06,6.75,6.900000095367432,6.599999904632568,6.800000190734863,6.800000190734863,2261369
2013-09-10,6.900000095367432,7.0,6.800000190734863,6.900000095367432,6.900000095367432,2301605
2013-09-11,6.849999904632568,7.5,6.800000190734863,7.400000095367432,7.400000095367432,6493468
2013-09-12,7.449999809265137,7.699999809265137,6.900000095367432,7.0,7.0,5411849
2013-09-13,6.949999809265137,7.5,6.949999809265137,7.25,7.25,3314399
2013-09-16,7.400000095367432,7.599999904632568,6.800000190734863,6.900000095367432,6.900000095367432,3766020
2013-09-17,7.0,7.0,6.849999904632568,6.949999809265137,6.949999809265137,1159618
2013-09-18,7.050000190734863,7.150000095367432,6.849999904632568,6.849999904632568,6.849999904632568,1769159
2013-09-19,7.0,7.300000190734863,6.900000095367432,6.949999809265137,6.949999809265137,5274947
2013-09-20,7.0,7.0,6.25,6.400000095367432,6.400000095367432,7582875
2013-09-23,6.400000095367432,6.599999904632568,6.199999809265137,6.449999809265137,6.449999809265137,2946272
2013-09-24,6.449999809265137,6.599999904632568,6.300000190734863,6.400000095367432,6.400000095367432,1591118
2013-09-25,6.449999809265137,6.75,6.400000095367432,6.599999904632568,6.599999904632568,2857676
2013-09-26,6.599999904632568,6.699999809265137,6.5,6.599999904632568,6.599999904632568,1831119
2013-09-27,6.599999904632568,6.900000095367432,6.5,6.599999904632568,6.599999904632568,2728183
2013-09-30,6.5,6.550000190734863,6.199999809265137,6.25,6.25,3178976
2013-10-01,6.25,6.449999809265137,6.25,6.349999904632568,6.349999904632568,1873451
2013-10-03,6.400000095367432,6.699999809265137,6.349999904632568,6.5,6.5,2915509
2013-10-04,6.550000190734863,6.699999809265137,6.300000190734863,6.349999904632568,6.349999904632568,4384265
2013-10-07,6.300000190734863,6.349999904632568,6.150000095367432,6.199999809265137,6.199999809265137,2721195
2013-10-08,6.400000095367432,7.400000095367432,6.300000190734863,7.300000190734863,7.300000190734863,16289412
2013-10-09,7.5,7.5,6.800000190734863,7.099999904632568,7.099999904632568,10685342
2013-10-10,7.150000095367432,7.349999904632568,6.900000095367432,7.0,7.0,4496115
2013-10-11,7.150000095367432,7.25,6.949999809265137,7.0,7.0,4908942
2013-10-14,6.900000095367432,7.300000190734863,6.900000095367432,7.099999904632568,7.099999904632568,3401020
2013-10-15,7.150000095367432,7.300000190734863,6.699999809265137,6.900000095367432,6.900000095367432,5094979
2013-10-17,6.900000095367432,7.099999904632568,6.699999809265137,6.75,6.75,3786699
2013-10-18,6.849999904632568,7.099999904632568,6.800000190734863,7.050000190734863,7.050000190734863,2623218
2013-10-21,7.0,7.349999904632568,7.0,7.199999809265137,7.199999809265137,5899628
2013-10-22,7.199999809265137,7.800000190734863,7.099999904632568,7.650000095367432,7.650000095367432,12681330
2013-10-23,7.699999809265137,7.849999904632568,7.300000190734863,7.449999809265137,7.449999809265137,5413199
2013-10-24,7.400000095367432,8.300000190734863,7.400000095367432,8.100000381469727,8.100000381469727,15022517
2013-10-25,8.199999809265137,8.350000381469727,7.849999904632568,8.0,8.0,7136597
2013-10-28,7.949999809265137,8.050000190734863,7.449999809265137,7.550000190734863,7.550000190734863,3725966
2013-10-29,7.449999809265137,7.75,7.25,7.650000095367432,7.650000095367432,5082509
2013-10-30,7.699999809265137,7.800000190734863,7.449999809265137,7.5,7.5,2893934
2013-10-31,7.550000190734863,7.650000095367432,7.050000190734863,7.199999809265137,7.199999809265137,7691436
2013-11-01,7.25,8.550000190734863,7.199999809265137,8.149999618530273,8.149999618530273,18378210
2013-11-05,8.300000190734863,8.699999809265137,7.949999809265137,8.399999618530273,8.399999618530273,8750734
2013-11-06,8.5,8.800000190734863,8.300000190734863,8.399999618530273,8.399999618530273,6046991
2013-11-07,8.449999809265137,8.5,7.75,7.900000095367432,7.900000095367432,6450440
2013-11-08,7.800000190734863,8.100000381469727,7.650000095367432,7.849999904632568,7.849999904632568,7117790
2013-11-11,7.75,7.849999904632568,7.5,7.599999904632568,7.599999904632568,3309015
2013-11-12,7.650000095367432,7.699999809265137,7.25,7.300000190734863,7.300000190734863,6005245
2013-11-13,7.199999809265137,7.849999904632568,7.199999809265137,7.5,7.5,5705606
2013-11-14,7.650000095367432,7.849999904632568,7.5,7.699999809265137,7.699999809265137,4849561
2013-11-18,7.699999809265137,8.050000190734863,7.599999904632568,7.949999809265137,7.949999809265137,4817456
2013-11-19,8.0,8.100000381469727,7.800000190734863,7.849999904632568,7.849999904632568,3617324
2013-11-20,7.949999809265137,7.949999809265137,7.650000095367432,7.699999809265137,7.699999809265137,4084524
2013-11-21,7.699999809265137,7.699999809265137,7.300000190734863,7.349999904632568,7.349999904632568,3870416
2013-11-22,7.449999809265137,7.5,7.25,7.349999904632568,7.349999904632568,2857165
2013-11-25,7.400000095367432,7.800000190734863,7.400000095367432,7.550000190734863,7.550000190734863,2946658
2013-11-26,7.400000095367432,7.550000190734863,7.300000190734863,7.400000095367432,7.400000095367432,2497549
2013-11-27,7.349999904632568,7.400000095367432,7.099999904632568,7.25,7.25,3013696
2013-11-28,7.300000190734863,7.400000095367432,7.25,7.300000190734863,7.300000190734863,2293380
2013-11-29,7.300000190734863,7.550000190734863,7.199999809265137,7.349999904632568,7.349999904632568,5165471
2013-12-02,7.300000190734863,7.550000190734863,7.25,7.449999809265137,7.449999809265137,2680431
2013-12-03,7.400000095367432,7.5,7.300000190734863,7.349999904632568,7.349999904632568,1775531
2013-12-04,7.199999809265137,7.849999904632568,7.199999809265137,7.599999904632568,7.599999904632568,9452211
2013-12-05,7.900000095367432,8.300000190734863,7.699999809265137,8.0,8.0,14837025
2013-12-06,8.0,8.25,7.900000095367432,8.199999809265137,8.199999809265137,5568675
2013-12-09,8.5,8.75,8.199999809265137,8.300000190734863,8.300000190734863,8251906
2013-12-10,8.350000381469727,9.300000190734863,7.949999809265137,9.100000381469727,9.100000381469727,23613077
2013-12-11,9.100000381469727,9.100000381469727,8.550000190734863,8.649999618530273,8.649999618530273,7552872
2013-12-12,8.600000381469727,8.649999618530273,8.199999809265137,8.25,8.25,4283518
2013-12-13,8.199999809265137,8.5,8.0,8.25,8.25,5673939
2013-12-16,8.25,8.649999618530273,8.0,8.399999618530273,8.399999618530273,7322002
2013-12-17,8.5,8.600000381469727,8.399999618530273,8.449999809265137,8.449999809265137,2995399
2013-12-18,8.449999809265137,8.649999618530273,8.399999618530273,8.5,8.5,1825590
2013-12-19,8.5,8.649999618530273,8.399999618530273,8.5,8.5,2295363
2013-12-20,8.449999809265137,9.0,8.25,8.899999618530273,8.899999618530273,11284897
2013-12-23,8.800000190734863,9.300000190734863,8.75,8.899999618530273,8.899999618530273,6499395
2013-12-24,8.949999809265137,9.149999618530273,8.850000381469727,8.899999618530273,8.899999618530273,2531133
2013-12-26,8.899999618530273,9.75,8.899999618530273,9.449999809265137,9.449999809265137,11420086
2013-12-27,9.600000381469727,9.899999618530273,9.399999618530273,9.449999809265137,9.449999809265137,5680476
2013-12-30,9.600000381469727,9.649999618530273,9.25,9.300000190734863,9.300000190734863,3541587
2013-12-31,9.399999618530273,9.899999618530273,9.350000381469727,9.449999809265137,9.449999809265137,6567670
2014-01-01,9.5,9.75,9.5,9.699999809265137,9.699999809265137,4434993
2014-01-02,9.699999809265137,9.899999618530273,8.949999809265137,9.100000381469727,9.100000381469727,6031548
2014-01-03,9.100000381469727,9.350000381469727,8.800000190734863,9.149999618530273,9.149999618530273,5640009
2014-01-06,9.199999809265137,9.800000190734863,9.100000381469727,9.649999618530273,9.649999618530273,4961582
2014-01-07,9.699999809265137,9.800000190734863,9.399999618530273,9.600000381469727,9.600000381469727,5563312
2014-01-08,9.699999809265137,9.75,9.350000381469727,9.399999618530273,9.399999618530273,3453244
2014-01-09,9.550000190734863,10.199999809265137,9.449999809265137,9.949999809265137,9.949999809265137,23690626
2014-01-10,10.149999618530273,10.699999809265137,10.100000381469727,10.199999809265137,10.199999809265137,23121219
2014-01-13,10.300000190734863,10.800000190734863,10.300000190734863,10.699999809265137,10.699999809265137,16138692
2014-01-14,10.75,10.75,10.300000190734863,10.449999809265137,10.449999809265137,6728032
2014-01-15,10.600000381469727,10.699999809265137,9.949999809265137,10.199999809265137,10.199999809265137,10286155
2014-01-16,10.300000190734863,10.399999618530273,9.899999618530273,10.0,10.0,6738438
2014-01-17,9.949999809265137,9.949999809265137,9.449999809265137,9.649999618530273,9.649999618530273,6094259
2014-01-20,9.699999809265137,9.949999809265137,9.600000381469727,9.850000381469727,9.850000381469727,2889021
2014-01-21,9.850000381469727,10.350000381469727,9.75,10.050000190734863,10.050000190734863,7464541
2014-01-22,10.0,10.199999809265137,9.850000381469727,9.899999618530273,9.899999618530273,3253423
2014-01-23,9.949999809265137,9.949999809265137,9.75,9.850000381469727,9.850000381469727,2688584
2014-01-24,9.850000381469727,10.100000381469727,9.600000381469727,9.75,9.75,5635585
2014-01-27,9.600000381469727,9.600000381469727,9.100000381469727,9.199999809265137,9.199999809265137,5763065
2014-01-28,9.0,9.399999618530273,9.0,9.149999618530273,9.149999618530273,2975360
2014-01-29,9.25,9.399999618530273,9.25,9.350000381469727,9.350000381469727,1737766
2014-01-30,9.100000381469727,9.300000190734863,9.050000190734863,9.199999809265137,9.199999809265137,3592853
2014-01-31,9.199999809265137,9.350000381469727,9.100000381469727,9.149999618530273,9.149999618530273,2008059
2014-02-03,9.100000381469727,9.600000381469727,9.100000381469727,9.199999809265137,9.199999809265137,3421043
2014-02-04,9.100000381469727,9.100000381469727,8.800000190734863,8.949999809265137,8.949999809265137,3288000
2014-02-05,9.0,9.25,9.0,9.050000190734863,9.050000190734863,2321658
2014-02-06,9.199999809265137,9.399999618530273,8.949999809265137,9.050000190734863,9.050000190734863,6822129
2014-02-07,9.149999618530273,9.350000381469727,9.100000381469727,9.149999618530273,9.149999618530273,3167613
2014-02-10,9.300000190734863,9.600000381469727,9.149999618530273,9.300000190734863,9.300000190734863,5142615
2014-02-11,9.25,9.300000190734863,9.149999618530273,9.199999809265137,9.199999809265137,1821588
2014-02-12,9.25,9.300000190734863,9.050000190734863,9.100000381469727,9.100000381469727,1879289
2014-02-13,9.100000381469727,9.199999809265137,8.649999618530273,8.75,8.75,3147594
2014-02-14,8.800000190734863,9.149999618530273,8.800000190734863,8.949999809265137,8.949999809265137,3258658
2014-02-17,8.899999618530273,9.050000190734863,8.75,8.850000381469727,8.850000381469727,1709615
2014-02-18,8.800000190734863,8.949999809265137,8.699999809265137,8.800000190734863,8.800000190734863,1320670
2014-02-19,8.800000190734863,9.0,8.699999809265137,8.800000190734863,8.800000190734863,1667688
2014-02-20,8.649999618530273,9.149999618530273,8.600000381469727,8.949999809265137,8.949999809265137,3638109
2014-02-21,8.949999809265137,9.25,8.949999809265137,9.050000190734863,9.050000190734863,2517144
2014-02-24,9.0,9.25,8.850000381469727,8.899999618530273,8.899999618530273,3101197
2014-02-25,8.949999809265137,9.199999809265137,8.850000381469727,9.149999618530273,9.149999618530273,2077679
2014-02-26,9.100000381469727,9.350000381469727,9.050000190734863,9.149999618530273,9.149999618530273,3910391
2014-02-28,9.050000190734863,9.25,9.0,9.050000190734863,9.050000190734863,2177954
2014-03-03,9.0,9.149999618530273,8.800000190734863,8.850000381469727,8.850000381469727,2771659
2014-03-04,8.850000381469727,9.0,8.800000190734863,8.899999618530273,8.899999618530273,4691073
2014-03-05,9.0,9.100000381469727,8.75,8.800000190734863,8.800000190734863,3815590
2014-03-06,8.800000190734863,9.350000381469727,8.75,9.199999809265137,9.199999809265137,6698017
2014-03-07,9.25,9.649999618530273,9.050000190734863,9.399999618530273,9.399999618530273,9457334
2014-03-10,9.350000381469727,9.800000190734863,9.300000190734863,9.75,9.75,5478861
2014-03-11,9.850000381469727,10.550000190734863,9.800000190734863,10.399999618530273,10.399999618530273,17824238
2014-03-12,10.399999618530273,10.600000381469727,10.149999618530273,10.25,10.25,5476548
2014-03-13,10.199999809265137,10.5,9.850000381469727,9.949999809265137,9.949999809265137,7857667
2014-03-14,9.949999809265137,10.100000381469727,9.699999809265137,9.850000381469727,9.850000381469727,4939925
2014-03-18,9.800000190734863,10.149999618530273,9.800000190734863,10.0,10.0,3212730
2014-03-19,10.0,10.399999618530273,10.0,10.149999618530273,10.149999618530273,3893633
2014-03-20,10.050000190734863,10.350000381469727,10.050000190734863,10.199999809265137,10.199999809265137,2936635
2014-03-21,10.25,10.350000381469727,10.100000381469727,10.199999809265137,10.199999809265137,2156424
2014-03-24,10.199999809265137,10.399999618530273,10.100000381469727,10.149999618530273,10.149999618530273,1803093
2014-03-25,10.149999618530273,10.300000190734863,10.100000381469727,10.199999809265137,10.199999809265137,1881604
2014-03-26,10.25,10.649999618530273,10.149999618530273,10.449999809265137,10.449999809265137,4742982
2014-03-27,10.600000381469727,10.949999809265137,10.5,10.850000381469727,10.850000381469727,6325154
2014-03-28,10.899999618530273,11.199999809265137,10.600000381469727,11.050000190734863,11.050000190734863,6080751
2014-03-31,11.149999618530273,11.399999618530273,10.75,11.050000190734863,11.050000190734863,4048333
2014-04-01,11.350000381469727,11.800000190734863,11.050000190734863,11.550000190734863,11.550000190734863,7030182
2014-04-02,11.649999618530273,11.75,11.300000190734863,11.600000381469727,11.600000381469727,5036127
2014-04-03,11.600000381469727,11.699999809265137,11.300000190734863,11.399999618530273,11.399999618530273,3820740
2014-04-04,11.449999809265137,12.199999809265137,11.199999809265137,12.050000190734863,12.050000190734863,8782622
2014-04-07,12.100000381469727,12.600000381469727,11.800000190734863,12.050000190734863,12.050000190734863,10721869
2014-04-09,12.449999809265137,13.100000381469727,12.399999618530273,12.899999618530273,12.899999618530273,18547735
2014-04-10,13.0,13.25,12.75,12.850000381469727,12.850000381469727,9665278
2014-04-11,12.800000190734863,13.25,12.600000381469727,12.899999618530273,12.899999618530273,9579866
2014-04-15,12.850000381469727,13.199999809265137,12.600000381469727,12.649999618530273,12.649999618530273,4790641
2014-04-16,12.75,12.899999618530273,12.050000190734863,12.100000381469727,12.100000381469727,5162836
2014-04-17,12.050000190734863,12.550000190734863,12.050000190734863,12.350000381469727,12.350000381469727,3970938
2014-04-21,12.399999618530273,13.050000190734863,12.399999618530273,12.899999618530273,12.899999618530273,5774872
2014-04-22,13.0,13.600000381469727,12.800000190734863,13.199999809265137,13.199999809265137,8650505
2014-04-23,13.300000190734863,13.449999809265137,12.899999618530273,12.949999809265137,12.949999809265137,3891819
2014-04-24,12.949999809265137,12.949999809265137,12.949999809265137,12.949999809265137,12.949999809265137,0
2014-04-25,12.899999618530273,13.300000190734863,12.899999618530273,13.100000381469727,13.100000381469727,5684602
2014-04-28,13.149999618530273,13.399999618530273,13.100000381469727,13.149999618530273,13.149999618530273,4260196
2014-04-29,13.100000381469727,13.350000381469727,12.75,12.850000381469727,12.850000381469727,4369544
2014-04-30,12.75,13.0,11.949999809265137,12.100000381469727,12.100000381469727,6040686
2014-05-02,12.5,12.550000190734863,12.25,12.399999618530273,12.399999618530273,3151127
2014-05-05,12.5,12.699999809265137,12.25,12.600000381469727,12.600000381469727,3477645
2014-05-06,12.649999618530273,12.899999618530273,12.600000381469727,12.800000190734863,12.800000190734863,3539402
2014-05-07,12.899999618530273,13.5,12.850000381469727,13.0,13.0,16803965
2014-05-08,13.100000381469727,13.399999618530273,13.0,13.100000381469727,13.100000381469727,5008139
2014-05-09,13.149999618530273,13.600000381469727,13.100000381469727,13.5,13.5,8033817
2014-05-12,13.649999618530273,14.0,13.550000190734863,13.649999618530273,13.649999618530273,10206505
2014-05-13,13.850000381469727,14.899999618530273,13.800000190734863,14.850000381469727,14.850000381469727,22536883
2014-05-14,14.949999809265137,15.149999618530273,14.5,14.850000381469727,14.850000381469727,11265419
2014-05-15,14.800000190734863,15.100000381469727,14.300000190734863,14.399999618530273,14.399999618530273,8087017
2014-05-16,15.100000381469727,15.800000190734863,14.5,14.850000381469727,14.850000381469727,24141045
2014-05-19,15.199999809265137,17.799999237060547,15.050000190734863,17.799999237060547,17.799999237060547,32687381
2014-05-20,18.25,19.649999618530273,17.75,18.25,18.25,32249712
2014-05-21,18.25,18.75,17.049999237060547,18.299999237060547,18.299999237060547,16263624
2014-05-22,18.5,19.700000762939453,18.399999618530273,18.899999618530273,18.899999618530273,19320677
2014-05-23,19.200000762939453,20.399999618530273,19.200000762939453,19.75,19.75,27330064
2014-05-26,20.25,20.899999618530273,16.799999237060547,18.0,18.0,27308897
2014-05-27,18.0,18.25,16.549999237060547,17.5,17.5,15432953
2014-05-28,17.600000381469727,18.200000762939453,17.25,17.549999237060547,17.549999237060547,10412589
2014-05-29,17.600000381469727,18.049999237060547,16.700000762939453,16.950000762939453,16.950000762939453,12976761
2014-05-30,16.700000762939453,17.0,16.200000762939453,16.350000381469727,16.350000381469727,10566968
2014-06-02,16.350000381469727,17.75,16.25,17.649999618530273,17.649999618530273,16555650
2014-06-03,17.799999237060547,17.850000381469727,17.25,17.549999237060547,17.549999237060547,8908128
2014-06-04,17.5,18.200000762939453,17.399999618530273,18.049999237060547,18.049999237060547,11886000
2014-06-05,18.149999618530273,19.0,17.75,18.799999237060547,18.799999237060547,14272084
2014-06-06,19.25,19.549999237060547,18.5,18.799999237060547,18.799999237060547,16273649
2014-06-09,18.950000762939453,20.649999618530273,18.899999618530273,20.399999618530273,20.399999618530273,31365492
2014-06-10,19.950000762939453,20.0,18.649999618530273,19.399999618530273,19.399999618530273,21314009
2014-06-11,19.549999237060547,19.799999237060547,18.299999237060547,18.549999237060547,18.549999237060547,14840391
2014-06-12,18.399999618530273,18.649999618530273,17.549999237060547,17.799999237060547,17.799999237060547,7814652
2014-06-13,18.0,18.0,16.950000762939453,16.950000762939453,16.950000762939453,3010329
2014-06-16,16.899999618530273,17.25,16.149999618530273,17.149999618530273,17.149999618530273,3660539
2014-06-17,17.200000762939453,18.0,16.899999618530273,18.0,18.0,2295246
2014-06-18,18.100000381469727,18.350000381469727,17.149999618530273,17.649999618530273,17.649999618530273,2646505
2014-06-19,17.5,17.899999618530273,16.799999237060547,17.0,17.0,1378519
2014-06-20,17.450000762939453,17.450000762939453,16.149999618530273,16.149999618530273,16.149999618530273,4274164
2014-06-23,16.25,16.649999618530273,15.75,16.25,16.25,1729562
2014-06-24,16.25,17.049999237060547,16.25,16.950000762939453,16.950000762939453,2236804
2014-06-25,17.100000381469727,17.75,17.0,17.649999618530273,17.649999618530273,3108047
2014-06-26,17.75,18.5,17.25,18.450000762939453,18.450000762939453,5259887
2014-06-27,18.600000381469727,19.049999237060547,18.25,18.899999618530273,18.899999618530273,3955985
2014-06-30,19.0,19.450000762939453,18.5,19.149999618530273,19.149999618530273,9831499
2014-07-01,19.25,19.299999237060547,18.450000762939453,18.649999618530273,18.649999618530273,7747793
2014-07-02,18.850000381469727,19.25,18.799999237060547,18.899999618530273,18.899999618530273,5776447
2014-07-03,19.0,19.100000381469727,18.299999237060547,18.600000381469727,18.600000381469727,4474836
2014-07-04,18.700000762939453,19.200000762939453,18.350000381469727,18.899999618530273,18.899999618530273,6680658
2014-07-07,19.100000381469727,19.25,18.75,18.799999237060547,18.799999237060547,4563551
2014-07-08,18.75,18.850000381469727,17.899999618530273,17.899999618530273,17.899999618530273,6278103
2014-07-09,17.100000381469727,17.450000762939453,17.049999237060547,17.049999237060547,17.049999237060547,5005124
2014-07-10,16.799999237060547,17.899999618530273,16.25,16.950000762939453,16.950000762939453,12393882
2014-07-11,16.950000762939453,17.299999237060547,16.149999618530273,16.149999618530273,16.149999618530273,5432392
2014-07-14,16.049999237060547,16.299999237060547,15.350000381469727,15.350000381469727,15.350000381469727,3308686
2014-07-15,15.199999809265137,16.0,14.899999618530273,15.899999618530273,15.899999618530273,4292623
2014-07-16,16.399999618530273,16.649999618530273,16.100000381469727,16.649999618530273,16.649999618530273,3294757
2014-07-17,16.899999618530273,17.0,16.450000762939453,16.549999237060547,16.549999237060547,2736209
2014-07-18,16.399999618530273,16.450000762939453,16.0,16.25,16.25,1867929
2014-07-21,16.350000381469727,16.600000381469727,15.899999618530273,16.0,16.0,2119103
2014-07-22,15.850000381469727,16.299999237060547,15.399999618530273,15.600000381469727,15.600000381469727,3245715
2014-07-23,15.800000190734863,16.350000381469727,15.550000190734863,15.699999809265137,15.699999809265137,4848400
2014-07-24,15.800000190734863,15.800000190734863,15.149999618530273,15.25,15.25,2985209
2014-07-25,15.25,15.350000381469727,14.649999618530273,14.850000381469727,14.850000381469727,2746234
2014-07-28,14.850000381469727,15.0,14.149999618530273,14.149999618530273,14.149999618530273,2135024
2014-07-30,14.0,14.149999618530273,13.5,14.0,14.0,4680360
2014-07-31,14.0,14.600000381469727,13.800000190734863,14.25,14.25,2471300
2014-08-01,14.149999618530273,14.949999809265137,13.699999809265137,14.550000190734863,14.550000190734863,4691467
2014-08-04,14.75,14.850000381469727,14.449999809265137,14.600000381469727,14.600000381469727,1935574
2014-08-05,14.800000190734863,14.899999618530273,14.25,14.800000190734863,14.800000190734863,2071616
2014-08-06,14.800000190734863,14.899999618530273,14.149999618530273,14.25,14.25,2826296
2014-08-07,14.25,14.399999618530273,13.949999809265137,14.0,14.0,2328975
2014-08-08,13.899999618530273,13.899999618530273,13.5,13.550000190734863,13.550000190734863,2306696
2014-08-11,13.75,14.100000381469727,13.699999809265137,13.75,13.75,1950468
2014-08-12,13.800000190734863,13.899999618530273,13.649999618530273,13.75,13.75,1153844
2014-08-13,13.649999618530273,13.75,13.100000381469727,13.100000381469727,13.100000381469727,3009176
2014-08-14,12.800000190734863,13.050000190734863,12.449999809265137,12.899999618530273,12.899999618530273,8961722
2014-08-18,12.800000190734863,13.5,12.75,13.5,13.5,2819527
2014-08-19,13.699999809265137,13.800000190734863,13.25,13.550000190734863,13.550000190734863,2682098
2014-08-20,13.550000190734863,14.100000381469727,13.300000190734863,13.699999809265137,13.699999809265137,3273035
2014-08-21,13.649999618530273,13.899999618530273,13.350000381469727,13.399999618530273,13.399999618530273,2025857
2014-08-22,13.5,13.600000381469727,12.800000190734863,13.199999809265137,13.199999809265137,2563922
2014-08-25,13.199999809265137,13.800000190734863,12.649999618530273,12.75,12.75,4411241
2014-08-26,12.600000381469727,13.0,12.25,12.399999618530273,12.399999618530273,3416064
2014-08-27,12.5,13.0,12.399999618530273,13.0,13.0,2128562
2014-08-28,13.649999618530273,13.649999618530273,13.350000381469727,13.649999618530273,13.649999618530273,4341926
2014-09-01,14.149999618530273,14.300000190734863,13.550000190734863,13.949999809265137,13.949999809265137,7300594
2014-09-02,14.0,14.199999809265137,13.550000190734863,13.649999618530273,13.649999618530273,4895132
2014-09-03,13.899999618530273,14.0,13.0,13.300000190734863,13.300000190734863,4157296
2014-09-04,13.149999618530273,13.199999809265137,12.649999618530273,12.949999809265137,12.949999809265137,3440854
2014-09-05,13.0,13.149999618530273,12.699999809265137,12.899999618530273,12.899999618530273,2026430
2014-09-08,13.0,13.550000190734863,12.899999618530273,13.199999809265137,13.199999809265137,2671744
2014-09-09,13.199999809265137,13.300000190734863,12.800000190734863,12.899999618530273,12.899999618530273,2329676
2014-09-10,12.699999809265137,13.649999618530273,12.699999809265137,12.949999809265137,12.949999809265137,5996919
2014-09-11,13.0,13.199999809265137,12.75,12.800000190734863,12.800000190734863,4551002
2014-09-12,12.850000381469727,13.0,12.600000381469727,12.699999809265137,12.699999809265137,3420617
2014-09-15,12.899999618530273,12.899999618530273,12.100000381469727,12.199999809265137,12.199999809265137,6550662
2014-09-16,12.199999809265137,12.5,11.75,11.800000190734863,11.800000190734863,4094851
2014-09-17,11.949999809265137,12.0,11.300000190734863,11.449999809265137,11.449999809265137,4992486
2014-09-18,11.300000190734863,11.850000381469727,11.199999809265137,11.600000381469727,11.600000381469727,5670138
2014-09-19,11.899999618530273,12.0,11.550000190734863,11.649999618530273,11.649999618530273,3588948
2014-09-22,11.600000381469727,11.600000381469727,11.25,11.300000190734863,11.300000190734863,2797095
2014-09-23,11.300000190734863,11.449999809265137,10.800000190734863,10.949999809265137,10.949999809265137,5920878
2014-09-24,10.800000190734863,11.0,10.100000381469727,10.199999809265137,10.199999809265137,5448610
2014-09-25,10.199999809265137,10.350000381469727,9.399999618530273,9.75,9.75,6988951
2014-09-26,9.600000381469727,10.199999809265137,9.600000381469727,9.949999809265137,9.949999809265137,5166628
2014-09-29,10.300000190734863,10.600000381469727,10.0,10.350000381469727,10.350000381469727,3604004
2014-09-30,10.399999618530273,10.600000381469727,10.050000190734863,10.149999618530273,10.149999618530273,1985001
2014-10-01,10.199999809265137,10.300000190734863,9.949999809265137,10.149999618530273,10.149999618530273,2108003
2014-10-07,10.0,10.350000381469727,9.800000190734863,9.899999618530273,9.899999618530273,3940327
2014-10-08,9.949999809265137,10.149999618530273,9.600000381469727,9.649999618530273,9.649999618530273,4174268
2014-10-09,9.850000381469727,10.350000381469727,9.800000190734863,9.949999809265137,9.949999809265137,6442053
2014-10-10,10.0,10.5,9.899999618530273,10.149999618530273,10.149999618530273,5735933
2014-10-13,10.149999618530273,10.300000190734863,9.899999618530273,10.100000381469727,10.100000381469727,1784687
2014-10-14,10.100000381469727,10.199999809265137,9.850000381469727,9.949999809265137,9.949999809265137,1907980
2014-10-15,9.949999809265137,9.949999809265137,9.949999809265137,9.949999809265137,9.949999809265137,0
2014-10-16,9.899999618530273,10.0,9.550000190734863,9.600000381469727,9.600000381469727,2816396
2014-10-17,9.600000381469727,9.899999618530273,9.5,9.800000190734863,9.800000190734863,2793507
2014-10-20,9.850000381469727,10.050000190734863,9.050000190734863,9.199999809265137,9.199999809265137,4554581
2014-10-21,9.199999809265137,9.399999618530273,9.100000381469727,9.149999618530273,9.149999618530273,3566664
2014-10-22,9.300000190734863,9.75,9.199999809265137,9.649999618530273,9.649999618530273,3236046
2014-10-27,10.199999809265137,10.300000190734863,9.800000190734863,9.800000190734863,9.800000190734863,2503286
2014-10-28,9.850000381469727,10.149999618530273,9.649999618530273,9.949999809265137,9.949999809265137,3486142
2014-10-29,10.199999809265137,10.350000381469727,9.800000190734863,10.100000381469727,10.100000381469727,9580053
2014-10-30,10.100000381469727,11.050000190734863,9.899999618530273,10.649999618530273,10.649999618530273,9139709
2014-10-31,10.699999809265137,11.800000190734863,10.600000381469727,11.699999809265137,11.699999809265137,17728306
2014-11-03,11.800000190734863,13.0,11.0,12.5,12.5,19670828
2014-11-05,12.600000381469727,13.100000381469727,12.399999618530273,12.550000190734863,12.550000190734863,9437973
2014-11-07,12.600000381469727,12.75,12.0,12.449999809265137,12.449999809265137,6665888
2014-11-10,12.5,12.75,12.100000381469727,12.199999809265137,12.199999809265137,3542455
2014-11-11,12.25,12.649999618530273,11.649999618530273,12.5,12.5,7531588
2014-11-12,12.600000381469727,12.649999618530273,12.199999809265137,12.300000190734863,12.300000190734863,3586597
2014-11-13,12.25,12.300000190734863,11.800000190734863,11.850000381469727,11.850000381469727,4228035
2014-11-14,11.800000190734863,12.649999618530273,11.649999618530273,12.199999809265137,12.199999809265137,5762398
2014-11-17,11.75,12.0,11.5,11.850000381469727,11.850000381469727,4237984
2014-11-18,12.0,12.399999618530273,11.949999809265137,12.0,12.0,2984433
2014-11-19,12.0,12.300000190734863,11.949999809265137,12.199999809265137,12.199999809265137,4490822
2014-11-20,12.300000190734863,12.300000190734863,11.5,11.850000381469727,11.850000381469727,3048422
2014-11-21,11.850000381469727,12.100000381469727,11.5,11.600000381469727,11.600000381469727,2503352
2014-11-24,11.699999809265137,11.800000190734863,11.149999618530273,11.25,11.25,3038337
2014-11-25,11.300000190734863,11.600000381469727,10.25,10.600000381469727,10.600000381469727,5036989
2014-11-26,10.649999618530273,11.300000190734863,10.550000190734863,11.0,11.0,3674174
2014-11-27,11.100000381469727,11.300000190734863,11.0,11.149999618530273,11.149999618530273,3831277
2014-11-28,11.100000381469727,11.25,11.0,11.0,11.0,2645172
2014-12-01,11.100000381469727,11.100000381469727,10.5,10.550000190734863,10.550000190734863,3052539
2014-12-02,10.699999809265137,10.699999809265137,10.100000381469727,10.300000190734863,10.300000190734863,5199011
2014-12-03,10.300000190734863,11.050000190734863,10.199999809265137,10.699999809265137,10.699999809265137,6018073
2014-12-04,10.850000381469727,10.899999618530273,10.350000381469727,10.399999618530273,10.399999618530273,4142285
2014-12-05,10.399999618530273,10.600000381469727,10.25,10.300000190734863,10.300000190734863,3242415
2014-12-08,10.399999618530273,10.399999618530273,10.0,10.050000190734863,10.050000190734863,3456248
2014-12-09,10.0,10.100000381469727,9.75,9.800000190734863,9.800000190734863,3798619
2014-12-10,9.850000381469727,10.050000190734863,9.699999809265137,9.75,9.75,4235910
2014-12-11,9.800000190734863,10.050000190734863,9.600000381469727,9.800000190734863,9.800000190734863,3637903
2014-12-12,9.850000381469727,9.949999809265137,9.350000381469727,9.550000190734863,9.550000190734863,4230139
2014-12-15,9.5,9.75,9.300000190734863,9.550000190734863,9.550000190734863,2580503
2014-12-16,9.600000381469727,9.699999809265137,9.0,9.050000190734863,9.050000190734863,5029409
2014-12-17,9.050000190734863,9.149999618530273,8.449999809265137,8.850000381469727,8.850000381469727,6999451
2014-12-18,8.949999809265137,9.449999809265137,8.949999809265137,9.350000381469727,9.350000381469727,2574333
2014-12-19,9.5,9.649999618530273,8.800000190734863,8.899999618530273,8.899999618530273,5571122
2014-12-22,8.899999618530273,9.199999809265137,8.699999809265137,9.050000190734863,9.050000190734863,3498033
2014-12-23,9.100000381469727,9.199999809265137,8.850000381469727,9.0,9.0,1837596
2014-12-24,9.0,9.199999809265137,8.850000381469727,9.0,9.0,2071187
2014-12-26,9.100000381469727,9.300000190734863,9.0,9.149999618530273,9.149999618530273,1772599
2014-12-29,9.100000381469727,9.25,9.0,9.050000190734863,9.050000190734863,2927363
2014-12-30,9.0,9.100000381469727,8.75,8.850000381469727,8.850000381469727,3436531
2014-12-31,8.800000190734863,9.0,8.699999809265137,8.800000190734863,8.800000190734863,2680460
2015-01-01,8.949999809265137,9.5,8.850000381469727,9.399999618530273,9.399999618530273,5492441
2015-01-02,9.5,9.699999809265137,9.25,9.300000190734863,9.300000190734863,5926138
2015-01-05,9.300000190734863,9.449999809265137,9.050000190734863,9.100000381469727,9.100000381469727,4424081
2015-01-06,9.0,9.100000381469727,8.850000381469727,8.899999618530273,8.899999618530273,4025593
2015-01-07,9.0,9.0,8.75,8.800000190734863,8.800000190734863,5346822
2015-01-08,8.949999809265137,9.300000190734863,8.949999809265137,9.199999809265137,9.199999809265137,6289779
2015-01-09,9.25,9.350000381469727,8.949999809265137,9.050000190734863,9.050000190734863,3400390
2015-01-12,9.0,9.5,8.899999618530273,9.449999809265137,9.449999809265137,5037270
2015-01-13,9.5,9.600000381469727,9.149999618530273,9.199999809265137,9.199999809265137,2013410
2015-01-14,9.149999618530273,9.399999618530273,9.100000381469727,9.149999618530273,9.149999618530273,2195562
2015-01-15,9.550000190734863,10.199999809265137,9.300000190734863,10.0,10.0,12906087
2015-01-16,10.050000190734863,10.050000190734863,9.699999809265137,9.800000190734863,9.800000190734863,4289280
2015-01-19,10.050000190734863,10.550000190734863,9.949999809265137,10.25,10.25,7218413
2015-01-20,10.350000381469727,10.399999618530273,10.050000190734863,10.100000381469727,10.100000381469727,3146551
2015-01-21,10.100000381469727,10.350000381469727,10.0,10.149999618530273,10.149999618530273,4522225
2015-01-22,10.25,10.25,9.800000190734863,9.850000381469727,9.850000381469727,3458138
2015-01-23,10.050000190734863,10.300000190734863,9.5,10.050000190734863,10.050000190734863,5932781
2015-01-27,10.100000381469727,10.149999618530273,9.75,9.800000190734863,9.800000190734863,2208079
2015-01-28,9.800000190734863,10.100000381469727,9.649999618530273,9.699999809265137,9.699999809265137,3102500
2015-01-29,9.699999809265137,10.050000190734863,9.600000381469727,9.899999618530273,9.899999618530273,3136500
2015-01-30,10.0,10.75,9.850000381469727,10.600000381469727,10.600000381469727,12475728
2015-02-02,10.600000381469727,11.199999809265137,10.5,11.149999618530273,11.149999618530273,10954630
2015-02-03,11.199999809265137,11.25,10.300000190734863,10.600000381469727,10.600000381469727,7353557
2015-02-04,10.649999618530273,10.850000381469727,10.300000190734863,10.449999809265137,10.449999809265137,3773338
2015-02-05,10.5,10.649999618530273,9.800000190734863,9.949999809265137,9.949999809265137,4046627
2015-02-06,9.899999618530273,10.199999809265137,9.649999618530273,9.75,9.75,5001836
2015-02-09,9.649999618530273,9.850000381469727,9.449999809265137,9.5,9.5,2651450
2015-02-10,9.449999809265137,9.899999618530273,9.399999618530273,9.449999809265137,9.449999809265137,4069228
2015-02-11,9.649999618530273,9.899999618530273,9.449999809265137,9.850000381469727,9.850000381469727,3019154
2015-02-12,9.949999809265137,10.399999618530273,9.949999809265137,10.300000190734863,10.300000190734863,4933750
2015-02-13,10.399999618530273,10.399999618530273,9.800000190734863,9.899999618530273,9.899999618530273,3902437
2015-02-16,9.899999618530273,10.0,9.649999618530273,9.699999809265137,9.699999809265137,2924675
2015-02-18,9.800000190734863,10.899999618530273,9.75,10.550000190734863,10.550000190734863,13791358
2015-02-19,10.5,10.550000190734863,9.899999618530273,10.25,10.25,7668581
2015-02-20,10.300000190734863,10.399999618530273,9.899999618530273,10.100000381469727,10.100000381469727,5645816
2015-02-23,10.100000381469727,10.300000190734863,9.949999809265137,9.949999809265137,9.949999809265137,3269973
2015-02-24,10.199999809265137,10.199999809265137,9.800000190734863,9.899999618530273,9.899999618530273,2970848
2015-02-25,10.0,10.050000190734863,9.75,9.800000190734863,9.800000190734863,3373108
2015-02-26,9.800000190734863,9.850000381469727,9.550000190734863,9.699999809265137,9.699999809265137,3047450
2015-02-27,9.850000381469727,10.25,9.75,10.199999809265137,10.199999809265137,5378937
2015-03-02,10.350000381469727,10.350000381469727,9.699999809265137,9.899999618530273,9.899999618530273,5198845
2015-03-03,9.949999809265137,10.050000190734863,9.800000190734863,9.850000381469727,9.850000381469727,2298730
2015-03-04,10.0,10.199999809265137,9.600000381469727,9.649999618530273,9.649999618530273,5777027
2015-03-05,9.699999809265137,9.75,9.399999618530273,9.550000190734863,9.550000190734863,4247901
2015-03-09,9.550000190734863,9.600000381469727,9.199999809265137,9.25,9.25,3509811
2015-03-10,9.300000190734863,9.5,9.149999618530273,9.199999809265137,9.199999809265137,3413468
2015-03-11,9.300000190734863,9.5,9.149999618530273,9.25,9.25,5975079
2015-03-12,9.25,9.5,9.25,9.350000381469727,9.350000381469727,2967258
2015-03-13,9.5,9.550000190734863,9.100000381469727,9.149999618530273,9.149999618530273,3595349
2015-03-16,9.25,9.25,8.75,8.899999618530273,8.899999618530273,4887143
2015-03-17,9.0,9.0,8.800000190734863,8.899999618530273,8.899999618530273,3080055
2015-03-18,8.949999809265137,8.949999809265137,8.300000190734863,8.399999618530273,8.399999618530273,9768509
2015-03-19,8.5,8.649999618530273,8.449999809265137,8.5,8.5,3225798
2015-03-20,8.550000190734863,8.550000190734863,8.100000381469727,8.199999809265137,8.199999809265137,3701123
2015-03-23,8.399999618530273,8.5,8.0,8.199999809265137,8.199999809265137,4577044
2015-03-24,8.149999618530273,8.25,7.900000095367432,8.0,8.0,3647517
2015-03-25,8.050000190734863,8.149999618530273,7.75,7.849999904632568,7.849999904632568,4448563
2015-03-26,7.949999809265137,8.149999618530273,7.849999904632568,7.949999809265137,7.949999809265137,5021823
2015-03-27,8.100000381469727,8.149999618530273,7.900000095367432,8.0,8.0,3581278
2015-03-30,8.0,8.350000381469727,8.0,8.100000381469727,8.100000381469727,3310049
2015-03-31,8.550000190734863,9.699999809265137,8.5,9.550000190734863,9.550000190734863,35163065
2015-04-01,9.550000190734863,9.850000381469727,9.300000190734863,9.600000381469727,9.600000381469727,8425619
2015-04-06,9.649999618530273,9.699999809265137,9.199999809265137,9.300000190734863,9.300000190734863,6012180
2015-04-07,9.350000381469727,9.449999809265137,9.100000381469727,9.350000381469727,9.350000381469727,4578439
2015-04-08,9.350000381469727,9.449999809265137,9.25,9.399999618530273,9.399999618530273,3366183
2015-04-09,9.649999618530273,9.699999809265137,9.350000381469727,9.399999618530273,9.399999618530273,4878156
2015-04-10,9.399999618530273,9.800000190734863,9.25,9.699999809265137,9.699999809265137,9665499
2015-04-13,9.800000190734863,10.0,9.600000381469727,9.649999618530273,9.649999618530273,5252194
2015-04-15,9.649999618530273,9.699999809265137,9.399999618530273,9.5,9.5,2586550
2015-04-16,9.5,9.600000381469727,9.199999809265137,9.25,9.25,2932270
2015-04-17,9.300000190734863,9.449999809265137,9.149999618530273,9.199999809265137,9.199999809265137,3472914
2015-04-20,9.199999809265137,9.25,8.899999618530273,8.949999809265137,8.949999809265137,2451119
2015-04-21,8.899999618530273,9.149999618530273,8.850000381469727,8.949999809265137,8.949999809265137,3378247
2015-04-22,9.0,9.100000381469727,8.800000190734863,8.899999618530273,8.899999618530273,2493136
2015-04-23,8.949999809265137,9.050000190734863,8.699999809265137,8.75,8.75,1817345
2015-04-24,8.800000190734863,8.800000190734863,8.5,8.550000190734863,8.550000190734863,2487660
2015-04-27,8.600000381469727,8.649999618530273,8.199999809265137,8.25,8.25,2114077
2015-04-28,8.25,8.550000190734863,8.149999618530273,8.449999809265137,8.449999809265137,2139967
2015-04-29,8.5,8.800000190734863,8.350000381469727,8.600000381469727,8.600000381469727,1827349
2015-04-30,8.5,8.75,8.350000381469727,8.550000190734863,8.550000190734863,2585345
2015-05-04,8.649999618530273,8.899999618530273,8.649999618530273,8.850000381469727,8.850000381469727,2019912
2015-05-05,8.850000381469727,9.100000381469727,8.649999618530273,8.800000190734863,8.800000190734863,1733033
2015-05-06,8.899999618530273,8.899999618530273,8.399999618530273,8.5,8.5,2912381
2015-05-07,8.5,8.5,8.25,8.300000190734863,8.300000190734863,1638940
2015-05-08,8.399999618530273,8.550000190734863,8.350000381469727,8.350000381469727,8.350000381469727,1175782
2015-05-11,8.449999809265137,8.550000190734863,8.350000381469727,8.399999618530273,8.399999618530273,1261675
2015-05-12,8.449999809265137,8.550000190734863,8.199999809265137,8.25,8.25,1709939
2015-05-13,8.300000190734863,8.449999809265137,8.149999618530273,8.25,8.25,1468795
2015-05-14,8.300000190734863,8.300000190734863,8.149999618530273,8.199999809265137,8.199999809265137,1593172
2015-05-15,8.199999809265137,8.300000190734863,8.149999618530273,8.149999618530273,8.149999618530273,1661456
2015-05-18,8.5,8.800000190734863,8.350000381469727,8.5,8.5,3771348
2015-05-19,8.550000190734863,8.550000190734863,8.300000190734863,8.350000381469727,8.350000381469727,1902572
2015-05-20,8.399999618530273,8.5,8.300000190734863,8.300000190734863,8.300000190734863,972197
2015-05-21,8.350000381469727,8.5,8.199999809265137,8.449999809265137,8.449999809265137,1893608
2015-05-22,8.449999809265137,8.5,8.350000381469727,8.350000381469727,8.350000381469727,1158919
2015-05-25,8.300000190734863,8.399999618530273,8.199999809265137,8.199999809265137,8.199999809265137,1185823
2015-05-26,8.25,8.399999618530273,8.199999809265137,8.199999809265137,8.199999809265137,882893
2015-05-27,8.199999809265137,8.25,8.100000381469727,8.149999618530273,8.149999618530273,1281102
2015-05-28,8.149999618530273,8.25,8.100000381469727,8.149999618530273,8.149999618530273,888699
2015-05-29,8.199999809265137,8.25,8.0,8.050000190734863,8.050000190734863,2229436
2015-06-01,8.100000381469727,8.149999618530273,8.050000190734863,8.100000381469727,8.100000381469727,736591
2015-06-02,8.100000381469727,8.149999618530273,7.949999809265137,8.0,8.0,1237639
2015-06-03,8.0,8.0,7.300000190734863,7.699999809265137,7.699999809265137,5573645
2015-06-04,7.800000190734863,7.900000095367432,7.400000095367432,7.550000190734863,7.550000190734863,3539493
2015-06-05,7.650000095367432,8.25,7.650000095367432,7.949999809265137,7.949999809265137,5607838
2015-06-08,8.100000381469727,8.5,7.800000190734863,8.149999618530273,8.149999618530273,2777388
2015-06-09,8.399999618530273,8.5,8.199999809265137,8.300000190734863,8.300000190734863,3121584
2015-06-10,8.25,8.300000190734863,7.949999809265137,8.0,8.0,2459583
2015-06-11,8.0,8.050000190734863,7.699999809265137,7.75,7.75,1388525
2015-06-12,7.800000190734863,7.949999809265137,7.599999904632568,7.75,7.75,1814431
2015-06-15,7.699999809265137,7.900000095367432,7.599999904632568,7.75,7.75,1156781
2015-06-16,7.75,7.800000190734863,7.650000095367432,7.800000190734863,7.800000190734863,683553
2015-06-17,7.800000190734863,8.25,7.800000190734863,8.100000381469727,8.100000381469727,2051181
2015-06-18,8.300000190734863,8.350000381469727,8.0,8.100000381469727,8.100000381469727,1528127
2015-06-19,8.050000190734863,8.199999809265137,8.0,8.050000190734863,8.050000190734863,1066999
2015-06-22,8.149999618530273,8.5,8.050000190734863,8.399999618530273,8.399999618530273,3020506
2015-06-23,8.5,8.600000381469727,8.199999809265137,8.25,8.25,2538127
2015-06-24,8.300000190734863,8.449999809265137,8.100000381469727,8.199999809265137,8.199999809265137,1287980
2015-06-25,8.100000381469727,8.350000381469727,8.0,8.25,8.25,1746677
2015-06-26,8.199999809265137,9.350000381469727,8.100000381469727,9.100000381469727,9.100000381469727,14458732
2015-06-29,8.850000381469727,9.75,8.699999809265137,9.449999809265137,9.449999809265137,12425131
2015-06-30,9.350000381469727,9.600000381469727,9.149999618530273,9.300000190734863,9.300000190734863,5338858
2015-07-01,9.199999809265137,9.399999618530273,9.149999618530273,9.25,9.25,2447888
2015-07-02,9.25,9.399999618530273,9.100000381469727,9.199999809265137,9.199999809265137,2735815
2015-07-03,9.199999809265137,9.300000190734863,9.0,9.0,9.0,2417562
2015-07-06,8.800000190734863,9.300000190734863,8.699999809265137,9.25,9.25,3606630
2015-07-07,9.199999809265137,9.399999618530273,9.050000190734863,9.100000381469727,9.100000381469727,2595257
2015-07-08,9.100000381469727,9.100000381469727,8.800000190734863,8.850000381469727,8.850000381469727,2847953
2015-07-09,8.899999618530273,9.050000190734863,8.75,8.850000381469727,8.850000381469727,1703649
2015-07-10,8.949999809265137,9.25,8.899999618530273,9.199999809265137,9.199999809265137,2773601
2015-07-13,9.25,9.350000381469727,9.0,9.050000190734863,9.050000190734863,2823896
2015-07-14,9.100000381469727,9.399999618530273,9.0,9.050000190734863,9.050000190734863,3678568
2015-07-15,9.100000381469727,9.399999618530273,9.050000190734863,9.350000381469727,9.350000381469727,3518285
2015-07-16,9.350000381469727,10.300000190734863,9.350000381469727,10.149999618530273,10.149999618530273,14394967
2015-07-17,10.350000381469727,10.550000190734863,9.899999618530273,9.949999809265137,9.949999809265137,14991209
2015-07-20,10.050000190734863,10.100000381469727,9.699999809265137,9.75,9.75,3081295
2015-07-21,9.800000190734863,9.899999618530273,9.100000381469727,9.199999809265137,9.199999809265137,4330599
2015-07-22,9.300000190734863,9.550000190734863,9.149999618530273,9.25,9.25,3402573
2015-07-23,9.300000190734863,9.850000381469727,9.149999618530273,9.699999809265137,9.699999809265137,5058859
2015-07-24,9.699999809265137,10.0,9.550000190734863,9.899999618530273,9.899999618530273,7599130
2015-07-27,10.149999618530273,10.199999809265137,9.300000190734863,9.350000381469727,9.350000381469727,5398843
2015-07-28,9.449999809265137,9.600000381469727,9.050000190734863,9.100000381469727,9.100000381469727,3336449
2015-07-29,9.199999809265137,9.399999618530273,9.149999618530273,9.199999809265137,9.199999809265137,1958697
2015-07-30,9.25,9.649999618530273,9.149999618530273,9.25,9.25,3480083
2015-07-31,9.25,9.399999618530273,8.899999618530273,9.050000190734863,9.050000190734863,4058351
2015-08-03,9.100000381469727,9.399999618530273,9.050000190734863,9.25,9.25,2470115
2015-08-04,9.25,9.350000381469727,9.100000381469727,9.199999809265137,9.199999809265137,1817976
2015-08-05,9.25,9.5,9.100000381469727,9.199999809265137,9.199999809265137,6108415
2015-08-06,9.199999809265137,9.399999618530273,9.100000381469727,9.300000190734863,9.300000190734863,2770972
2015-08-07,9.300000190734863,9.350000381469727,9.100000381469727,9.100000381469727,9.100000381469727,2184269
2015-08-10,9.149999618530273,9.399999618530273,9.050000190734863,9.100000381469727,9.100000381469727,2478389
2015-08-11,9.199999809265137,9.199999809265137,8.899999618530273,9.0,9.0,2222543
2015-08-12,9.0,9.0,8.649999618530273,8.699999809265137,8.699999809265137,2414214
2015-08-13,8.850000381469727,9.050000190734863,8.350000381469727,8.449999809265137,8.449999809265137,4848618
2015-08-14,8.699999809265137,8.850000381469727,8.649999618530273,8.75,8.75,2781021
2015-08-17,8.800000190734863,8.800000190734863,8.550000190734863,8.649999618530273,8.649999618530273,1345038
2015-08-18,8.75,8.850000381469727,8.699999809265137,8.699999809265137,8.699999809265137,1260199
2015-08-19,8.699999809265137,9.050000190734863,8.699999809265137,8.899999618530273,8.899999618530273,3161781
2015-08-20,8.850000381469727,8.899999618530273,8.5,8.550000190734863,8.550000190734863,1697018
2015-08-21,8.5,8.649999618530273,8.300000190734863,8.449999809265137,8.449999809265137,2612949
2015-08-24,8.100000381469727,8.25,7.550000190734863,7.75,7.75,4009685
2015-08-25,8.0,8.300000190734863,7.150000095367432,7.5,7.5,6564413
2015-08-26,7.550000190734863,7.550000190734863,7.300000190734863,7.400000095367432,7.400000095367432,3371073
2015-08-27,7.75,7.75,7.400000095367432,7.449999809265137,7.449999809265137,3375281
2015-08-28,7.550000190734863,7.599999904632568,7.300000190734863,7.349999904632568,7.349999904632568,4702283
2015-08-31,7.400000095367432,7.449999809265137,7.300000190734863,7.349999904632568,7.349999904632568,2068072
2015-09-01,7.300000190734863,7.349999904632568,7.050000190734863,7.099999904632568,7.099999904632568,3283177
2015-09-02,7.099999904632568,7.199999809265137,6.900000095367432,6.900000095367432,6.900000095367432,3375889
2015-09-03,7.0,7.0,6.900000095367432,7.0,7.0,1661262
2015-09-04,7.0,7.0,6.699999809265137,6.900000095367432,6.900000095367432,4539460
2015-09-07,7.0,7.449999809265137,7.0,7.150000095367432,7.150000095367432,3914644
2015-09-08,7.25,7.550000190734863,7.150000095367432,7.150000095367432,7.150000095367432,5302603
2015-09-09,7.25,7.300000190734863,7.0,7.099999904632568,7.099999904632568,4080354
2015-09-10,6.900000095367432,7.050000190734863,6.800000190734863,6.900000095367432,6.900000095367432,3963710
2015-09-11,6.949999809265137,7.050000190734863,6.800000190734863,6.900000095367432,6.900000095367432,2161918
2015-09-14,6.900000095367432,7.050000190734863,6.849999904632568,6.949999809265137,6.949999809265137,2334121
2015-09-15,7.0,7.050000190734863,6.800000190734863,6.900000095367432,6.900000095367432,2160471
2015-09-16,6.949999809265137,7.0,6.800000190734863,6.849999904632568,6.849999904632568,1836445
2015-09-18,6.949999809265137,7.050000190734863,6.900000095367432,6.900000095367432,6.900000095367432,2469243
2015-09-21,6.900000095367432,7.150000095367432,6.849999904632568,7.099999904632568,7.099999904632568,4866955
2015-09-22,7.150000095367432,7.199999809265137,6.900000095367432,6.949999809265137,6.949999809265137,2406972
2015-09-23,6.900000095367432,7.0,6.849999904632568,6.900000095367432,6.900000095367432,2451932
2015-09-24,6.900000095367432,7.0,6.800000190734863,6.849999904632568,6.849999904632568,1395609
2015-09-28,7.0,7.099999904632568,6.900000095367432,7.0,7.0,1688196
2015-09-29,6.949999809265137,7.25,6.900000095367432,7.050000190734863,7.050000190734863,3409393
2015-09-30,7.099999904632568,7.849999904632568,7.050000190734863,7.75,7.75,8469048
2015-10-01,7.849999904632568,7.949999809265137,7.400000095367432,7.5,7.5,4924614
2015-10-05,7.650000095367432,8.149999618530273,7.550000190734863,7.949999809265137,7.949999809265137,6835052
2015-10-06,8.0,8.100000381469727,7.650000095367432,7.699999809265137,7.699999809265137,3524615
2015-10-07,7.75,8.199999809265137,7.650000095367432,8.050000190734863,8.050000190734863,5535163
2015-10-08,8.0,8.300000190734863,7.900000095367432,8.149999618530273,8.149999618530273,3668417
2015-10-09,8.100000381469727,8.25,7.849999904632568,7.900000095367432,7.900000095367432,3215447
2015-10-12,7.900000095367432,8.100000381469727,7.699999809265137,7.800000190734863,7.800000190734863,4479328
2015-10-13,7.75,7.949999809265137,7.699999809265137,7.75,7.75,1785971
2015-10-14,7.75,8.100000381469727,7.699999809265137,7.949999809265137,7.949999809265137,3538892
2015-10-15,8.0,8.25,8.0,8.100000381469727,8.100000381469727,3117950
2015-10-16,8.100000381469727,8.100000381469727,7.900000095367432,7.900000095367432,7.900000095367432,1894155
2015-10-19,7.949999809265137,8.350000381469727,7.849999904632568,8.050000190734863,8.050000190734863,3668667
2015-10-20,8.100000381469727,8.350000381469727,8.050000190734863,8.199999809265137,8.199999809265137,3198228
2015-10-21,8.199999809265137,8.399999618530273,8.0,8.050000190734863,8.050000190734863,2510237
2015-10-23,8.149999618530273,8.25,8.0,8.050000190734863,8.050000190734863,1738254
2015-10-26,8.050000190734863,8.100000381469727,7.75,7.800000190734863,7.800000190734863,2529263
2015-10-27,7.800000190734863,8.050000190734863,7.75,7.949999809265137,7.949999809265137,2000724
2015-10-28,8.0,8.199999809265137,7.900000095367432,8.0,8.0,1889039
2015-10-29,8.050000190734863,8.149999618530273,7.900000095367432,7.900000095367432,7.900000095367432,1191473
2015-10-30,7.949999809265137,8.199999809265137,7.900000095367432,7.949999809265137,7.949999809265137,2518731
2015-11-02,7.949999809265137,8.050000190734863,7.849999904632568,7.900000095367432,7.900000095367432,1264138
2015-11-03,8.0,8.0,7.800000190734863,7.849999904632568,7.849999904632568,736943
2015-11-04,7.949999809265137,8.0,7.75,7.75,7.75,1932508
2015-11-05,7.699999809265137,7.900000095367432,7.650000095367432,7.699999809265137,7.699999809265137,1184855
2015-11-06,7.75,7.800000190734863,7.5,7.650000095367432,7.650000095367432,1678272
2015-11-09,7.5,7.599999904632568,7.25,7.550000190734863,7.550000190734863,2480005
2015-11-10,7.599999904632568,8.199999809265137,7.5,7.800000190734863,7.800000190734863,5413059
2015-11-13,8.0,8.149999618530273,7.900000095367432,7.949999809265137,7.949999809265137,1879236
2015-11-16,7.949999809265137,8.300000190734863,7.949999809265137,8.100000381469727,8.100000381469727,4193321
2015-11-17,8.100000381469727,8.949999809265137,8.100000381469727,8.649999618530273,8.649999618530273,10439693
2015-11-18,8.649999618530273,9.699999809265137,8.5,8.899999618530273,8.899999618530273,21792724
2015-11-19,9.0,9.300000190734863,8.800000190734863,9.0,9.0,5065397
2015-11-20,9.050000190734863,9.399999618530273,8.949999809265137,9.100000381469727,9.100000381469727,4529108
2015-11-23,9.100000381469727,9.25,9.0,9.100000381469727,9.100000381469727,2772349
2015-11-24,9.199999809265137,9.800000190734863,9.199999809265137,9.449999809265137,9.449999809265137,14550647
2015-11-26,9.350000381469727,9.550000190734863,9.25,9.25,9.25,8500427
2015-11-27,9.300000190734863,9.300000190734863,8.899999618530273,8.949999809265137,8.949999809265137,6844123
2015-11-30,9.0,9.25,8.899999618530273,9.0,9.0,11632403
2015-12-01,9.100000381469727,9.25,8.899999618530273,8.949999809265137,8.949999809265137,3749545
2015-12-02,9.0,9.050000190734863,8.699999809265137,8.949999809265137,8.949999809265137,4940615
2015-12-03,8.949999809265137,9.199999809265137,8.850000381469727,9.050000190734863,9.050000190734863,11899091
2015-12-04,9.0,9.050000190734863,8.600000381469727,8.699999809265137,8.699999809265137,6811094
2015-12-07,8.75,8.949999809265137,8.699999809265137,8.699999809265137,8.699999809265137,2766251
2015-12-08,8.649999618530273,8.850000381469727,8.149999618530273,8.199999809265137,8.199999809265137,5758357
2015-12-09,8.199999809265137,8.25,7.75,7.900000095367432,7.900000095367432,7655552
2015-12-10,8.0,8.100000381469727,7.949999809265137,8.050000190734863,8.050000190734863,2130872
2015-12-11,8.050000190734863,8.149999618530273,7.849999904632568,7.900000095367432,7.900000095367432,2751015
2015-12-14,7.800000190734863,8.550000190734863,7.800000190734863,8.399999618530273,8.399999618530273,7537505
2015-12-15,8.449999809265137,8.5,8.100000381469727,8.100000381469727,8.100000381469727,3007150
2015-12-16,8.300000190734863,8.699999809265137,8.199999809265137,8.25,8.25,6679886
2015-12-17,8.300000190734863,8.399999618530273,8.199999809265137,8.300000190734863,8.300000190734863,2156643
2015-12-18,8.399999618530273,8.399999618530273,8.25,8.300000190734863,8.300000190734863,2270031
2015-12-21,8.350000381469727,8.399999618530273,8.300000190734863,8.350000381469727,8.350000381469727,2173583
2015-12-22,8.350000381469727,8.399999618530273,8.199999809265137,8.199999809265137,8.199999809265137,1940720
2015-12-23,8.300000190734863,8.399999618530273,8.149999618530273,8.199999809265137,8.199999809265137,1846337
2015-12-24,8.300000190734863,8.350000381469727,8.100000381469727,8.149999618530273,8.149999618530273,2140659
2015-12-28,8.149999618530273,8.300000190734863,8.100000381469727,8.100000381469727,8.100000381469727,2082630
2015-12-29,8.199999809265137,8.25,8.100000381469727,8.100000381469727,8.100000381469727,1499151
2015-12-30,8.149999618530273,8.399999618530273,8.100000381469727,8.199999809265137,8.199999809265137,2836218
2015-12-31,8.199999809265137,8.199999809265137,7.949999809265137,8.100000381469727,8.100000381469727,4208405
2016-01-01,8.100000381469727,8.600000381469727,8.050000190734863,8.449999809265137,8.449999809265137,3320582
2016-01-04,8.449999809265137,8.800000190734863,8.25,8.449999809265137,8.449999809265137,5680256
2016-01-05,8.5,9.0,8.5,8.850000381469727,8.850000381469727,8488328
2016-01-06,8.850000381469727,9.449999809265137,8.75,9.100000381469727,9.100000381469727,13840064
2016-01-07,8.899999618530273,8.899999618530273,8.5,8.550000190734863,8.550000190734863,4143089
2016-01-08,8.600000381469727,9.399999618530273,8.600000381469727,9.25,9.25,7400283
2016-01-11,9.050000190734863,9.25,8.899999618530273,9.050000190734863,9.050000190734863,6495491
2016-01-12,9.300000190734863,9.300000190734863,8.699999809265137,8.75,8.75,9354661
2016-01-13,8.899999618530273,9.0,8.100000381469727,8.399999618530273,8.399999618530273,7595921
2016-01-14,8.199999809265137,8.399999618530273,8.050000190734863,8.25,8.25,2467516
2016-01-15,8.300000190734863,8.300000190734863,7.650000095367432,7.800000190734863,7.800000190734863,3818353
2016-01-18,7.849999904632568,7.900000095367432,7.449999809265137,7.5,7.5,3696913
2016-01-19,7.599999904632568,7.800000190734863,7.5,7.75,7.75,2138548
2016-01-20,7.699999809265137,7.699999809265137,6.949999809265137,7.199999809265137,7.199999809265137,6399000
2016-01-21,7.300000190734863,7.599999904632568,7.150000095367432,7.300000190734863,7.300000190734863,5386407
2016-01-22,7.599999904632568,7.75,7.449999809265137,7.699999809265137,7.699999809265137,2392720
2016-01-25,7.800000190734863,7.900000095367432,7.650000095367432,7.800000190734863,7.800000190734863,1908910
2016-01-27,7.849999904632568,8.0,7.650000095367432,7.75,7.75,1756894
2016-01-28,7.800000190734863,7.900000095367432,7.699999809265137,7.75,7.75,1163343
2016-01-29,7.75,7.849999904632568,7.699999809265137,7.75,7.75,1308420
2016-02-01,7.800000190734863,7.900000095367432,7.699999809265137,7.699999809265137,7.699999809265137,1200087
2016-02-02,7.75,7.800000190734863,7.300000190734863,7.349999904632568,7.349999904632568,2606220
2016-02-03,7.25,7.300000190734863,7.099999904632568,7.150000095367432,7.150000095367432,2513358
2016-02-04,7.25,7.5,7.099999904632568,7.199999809265137,7.199999809265137,1866670
2016-02-05,7.199999809265137,7.300000190734863,7.150000095367432,7.25,7.25,987747
2016-02-08,7.25,8.149999618530273,7.25,7.75,7.75,6142024
2016-02-09,7.800000190734863,7.849999904632568,7.5,7.800000190734863,7.800000190734863,2970263
2016-02-10,7.699999809265137,7.800000190734863,7.25,7.349999904632568,7.349999904632568,2319368
2016-02-11,7.349999904632568,7.5,6.900000095367432,7.0,7.0,3397988
2016-02-12,7.0,7.150000095367432,6.599999904632568,6.75,6.75,6238783
2016-02-15,7.0,7.099999904632568,6.900000095367432,7.0,7.0,2425958
2016-02-16,7.050000190734863,7.099999904632568,6.849999904632568,6.900000095367432,6.900000095367432,1353417
2016-02-17,6.949999809265137,6.949999809265137,6.699999809265137,6.849999904632568,6.849999904632568,1955313
2016-02-18,6.949999809265137,7.099999904632568,6.75,6.900000095367432,6.900000095367432,1446904
2016-02-19,7.0,7.050000190734863,6.900000095367432,6.900000095367432,6.900000095367432,1594983
2016-02-22,6.900000095367432,7.099999904632568,6.900000095367432,6.949999809265137,6.949999809265137,1914610
2016-02-23,6.949999809265137,6.949999809265137,6.599999904632568,6.699999809265137,6.699999809265137,2714084
2016-02-24,6.75,6.949999809265137,6.599999904632568,6.699999809265137,6.699999809265137,6592125
2016-02-25,6.900000095367432,6.949999809265137,6.599999904632568,6.650000095367432,6.650000095367432,2791523
2016-02-26,6.800000190734863,6.800000190734863,6.449999809265137,6.5,6.5,4109255
2016-02-29,6.650000095367432,6.75,6.300000190734863,6.349999904632568,6.349999904632568,3467481
2016-03-01,6.400000095367432,6.650000095367432,6.400000095367432,6.5,6.5,2541940
2016-03-02,6.699999809265137,6.800000190734863,6.599999904632568,6.699999809265137,6.699999809265137,2313675
2016-03-03,6.75,7.0,6.650000095367432,6.900000095367432,6.900000095367432,1968074
2016-03-04,6.900000095367432,7.199999809265137,6.699999809265137,6.949999809265137,6.949999809265137,4146805
2016-03-08,7.050000190734863,7.150000095367432,6.900000095367432,7.050000190734863,7.050000190734863,2285388
2016-03-09,7.0,7.199999809265137,6.900000095367432,7.050000190734863,7.050000190734863,9522153
2016-03-10,7.099999904632568,7.150000095367432,7.0,7.0,7.0,1177890
2016-03-11,7.050000190734863,7.199999809265137,6.900000095367432,6.949999809265137,6.949999809265137,1503959
2016-03-14,7.050000190734863,7.099999904632568,6.800000190734863,6.849999904632568,6.849999904632568,1342757
2016-03-15,6.849999904632568,6.900000095367432,6.75,6.800000190734863,6.800000190734863,1564030
2016-03-16,7.0,7.150000095367432,6.699999809265137,6.800000190734863,6.800000190734863,3406263
2016-03-17,6.900000095367432,6.949999809265137,6.650000095367432,6.699999809265137,6.699999809265137,1706099
2016-03-18,6.800000190734863,6.800000190734863,6.5,6.599999904632568,6.599999904632568,2126150
2016-03-21,6.599999904632568,6.800000190734863,6.599999904632568,6.650000095367432,6.650000095367432,2309326
2016-03-22,6.650000095367432,6.800000190734863,6.550000190734863,6.599999904632568,6.599999904632568,1812390
2016-03-23,6.699999809265137,6.75,6.650000095367432,6.699999809265137,6.699999809265137,1221314
2016-03-28,6.699999809265137,7.400000095367432,6.699999809265137,7.099999904632568,7.099999904632568,14758026
2016-03-29,7.25,7.300000190734863,6.75,6.849999904632568,6.849999904632568,5469681
2016-03-30,6.949999809265137,7.0,6.75,6.800000190734863,6.800000190734863,2598418
2016-03-31,6.900000095367432,7.0,6.75,6.800000190734863,6.800000190734863,2459068
2016-04-01,6.900000095367432,7.050000190734863,6.800000190734863,6.949999809265137,6.949999809265137,2030491
2016-04-04,7.050000190734863,7.099999904632568,6.949999809265137,7.050000190734863,7.050000190734863,1585015
2016-04-05,7.050000190734863,7.050000190734863,6.849999904632568,6.900000095367432,6.900000095367432,1016088
2016-04-06,6.949999809265137,7.050000190734863,6.900000095367432,6.949999809265137,6.949999809265137,696477
2016-04-07,6.949999809265137,7.0,6.650000095367432,6.75,6.75,2413485
2016-04-08,6.75,6.949999809265137,6.699999809265137,6.849999904632568,6.849999904632568,1070245
2016-04-11,6.949999809265137,7.0,6.699999809265137,6.800000190734863,6.800000190734863,2168699
2016-04-12,6.849999904632568,6.900000095367432,6.75,6.800000190734863,6.800000190734863,1374402
2016-04-13,6.800000190734863,6.900000095367432,6.75,6.800000190734863,6.800000190734863,1824369
2016-04-18,6.800000190734863,6.849999904632568,6.699999809265137,6.75,6.75,2171985
2016-04-20,6.75,7.099999904632568,6.75,6.949999809265137,6.949999809265137,3126187
2016-04-21,7.050000190734863,7.050000190734863,6.75,6.800000190734863,6.800000190734863,1585410
2016-04-22,6.800000190734863,6.900000095367432,6.699999809265137,6.849999904632568,6.849999904632568,1692590
2016-04-25,6.900000095367432,7.0,6.800000190734863,6.800000190734863,6.800000190734863,1364193
2016-04-26,6.849999904632568,6.849999904632568,6.75,6.800000190734863,6.800000190734863,1019795
2016-04-27,6.800000190734863,6.949999809265137,6.75,6.75,6.75,1306199
2016-04-28,6.75,6.849999904632568,6.699999809265137,6.75,6.75,795971
2016-04-29,6.800000190734863,6.800000190734863,6.650000095367432,6.75,6.75,837210
2016-05-02,6.75,6.75,6.650000095367432,6.699999809265137,6.699999809265137,768055
2016-05-03,6.75,6.849999904632568,6.599999904632568,6.599999904632568,6.599999904632568,1105344
2016-05-04,6.650000095367432,6.650000095367432,6.5,6.550000190734863,6.550000190734863,1363835
2016-05-05,6.550000190734863,6.599999904632568,6.449999809265137,6.5,6.5,1180846
2016-05-06,6.5,6.650000095367432,6.400000095367432,6.449999809265137,6.449999809265137,1321977
2016-05-09,6.5,6.599999904632568,6.400000095367432,6.449999809265137,6.449999809265137,1191995
2016-05-10,6.5,6.550000190734863,6.449999809265137,6.449999809265137,6.449999809265137,655717
2016-05-11,6.449999809265137,6.5,6.400000095367432,6.449999809265137,6.449999809265137,932920
2016-05-12,6.5,6.5,6.349999904632568,6.400000095367432,6.400000095367432,972039
2016-05-13,6.400000095367432,6.400000095367432,6.099999904632568,6.199999809265137,6.199999809265137,2379831
2016-05-16,6.199999809265137,6.449999809265137,6.150000095367432,6.349999904632568,6.349999904632568,1316874
2016-05-17,6.400000095367432,6.449999809265137,6.300000190734863,6.300000190734863,6.300000190734863,830723
2016-05-18,6.300000190734863,6.300000190734863,6.199999809265137,6.25,6.25,860202
2016-05-19,6.300000190734863,6.300000190734863,6.150000095367432,6.199999809265137,6.199999809265137,890018
2016-05-20,6.25,6.300000190734863,6.0,6.0,6.0,2753732
2016-05-23,6.0,6.0,5.400000095367432,5.449999809265137,5.449999809265137,7239053
2016-05-24,5.400000095367432,5.449999809265137,4.699999809265137,4.849999904632568,4.849999904632568,11391166
2016-05-25,4.900000095367432,5.150000095367432,4.849999904632568,5.050000190734863,5.050000190734863,2805718
2016-05-26,5.099999904632568,5.150000095367432,5.0,5.050000190734863,5.050000190734863,1619871
2016-05-27,5.050000190734863,5.150000095367432,5.050000190734863,5.099999904632568,5.099999904632568,1582717
2016-05-30,5.199999809265137,5.300000190734863,5.099999904632568,5.099999904632568,5.099999904632568,1372643
2016-05-31,5.150000095367432,5.150000095367432,4.5,4.650000095367432,4.650000095367432,7276775
2016-06-01,4.699999809265137,4.800000190734863,4.550000190734863,4.550000190734863,4.550000190734863,4131218
2016-06-02,4.599999904632568,4.849999904632568,4.449999809265137,4.5,4.5,5374457
2016-06-03,4.550000190734863,4.550000190734863,4.099999904632568,4.25,4.25,8866838
2016-06-06,4.300000190734863,4.300000190734863,4.099999904632568,4.300000190734863,4.300000190734863,3087349
2016-06-07,4.300000190734863,4.550000190734863,4.150000095367432,4.25,4.25,7537844
2016-06-08,4.300000190734863,4.550000190734863,4.25,4.5,4.5,3114883
2016-06-09,4.550000190734863,4.900000095367432,4.5,4.849999904632568,4.849999904632568,3703468
2016-06-10,4.900000095367432,5.800000190734863,4.849999904632568,5.599999904632568,5.599999904632568,14801967
2016-06-13,5.650000095367432,5.849999904632568,5.150000095367432,5.599999904632568,5.599999904632568,8670265
2016-06-14,5.900000095367432,6.150000095367432,5.75,5.949999809265137,5.949999809265137,10343203
2016-06-15,5.949999809265137,6.050000190734863,5.650000095367432,5.75,5.75,5426497
2016-06-16,5.75,5.800000190734863,5.5,5.599999904632568,5.599999904632568,2750315
2016-06-17,5.699999809265137,6.0,5.699999809265137,5.900000095367432,5.900000095367432,4588164
2016-06-20,5.75,6.0,5.699999809265137,5.849999904632568,5.849999904632568,2350854
2016-06-21,5.849999904632568,6.050000190734863,5.800000190734863,5.849999904632568,5.849999904632568,2475466
2016-06-22,5.849999904632568,5.949999809265137,5.699999809265137,5.75,5.75,1876035
2016-06-23,5.75,5.849999904632568,5.699999809265137,5.75,5.75,1303653
2016-06-24,5.349999904632568,5.550000190734863,5.199999809265137,5.5,5.5,4918121
2016-06-27,5.5,5.650000095367432,5.400000095367432,5.599999904632568,5.599999904632568,1554277
2016-06-28,5.550000190734863,5.75,5.550000190734863,5.650000095367432,5.650000095367432,1046782
2016-06-29,5.75,5.800000190734863,5.650000095367432,5.699999809265137,5.699999809265137,1237664
2016-06-30,5.800000190734863,5.849999904632568,5.75,5.800000190734863,5.800000190734863,1822286
2016-07-01,5.849999904632568,5.949999809265137,5.650000095367432,5.75,5.75,2905348
2016-07-04,5.75,5.900000095367432,5.699999809265137,5.75,5.75,1791987
2016-07-05,5.699999809265137,6.349999904632568,5.650000095367432,6.199999809265137,6.199999809265137,10275551
2016-07-07,6.449999809265137,6.75,6.400000095367432,6.5,6.5,11752067
2016-07-08,6.599999904632568,6.699999809265137,6.349999904632568,6.400000095367432,6.400000095367432,4085151
2016-07-11,6.5,6.699999809265137,6.349999904632568,6.449999809265137,6.449999809265137,3230646
2016-07-12,6.650000095367432,6.75,6.400000095367432,6.550000190734863,6.550000190734863,5028019
2016-07-13,6.900000095367432,6.949999809265137,6.599999904632568,6.849999904632568,6.849999904632568,7169062
2016-07-14,6.849999904632568,7.199999809265137,6.849999904632568,7.099999904632568,7.099999904632568,8282072
2016-07-15,7.150000095367432,7.25,6.900000095367432,6.949999809265137,6.949999809265137,4863878
2016-07-18,7.050000190734863,7.25,6.849999904632568,6.849999904632568,6.849999904632568,4095496
2016-07-19,6.949999809265137,7.050000190734863,6.800000190734863,6.849999904632568,6.849999904632568,1643200
2016-07-20,6.900000095367432,7.0,6.75,6.800000190734863,6.800000190734863,2256073
2016-07-21,6.900000095367432,6.900000095367432,6.449999809265137,6.550000190734863,6.550000190734863,3183808
2016-07-22,6.550000190734863,6.800000190734863,6.550000190734863,6.699999809265137,6.699999809265137,2024562
2016-07-25,6.699999809265137,6.800000190734863,6.599999904632568,6.650000095367432,6.650000095367432,1690546
2016-07-26,6.599999904632568,6.650000095367432,6.400000095367432,6.5,6.5,1768538
2016-07-27,6.550000190734863,6.599999904632568,6.349999904632568,6.449999809265137,6.449999809265137,2046952
2016-07-28,6.550000190734863,6.599999904632568,6.349999904632568,6.449999809265137,6.449999809265137,2012218
2016-07-29,6.449999809265137,6.650000095367432,6.400000095367432,6.5,6.5,1302049
2016-08-01,6.5,6.650000095367432,6.349999904632568,6.449999809265137,6.449999809265137,1334819
2016-08-02,6.5,6.5,6.099999904632568,6.150000095367432,6.150000095367432,1849766
2016-08-03,6.150000095367432,6.300000190734863,6.099999904632568,6.199999809265137,6.199999809265137,991191
2016-08-04,6.349999904632568,6.349999904632568,6.150000095367432,6.150000095367432,6.150000095367432,957608
2016-08-05,6.199999809265137,6.25,6.0,6.099999904632568,6.099999904632568,1773722
2016-08-08,6.150000095367432,6.199999809265137,6.050000190734863,6.099999904632568,6.099999904632568,1444994
2016-08-09,6.150000095367432,6.199999809265137,6.050000190734863,6.099999904632568,6.099999904632568,984358
2016-08-10,6.099999904632568,6.150000095367432,5.800000190734863,5.849999904632568,5.849999904632568,2354657
2016-08-11,5.849999904632568,6.25,5.800000190734863,6.099999904632568,6.099999904632568,3196460
2016-08-12,6.099999904632568,6.349999904632568,6.050000190734863,6.099999904632568,6.099999904632568,2090970
2016-08-16,6.199999809265137,6.25,5.900000095367432,6.0,6.0,1420393
2016-08-17,6.0,6.099999904632568,5.849999904632568,5.900000095367432,5.900000095367432,1074300
2016-08-18,5.949999809265137,6.199999809265137,5.900000095367432,5.949999809265137,5.949999809265137,9848762
2016-08-19,6.0,6.199999809265137,6.0,6.099999904632568,6.099999904632568,1921961
2016-08-22,6.099999904632568,6.199999809265137,6.050000190734863,6.099999904632568,6.099999904632568,935484
2016-08-23,6.150000095367432,6.300000190734863,6.099999904632568,6.199999809265137,6.199999809265137,1670875
2016-08-24,6.300000190734863,6.300000190734863,6.150000095367432,6.150000095367432,6.150000095367432,802175
2016-08-25,6.199999809265137,7.0,6.199999809265137,6.650000095367432,6.650000095367432,7557593
2016-08-26,6.75,7.0,6.5,6.550000190734863,6.550000190734863,3564359
2016-08-29,6.5,6.5,6.25,6.25,6.25,1331195
2016-08-30,6.300000190734863,6.349999904632568,6.150000095367432,6.199999809265137,6.199999809265137,1533731
2016-08-31,6.150000095367432,6.949999809265137,6.099999904632568,6.599999904632568,6.599999904632568,11368052
2016-09-01,6.400000095367432,6.550000190734863,6.0,6.199999809265137,6.199999809265137,4811688
2016-09-02,6.25,6.550000190734863,6.199999809265137,6.349999904632568,6.349999904632568,3228734
2016-09-06,6.400000095367432,6.599999904632568,6.300000190734863,6.5,6.5,5418587
2016-09-07,6.5,6.949999809265137,6.5,6.599999904632568,6.599999904632568,10019025
2016-09-08,6.599999904632568,7.099999904632568,6.5,6.800000190734863,6.800000190734863,10257362
2016-09-09,6.800000190734863,6.949999809265137,6.599999904632568,6.699999809265137,6.699999809265137,2789020
2016-09-12,6.5,6.5,6.199999809265137,6.449999809265137,6.449999809265137,2659456
2016-09-14,6.400000095367432,6.900000095367432,6.400000095367432,6.599999904632568,6.599999904632568,6632843
2016-09-15,6.699999809265137,6.900000095367432,6.650000095367432,6.650000095367432,6.650000095367432,2153815
2016-09-16,6.699999809265137,6.75,6.449999809265137,6.5,6.5,1259248
2016-09-19,6.5,7.300000190734863,6.400000095367432,6.949999809265137,6.949999809265137,22008014
2016-09-20,7.099999904632568,7.400000095367432,7.050000190734863,7.150000095367432,7.150000095367432,15263505
2016-09-21,7.25,7.300000190734863,7.0,7.050000190734863,7.050000190734863,4596776
2016-09-22,7.150000095367432,7.550000190734863,7.099999904632568,7.199999809265137,7.199999809265137,12734213
2016-09-23,7.25,7.300000190734863,6.800000190734863,6.900000095367432,6.900000095367432,8593059
2016-09-26,7.0,7.0,6.650000095367432,6.75,6.75,2413187
2016-09-27,6.849999904632568,6.849999904632568,6.599999904632568,6.650000095367432,6.650000095367432,1869999
2016-09-28,6.699999809265137,6.75,6.550000190734863,6.599999904632568,6.599999904632568,2000002
2016-09-29,6.599999904632568,6.849999904632568,5.900000095367432,6.050000190734863,6.050000190734863,8492627
2016-09-30,5.849999904632568,6.5,5.849999904632568,6.400000095367432,6.400000095367432,5464564
2016-10-03,6.550000190734863,6.599999904632568,6.449999809265137,6.5,6.5,2233676
2016-10-04,6.5,6.699999809265137,6.5,6.650000095367432,6.650000095367432,2076305
2016-10-05,6.75,6.75,6.550000190734863,6.599999904632568,6.599999904632568,1326257
2016-10-06,6.599999904632568,6.650000095367432,6.349999904632568,6.349999904632568,6.349999904632568,1346228
2016-10-07,6.400000095367432,6.449999809265137,6.25,6.300000190734863,6.300000190734863,2050209
2016-10-10,6.349999904632568,6.400000095367432,6.199999809265137,6.25,6.25,1065454
2016-10-13,6.25,6.400000095367432,6.199999809265137,6.300000190734863,6.300000190734863,2167904
2016-10-14,6.349999904632568,6.449999809265137,6.25,6.300000190734863,6.300000190734863,1322525
2016-10-17,6.300000190734863,7.449999809265137,6.300000190734863,6.900000095367432,6.900000095367432,26860847
2016-10-18,7.099999904632568,7.099999904632568,6.75,6.800000190734863,6.800000190734863,4076876
2016-10-19,6.800000190734863,6.900000095367432,6.699999809265137,6.75,6.75,1802398
2016-10-20,6.900000095367432,6.949999809265137,6.699999809265137,6.75,6.75,2493593
2016-10-21,6.800000190734863,6.800000190734863,6.650000095367432,6.699999809265137,6.699999809265137,1690838
2016-10-24,6.75,7.0,6.75,6.800000190734863,6.800000190734863,3157867
2016-10-25,6.800000190734863,6.900000095367432,6.75,6.800000190734863,6.800000190734863,1396753
2016-10-26,6.800000190734863,6.949999809265137,6.699999809265137,6.75,6.75,2019110
2016-10-27,6.849999904632568,6.849999904632568,6.5,6.599999904632568,6.599999904632568,3865070
2016-10-28,6.599999904632568,6.75,6.550000190734863,6.650000095367432,6.650000095367432,1500198
2016-11-01,6.699999809265137,6.75,6.550000190734863,6.599999904632568,6.599999904632568,1167917
2016-11-02,6.550000190734863,6.550000190734863,6.25,6.349999904632568,6.349999904632568,2770409
2016-11-03,6.449999809265137,7.300000190734863,6.400000095367432,7.050000190734863,7.050000190734863,10645132
2016-11-04,7.300000190734863,7.400000095367432,6.5,6.599999904632568,6.599999904632568,7498499
2016-11-07,6.699999809265137,6.800000190734863,6.599999904632568,6.599999904632568,6.599999904632568,1217671
2016-11-08,6.699999809265137,6.699999809265137,6.5,6.550000190734863,6.550000190734863,1317055
2016-11-09,6.199999809265137,6.400000095367432,5.550000190734863,6.25,6.25,4982834
2016-11-10,6.550000190734863,6.599999904632568,6.400000095367432,6.5,6.5,1862286
2016-11-11,6.400000095367432,6.449999809265137,6.150000095367432,6.199999809265137,6.199999809265137,2295021
2016-11-15,6.25,6.400000095367432,5.599999904632568,5.900000095367432,5.900000095367432,2852015
2016-11-16,6.050000190734863,6.099999904632568,5.800000190734863,5.849999904632568,5.849999904632568,1294765
2016-11-17,6.0,6.0,5.599999904632568,5.650000095367432,5.650000095367432,2419504
2016-11-18,5.699999809265137,5.800000190734863,5.650000095367432,5.699999809265137,5.699999809265137,1217252
2016-11-21,5.699999809265137,5.800000190734863,5.400000095367432,5.449999809265137,5.449999809265137,1817446
2016-11-22,5.449999809265137,5.599999904632568,5.199999809265137,5.25,5.25,2929657
2016-11-23,5.349999904632568,5.5,5.25,5.449999809265137,5.449999809265137,1215040
2016-11-24,5.5,6.0,5.400000095367432,5.75,5.75,2884126
2016-11-25,5.900000095367432,5.949999809265137,5.75,5.849999904632568,5.849999904632568,3374432
2016-11-28,5.900000095367432,6.099999904632568,5.449999809265137,5.699999809265137,5.699999809265137,4234222
2016-11-29,5.75,5.949999809265137,5.75,5.849999904632568,5.849999904632568,2128873
2016-11-30,5.949999809265137,5.949999809265137,5.699999809265137,5.849999904632568,5.849999904632568,2486243
2016-12-01,5.900000095367432,5.900000095367432,5.650000095367432,5.699999809265137,5.699999809265137,2381615
2016-12-02,5.699999809265137,5.75,5.599999904632568,5.650000095367432,5.650000095367432,1407457
2016-12-05,5.650000095367432,5.75,5.599999904632568,5.650000095367432,5.650000095367432,588975
2016-12-06,5.699999809265137,5.849999904632568,5.650000095367432,5.699999809265137,5.699999809265137,1469888
2016-12-07,5.699999809265137,5.900000095367432,5.650000095367432,5.650000095367432,5.650000095367432,2546915
2016-12-08,5.650000095367432,5.900000095367432,5.650000095367432,5.75,5.75,1653107
2016-12-09,5.800000190734863,5.800000190734863,5.650000095367432,5.699999809265137,5.699999809265137,624187
2016-12-12,5.699999809265137,5.75,5.599999904632568,5.650000095367432,5.650000095367432,1069075
2016-12-13,5.75,5.800000190734863,5.5,5.550000190734863,5.550000190734863,1268206
2016-12-14,5.550000190734863,5.650000095367432,5.550000190734863,5.550000190734863,5.550000190734863,1066991
2016-12-15,5.550000190734863,5.650000095367432,5.5,5.550000190734863,5.550000190734863,872486
2016-12-16,5.650000095367432,5.650000095367432,5.449999809265137,5.5,5.5,1151682
2016-12-19,5.550000190734863,5.650000095367432,5.5,5.550000190734863,5.550000190734863,1235995
2016-12-20,5.550000190734863,5.599999904632568,5.400000095367432,5.449999809265137,5.449999809265137,1224324
2016-12-21,5.5,5.550000190734863,5.449999809265137,5.449999809265137,5.449999809265137,1161942
2016-12-22,5.449999809265137,5.5,5.349999904632568,5.449999809265137,5.449999809265137,968878
2016-12-23,5.5,5.599999904632568,5.349999904632568,5.5,5.5,971726
2016-12-26,5.449999809265137,5.5,5.300000190734863,5.300000190734863,5.300000190734863,963344
2016-12-27,5.349999904632568,5.400000095367432,5.300000190734863,5.349999904632568,5.349999904632568,1052765
2016-12-28,5.349999904632568,5.449999809265137,5.300000190734863,5.300000190734863,5.300000190734863,666895
2016-12-29,5.349999904632568,5.449999809265137,5.300000190734863,5.400000095367432,5.400000095367432,670269
2016-12-30,5.449999809265137,5.599999904632568,5.300000190734863,5.400000095367432,5.400000095367432,1910059
2017-01-02,5.400000095367432,5.650000095367432,5.400000095367432,5.550000190734863,5.550000190734863,1273165
2017-01-03,5.550000190734863,5.699999809265137,5.449999809265137,5.5,5.5,2124792
2017-01-04,5.550000190734863,6.25,5.550000190734863,5.900000095367432,5.900000095367432,19435977
2017-01-05,6.0,6.050000190734863,5.849999904632568,5.849999904632568,5.849999904632568,3402945
2017-01-06,5.949999809265137,5.949999809265137,5.75,5.75,5.75,1975644
2017-01-09,5.800000190734863,5.849999904632568,5.75,5.75,5.75,927759
2017-01-10,5.849999904632568,5.849999904632568,5.650000095367432,5.75,5.75,1658922
2017-01-11,5.800000190734863,5.849999904632568,5.650000095367432,5.699999809265137,5.699999809265137,2331571
2017-01-12,5.75,5.849999904632568,5.650000095367432,5.75,5.75,2017526
2017-01-13,5.75,5.849999904632568,5.650000095367432,5.699999809265137,5.699999809265137,1463725
2017-01-16,5.650000095367432,5.900000095367432,5.650000095367432,5.849999904632568,5.849999904632568,1317810
2017-01-17,5.949999809265137,6.0,5.800000190734863,5.849999904632568,5.849999904632568,2437096
2017-01-18,5.900000095367432,5.949999809265137,5.800000190734863,5.849999904632568,5.849999904632568,1054751
2017-01-19,5.849999904632568,5.949999809265137,5.800000190734863,5.900000095367432,5.900000095367432,1526220
2017-01-20,5.949999809265137,6.050000190734863,5.75,5.800000190734863,5.800000190734863,3829995
2017-01-23,5.849999904632568,5.849999904632568,5.75,5.800000190734863,5.800000190734863,947620
2017-01-24,5.849999904632568,5.949999809265137,5.800000190734863,5.900000095367432,5.900000095367432,1071441
2017-01-25,5.900000095367432,6.0,5.849999904632568,5.900000095367432,5.900000095367432,2253652
2017-01-27,5.949999809265137,6.0,5.849999904632568,5.900000095367432,5.900000095367432,2318330
2017-01-30,5.900000095367432,5.949999809265137,5.849999904632568,5.900000095367432,5.900000095367432,1209219
2017-01-31,5.949999809265137,5.949999809265137,5.849999904632568,5.849999904632568,5.849999904632568,1825593
2017-02-01,5.949999809265137,6.0,5.800000190734863,5.849999904632568,5.849999904632568,3084945
2017-02-02,5.900000095367432,6.349999904632568,5.800000190734863,6.0,6.0,6424838
2017-02-03,6.0,6.550000190734863,5.949999809265137,6.349999904632568,6.349999904632568,13213198
2017-02-06,6.449999809265137,6.800000190734863,6.449999809265137,6.699999809265137,6.699999809265137,8738244
2017-02-07,6.800000190734863,7.099999904632568,6.599999904632568,6.849999904632568,6.849999904632568,11571432
2017-02-08,6.949999809265137,6.949999809265137,6.5,6.650000095367432,6.650000095367432,6404927
2017-02-09,6.699999809265137,6.949999809265137,6.5,6.75,6.75,5417440
2017-02-10,6.849999904632568,6.849999904632568,6.599999904632568,6.699999809265137,6.699999809265137,4307870
2017-02-13,6.699999809265137,6.699999809265137,6.400000095367432,6.599999904632568,6.599999904632568,2739708
2017-02-14,7.550000190734863,7.699999809265137,7.099999904632568,7.300000190734863,7.300000190734863,55212792
2017-02-15,7.400000095367432,7.449999809265137,6.800000190734863,6.800000190734863,6.800000190734863,12149404
2017-02-16,6.849999904632568,6.949999809265137,6.699999809265137,6.800000190734863,6.800000190734863,4935341
2017-02-17,6.949999809265137,6.949999809265137,6.550000190734863,6.650000095367432,6.650000095367432,6490139
2017-02-20,6.650000095367432,6.949999809265137,6.5,6.75,6.75,13549879
2017-02-21,6.75,6.75,6.550000190734863,6.599999904632568,6.599999904632568,2899597
2017-02-22,6.599999904632568,6.849999904632568,6.5,6.550000190734863,6.550000190734863,5733179
2017-02-23,6.599999904632568,6.650000095367432,6.400000095367432,6.449999809265137,6.449999809265137,3818613
2017-02-27,6.5,6.849999904632568,6.5,6.599999904632568,6.599999904632568,7823273
2017-02-28,6.550000190734863,6.699999809265137,6.449999809265137,6.5,6.5,5745890
2017-03-01,6.599999904632568,6.599999904632568,6.400000095367432,6.449999809265137,6.449999809265137,6212349
2017-03-02,6.449999809265137,6.849999904632568,6.349999904632568,6.400000095367432,6.400000095367432,12512993
2017-03-03,6.349999904632568,6.5,6.300000190734863,6.400000095367432,6.400000095367432,2530668
2017-03-06,6.449999809265137,6.599999904632568,6.400000095367432,6.550000190734863,6.550000190734863,3796657
2017-03-07,6.5,6.650000095367432,6.349999904632568,6.400000095367432,6.400000095367432,3186825
2017-03-08,6.449999809265137,6.449999809265137,6.150000095367432,6.25,6.25,2653696
2017-03-09,6.199999809265137,6.25,5.949999809265137,6.0,6.0,5832452
2017-03-10,6.099999904632568,6.199999809265137,5.949999809265137,6.050000190734863,6.050000190734863,4295540
2017-03-14,6.150000095367432,6.25,6.0,6.050000190734863,6.050000190734863,2408068
2017-03-15,6.099999904632568,6.099999904632568,5.949999809265137,6.0,6.0,1795140
2017-03-16,6.050000190734863,6.150000095367432,6.050000190734863,6.099999904632568,6.099999904632568,2890791
2017-03-17,6.050000190734863,6.150000095367432,5.949999809265137,6.0,6.0,2641250
2017-03-20,6.099999904632568,6.099999904632568,5.949999809265137,6.0,6.0,2273869
2017-03-21,6.0,6.050000190734863,5.949999809265137,5.949999809265137,5.949999809265137,2079265
2017-03-22,5.949999809265137,5.949999809265137,5.800000190734863,5.849999904632568,5.849999904632568,3234204
2017-03-23,5.849999904632568,5.949999809265137,5.800000190734863,5.849999904632568,5.849999904632568,2465524
2017-03-24,5.849999904632568,5.900000095367432,5.800000190734863,5.800000190734863,5.800000190734863,1660148
2017-03-27,5.900000095367432,6.199999809265137,5.900000095367432,6.0,6.0,4288218
2017-03-28,6.050000190734863,6.050000190734863,5.900000095367432,5.949999809265137,5.949999809265137,2519761
2017-03-29,5.900000095367432,6.150000095367432,5.900000095367432,6.0,6.0,5523894
2017-03-30,6.099999904632568,6.099999904632568,5.949999809265137,6.0,6.0,3204126
2017-03-31,6.0,6.099999904632568,5.949999809265137,5.949999809265137,5.949999809265137,2795940
2017-04-03,6.0,6.400000095367432,5.949999809265137,6.150000095367432,6.150000095367432,6342151
2017-04-05,6.199999809265137,6.400000095367432,6.199999809265137,6.300000190734863,6.300000190734863,4832962
2017-04-06,6.300000190734863,6.400000095367432,6.150000095367432,6.25,6.25,4230634
2017-04-07,6.25,6.25,6.099999904632568,6.099999904632568,6.099999904632568,2302202
2017-04-10,6.099999904632568,6.150000095367432,6.0,6.050000190734863,6.050000190734863,1865747
2017-04-11,6.050000190734863,6.199999809265137,6.0,6.150000095367432,6.150000095367432,1986428
2017-04-12,6.150000095367432,6.150000095367432,6.0,6.0,6.0,1631310
2017-04-13,6.050000190734863,6.099999904632568,5.949999809265137,5.949999809265137,5.949999809265137,1793617
2017-04-17,6.0,6.050000190734863,5.949999809265137,6.050000190734863,6.050000190734863,1430915
2017-04-18,6.050000190734863,6.449999809265137,6.050000190734863,6.099999904632568,6.099999904632568,8361649
2017-04-19,6.099999904632568,6.199999809265137,6.050000190734863,6.099999904632568,6.099999904632568,2062524
2017-04-20,6.099999904632568,6.25,6.099999904632568,6.150000095367432,6.150000095367432,1683079
2017-04-21,6.199999809265137,6.550000190734863,6.150000095367432,6.449999809265137,6.449999809265137,7474903
2017-04-24,6.550000190734863,6.650000095367432,6.400000095367432,6.449999809265137,6.449999809265137,4555486
2017-04-25,6.550000190734863,6.599999904632568,6.300000190734863,6.349999904632568,6.349999904632568,2603477
2017-04-26,6.400000095367432,6.400000095367432,6.150000095367432,6.199999809265137,6.199999809265137,2107007
2017-04-27,6.25,6.25,6.0,6.099999904632568,6.099999904632568,2808514
2017-04-28,6.150000095367432,6.25,6.050000190734863,6.150000095367432,6.150000095367432,1892148
2017-05-02,6.199999809265137,6.25,6.150000095367432,6.199999809265137,6.199999809265137,1602130
2017-05-03,6.199999809265137,6.199999809265137,6.099999904632568,6.150000095367432,6.150000095367432,736395
2017-05-04,6.150000095367432,6.199999809265137,6.0,6.050000190734863,6.050000190734863,2785343
2017-05-05,6.099999904632568,6.099999904632568,6.0,6.0,6.0,2666664
2017-05-08,6.050000190734863,6.099999904632568,5.949999809265137,6.0,6.0,1429123
2017-05-09,6.099999904632568,6.199999809265137,6.050000190734863,6.099999904632568,6.099999904632568,2031641
2017-05-10,6.099999904632568,6.449999809265137,6.0,6.349999904632568,6.349999904632568,6649236
2017-05-11,6.349999904632568,6.400000095367432,6.199999809265137,6.199999809265137,6.199999809265137,2422730
2017-05-12,6.25,6.25,6.050000190734863,6.099999904632568,6.099999904632568,1498009
2017-05-15,6.099999904632568,6.150000095367432,6.050000190734863,6.099999904632568,6.099999904632568,968090
2017-05-16,6.099999904632568,6.5,6.099999904632568,6.400000095367432,6.400000095367432,6592785
2017-05-17,6.400000095367432,6.5,6.25,6.300000190734863,6.300000190734863,2646959
2017-05-18,6.199999809265137,6.300000190734863,6.099999904632568,6.099999904632568,6.099999904632568,2375563
2017-05-19,6.099999904632568,6.25,6.050000190734863,6.099999904632568,6.099999904632568,2001970
2017-05-22,6.099999904632568,6.150000095367432,5.900000095367432,5.949999809265137,5.949999809265137,2450066
2017-05-23,6.0,6.0,5.75,5.849999904632568,5.849999904632568,2776810
2017-05-24,5.849999904632568,5.849999904632568,5.449999809265137,5.5,5.5,4979223
2017-05-25,5.400000095367432,5.449999809265137,5.0,5.400000095367432,5.400000095367432,6761442
2017-05-26,5.449999809265137,5.699999809265137,5.349999904632568,5.550000190734863,5.550000190734863,1776986
2017-05-29,5.550000190734863,5.550000190734863,5.25,5.349999904632568,5.349999904632568,2471354
2017-05-30,5.300000190734863,5.349999904632568,5.199999809265137,5.25,5.25,1663468
2017-05-31,5.300000190734863,5.349999904632568,5.199999809265137,5.25,5.25,1461006
2017-06-01,5.25,5.300000190734863,5.150000095367432,5.199999809265137,5.199999809265137,1047372
2017-06-02,5.199999809265137,6.199999809265137,5.150000095367432,5.949999809265137,5.949999809265137,21914737
2017-06-05,6.199999809265137,6.550000190734863,5.800000190734863,6.300000190734863,6.300000190734863,13804552
2017-06-06,6.400000095367432,6.5,6.0,6.050000190734863,6.050000190734863,3746205
2017-06-07,6.050000190734863,6.349999904632568,6.0,6.300000190734863,6.300000190734863,4617423
2017-06-08,6.300000190734863,6.400000095367432,6.150000095367432,6.25,6.25,3117933
2017-06-09,6.25,6.25,5.900000095367432,6.099999904632568,6.099999904632568,3202873
2017-06-12,6.050000190734863,6.099999904632568,5.900000095367432,5.949999809265137,5.949999809265137,2487058
2017-06-13,6.0,6.300000190734863,6.0,6.050000190734863,6.050000190734863,4674752
2017-06-14,6.050000190734863,6.150000095367432,5.800000190734863,6.0,6.0,6051955
2017-06-15,6.0,6.150000095367432,5.949999809265137,6.0,6.0,2308636
2017-06-16,6.0,6.5,5.949999809265137,6.300000190734863,6.300000190734863,8772014
2017-06-19,6.300000190734863,6.449999809265137,6.199999809265137,6.300000190734863,6.300000190734863,4823006
2017-06-20,6.25,6.349999904632568,6.050000190734863,6.199999809265137,6.199999809265137,3710024
2017-06-21,6.25,6.75,6.099999904632568,6.599999904632568,6.599999904632568,12498226
2017-06-22,6.650000095367432,7.650000095367432,6.599999904632568,7.0,7.0,33484688
2017-06-23,6.949999809265137,7.050000190734863,6.449999809265137,6.599999904632568,6.599999904632568,7133094
2017-06-27,6.650000095367432,6.900000095367432,6.25,6.400000095367432,6.400000095367432,4068852
2017-06-28,6.400000095367432,6.699999809265137,6.300000190734863,6.5,6.5,2196737
2017-06-29,6.599999904632568,7.75,6.5,7.400000095367432,7.400000095367432,37108663
2017-06-30,7.400000095367432,8.800000190734863,7.25,8.600000381469727,8.600000381469727,53888659
2017-07-03,8.899999618530273,9.199999809265137,8.350000381469727,8.449999809265137,8.449999809265137,31595415
2017-07-04,8.5,8.600000381469727,7.75,8.0,8.0,20494797
2017-07-05,8.0,8.550000190734863,7.849999904632568,8.100000381469727,8.100000381469727,14113827
2017-07-06,8.199999809265137,8.300000190734863,7.900000095367432,8.0,8.0,8162742
2017-07-07,8.100000381469727,8.350000381469727,7.849999904632568,8.149999618530273,8.149999618530273,11105228
2017-07-10,8.199999809265137,8.199999809265137,7.949999809265137,8.0,8.0,2032023
2017-07-11,8.050000190734863,8.149999618530273,7.599999904632568,7.650000095367432,7.650000095367432,5775754
2017-07-12,7.75,7.849999904632568,7.5,7.650000095367432,7.650000095367432,3872947
2017-07-13,7.699999809265137,7.800000190734863,7.25,7.300000190734863,7.300000190734863,4034205
2017-07-14,7.5,7.800000190734863,7.349999904632568,7.550000190734863,7.550000190734863,7603651
2017-07-17,7.550000190734863,8.25,7.550000190734863,8.149999618530273,8.149999618530273,13425810
2017-07-18,8.050000190734863,8.100000381469727,7.650000095367432,7.699999809265137,7.699999809265137,4284140
2017-07-19,7.900000095367432,8.399999618530273,7.75,8.25,8.25,9873553
2017-07-20,8.300000190734863,9.050000190734863,8.25,8.350000381469727,8.350000381469727,20658509
2017-07-21,8.399999618530273,10.0,8.399999618530273,10.0,10.0,76961430
2017-07-24,11.199999809265137,12.0,10.75,11.649999618530273,11.649999618530273,77888304
2017-07-25,11.899999618530273,12.199999809265137,11.100000381469727,11.75,11.75,33030872
2017-07-26,11.850000381469727,12.199999809265137,11.25,11.449999809265137,11.449999809265137,20702984
2017-07-27,11.449999809265137,11.850000381469727,11.100000381469727,11.350000381469727,11.350000381469727,17103036
2017-07-28,11.050000190734863,12.449999809265137,11.0,12.449999809265137,12.449999809265137,43055116
2017-07-31,12.699999809265137,13.25,12.25,12.850000381469727,12.850000381469727,31404565
2017-08-01,12.949999809265137,13.149999618530273,12.399999618530273,12.949999809265137,12.949999809265137,16198648
2017-08-02,13.050000190734863,13.100000381469727,12.399999618530273,12.600000381469727,12.600000381469727,14741519
2017-08-03,12.699999809265137,12.699999809265137,11.75,12.100000381469727,12.100000381469727,20287433
2017-08-04,12.0,12.649999618530273,11.800000190734863,12.350000381469727,12.350000381469727,12620351
2017-08-07,12.399999618530273,13.550000190734863,12.399999618530273,13.449999809265137,13.449999809265137,34524275
2017-08-08,13.550000190734863,13.600000381469727,12.5,12.699999809265137,12.699999809265137,20609682
2017-08-09,12.5,13.75,11.949999809265137,12.949999809265137,12.949999809265137,29534056
2017-08-10,12.800000190734863,13.0,11.75,12.050000190734863,12.050000190734863,15028467
2017-08-11,11.699999809265137,12.899999618530273,11.100000381469727,12.149999618530273,12.149999618530273,23046418
2017-08-14,12.350000381469727,12.949999809265137,12.350000381469727,12.550000190734863,12.550000190734863,8309072
2017-08-16,12.800000190734863,13.0,12.149999618530273,12.800000190734863,12.800000190734863,11218090
2017-08-17,12.949999809265137,13.550000190734863,12.550000190734863,13.25,13.25,22975476
2017-08-18,13.100000381469727,13.899999618530273,12.75,13.5,13.5,24368139
2017-08-21,13.100000381469727,13.550000190734863,12.699999809265137,12.75,12.75,11078008
2017-08-22,12.899999618530273,13.149999618530273,12.300000190734863,12.350000381469727,12.350000381469727,8754798
2017-08-23,12.300000190734863,12.449999809265137,11.75,11.75,11.75,3042881
2017-08-24,11.600000381469727,12.300000190734863,11.199999809265137,11.600000381469727,11.600000381469727,5806159
2017-08-28,11.949999809265137,12.149999618530273,11.699999809265137,12.149999618530273,12.149999618530273,1910964
2017-08-29,12.5,12.699999809265137,11.899999618530273,12.100000381469727,12.100000381469727,3657357
2017-08-30,12.399999618530273,12.550000190734863,12.050000190734863,12.199999809265137,12.199999809265137,1656612
2017-08-31,12.5,12.550000190734863,11.800000190734863,11.949999809265137,11.949999809265137,1857882
2017-09-01,12.0,12.25,11.600000381469727,12.050000190734863,12.050000190734863,1654011
2017-09-04,11.949999809265137,12.199999809265137,11.649999618530273,11.949999809265137,11.949999809265137,1999353
2017-09-05,12.100000381469727,12.399999618530273,12.0,12.199999809265137,12.199999809265137,2244223
2017-09-06,12.350000381469727,12.350000381469727,11.949999809265137,12.149999618530273,12.149999618530273,1570467
2017-09-07,12.0,12.5,12.0,12.399999618530273,12.399999618530273,2147382
2017-09-08,12.399999618530273,12.800000190734863,12.399999618530273,12.5,12.5,3148067
2017-09-11,12.850000381469727,12.850000381469727,12.199999809265137,12.350000381469727,12.350000381469727,2122583
2017-09-12,12.449999809265137,12.649999618530273,12.050000190734863,12.449999809265137,12.449999809265137,2558974
2017-09-13,12.449999809265137,12.600000381469727,12.100000381469727,12.199999809265137,12.199999809265137,1668474
2017-09-14,12.449999809265137,12.449999809265137,12.100000381469727,12.149999618530273,12.149999618530273,1290796
2017-09-15,12.100000381469727,12.399999618530273,12.0,12.199999809265137,12.199999809265137,1989891
2017-09-18,12.100000381469727,12.399999618530273,12.100000381469727,12.25,12.25,1930658
2017-09-19,12.350000381469727,12.399999618530273,12.050000190734863,12.25,12.25,1539893
2017-09-20,12.25,12.5,11.949999809265137,12.0,12.0,1936007
2017-09-21,12.0,12.199999809265137,11.649999618530273,11.949999809265137,11.949999809265137,1741091
2017-09-22,12.0,12.0,11.5,11.600000381469727,11.600000381469727,1865162
2017-09-25,11.649999618530273,11.800000190734863,11.050000190734863,11.399999618530273,11.399999618530273,2518733
2017-09-26,11.5,11.75,11.0,11.5,11.5,1659241
2017-09-27,11.649999618530273,11.649999618530273,11.100000381469727,11.199999809265137,11.199999809265137,1696590
2017-09-28,11.100000381469727,11.300000190734863,10.899999618530273,11.149999618530273,11.149999618530273,1996620
2017-09-29,11.300000190734863,11.699999809265137,11.300000190734863,11.699999809265137,11.699999809265137,589917
2017-10-03,12.199999809265137,12.25,12.050000190734863,12.25,12.25,1447575
2017-10-04,12.649999618530273,12.75,12.100000381469727,12.199999809265137,12.199999809265137,2516221
2017-10-05,12.199999809265137,12.399999618530273,12.0,12.199999809265137,12.199999809265137,1273773
2017-10-06,12.0,12.600000381469727,11.699999809265137,12.399999618530273,12.399999618530273,1834072
2017-10-09,12.399999618530273,12.399999618530273,12.0,12.100000381469727,12.100000381469727,1176336
2017-10-10,12.199999809265137,12.25,11.800000190734863,11.899999618530273,11.899999618530273,1101729
2017-10-11,12.199999809265137,12.199999809265137,11.600000381469727,11.75,11.75,1400744
2017-10-12,11.600000381469727,12.25,11.600000381469727,11.899999618530273,11.899999618530273,1374626
2017-10-13,11.75,12.050000190734863,11.699999809265137,11.800000190734863,11.800000190734863,1244449
2017-10-16,11.800000190734863,11.949999809265137,11.5,11.649999618530273,11.649999618530273,966575
2017-10-17,11.550000190734863,12.199999809265137,11.5,12.199999809265137,12.199999809265137,1612292
2017-10-18,12.800000190734863,12.800000190734863,12.800000190734863,12.800000190734863,12.800000190734863,1187895
2017-10-19,13.199999809265137,13.399999618530273,13.100000381469727,13.399999618530273,13.399999618530273,5225354
2017-10-23,14.050000190734863,14.050000190734863,14.050000190734863,14.050000190734863,14.050000190734863,1559628
2017-10-24,14.75,14.75,14.75,14.75,14.75,638613
2017-10-25,15.449999809265137,15.449999809265137,15.449999809265137,15.449999809265137,15.449999809265137,1923188
2017-10-26,15.949999809265137,16.200000762939453,15.449999809265137,16.200000762939453,16.200000762939453,8824743
2017-10-27,17.0,17.0,17.0,17.0,17.0,1376058
2017-10-30,17.850000381469727,17.850000381469727,17.850000381469727,17.850000381469727,17.850000381469727,1319431
2017-10-31,18.700000762939453,18.700000762939453,18.700000762939453,18.700000762939453,18.700000762939453,950616
2017-11-01,19.600000381469727,19.600000381469727,17.799999237060547,17.799999237060547,17.799999237060547,7331710
2017-11-02,16.950000762939453,16.950000762939453,16.950000762939453,16.950000762939453,16.950000762939453,1361623
2017-11-03,16.149999618530273,17.75,16.149999618530273,17.75,17.75,8236884
2017-11-06,17.700000762939453,18.350000381469727,17.100000381469727,17.549999237060547,17.549999237060547,6068596
2017-11-07,17.549999237060547,17.899999618530273,16.700000762939453,16.75,16.75,3473097
2017-11-08,16.75,17.200000762939453,16.049999237060547,16.299999237060547,16.299999237060547,2473743
2017-11-09,16.350000381469727,16.850000381469727,16.200000762939453,16.5,16.5,1979906
2017-11-10,16.049999237060547,16.75,16.0,16.25,16.25,1812961
2017-11-13,15.449999809265137,15.449999809265137,15.449999809265137,15.449999809265137,15.449999809265137,719797
2017-11-14,14.699999809265137,16.200000762939453,14.699999809265137,15.899999618530273,15.899999618530273,3921963
2017-11-15,15.699999809265137,15.699999809265137,15.149999618530273,15.149999618530273,15.149999618530273,1927409
2017-11-16,15.0,15.899999618530273,14.5,15.899999618530273,15.899999618530273,2966040
2017-11-17,16.600000381469727,16.649999618530273,16.0,16.200000762939453,16.200000762939453,2642835
2017-11-20,16.600000381469727,16.700000762939453,15.550000190734863,16.350000381469727,16.350000381469727,1325621
2017-11-21,16.0,16.850000381469727,15.899999618530273,16.350000381469727,16.350000381469727,2082561
2017-11-22,16.350000381469727,16.700000762939453,15.550000190734863,16.049999237060547,16.049999237060547,1890714
2017-11-23,15.800000190734863,16.25,15.649999618530273,16.0,16.0,828173
2017-11-24,16.200000762939453,16.299999237060547,15.649999618530273,16.200000762939453,16.200000762939453,1699486
2017-11-27,16.200000762939453,16.75,15.850000381469727,16.5,16.5,1883890
2017-11-28,16.5,16.649999618530273,16.100000381469727,16.549999237060547,16.549999237060547,1154377
2017-11-29,16.25,16.549999237060547,16.0,16.049999237060547,16.049999237060547,1199351
2017-11-30,15.850000381469727,16.200000762939453,15.550000190734863,15.800000190734863,15.800000190734863,1883568
2017-12-01,15.800000190734863,16.200000762939453,15.300000190734863,15.5,15.5,1698037
2017-12-04,15.5,15.75,14.800000190734863,15.050000190734863,15.050000190734863,1649908
2017-12-05,15.100000381469727,15.300000190734863,14.449999809265137,15.100000381469727,15.100000381469727,1287473
2017-12-06,15.100000381469727,15.100000381469727,14.550000190734863,14.899999618530273,14.899999618530273,800293
2017-12-07,14.600000381469727,15.25,14.600000381469727,15.0,15.0,962982
2017-12-08,15.0,15.75,15.0,15.75,15.75,1079588
2017-12-11,16.5,16.5,15.649999618530273,15.949999809265137,15.949999809265137,2270868
2017-12-12,15.699999809265137,16.299999237060547,15.300000190734863,15.75,15.75,1686711
2017-12-13,15.75,16.0,15.149999618530273,15.449999809265137,15.449999809265137,1371162
2017-12-14,15.5,16.0,15.100000381469727,15.949999809265137,15.949999809265137,1461721
2017-12-15,16.200000762939453,16.399999618530273,15.699999809265137,15.800000190734863,15.800000190734863,1290216
2017-12-18,15.899999618530273,16.25,15.050000190734863,15.949999809265137,15.949999809265137,2135644
2017-12-19,15.800000190734863,16.25,15.800000190734863,16.049999237060547,16.049999237060547,1329390
2017-12-20,16.100000381469727,16.200000762939453,15.850000381469727,16.0,16.0,1201109
2017-12-21,15.949999809265137,16.799999237060547,15.850000381469727,16.799999237060547,16.799999237060547,2224019
2017-12-22,17.5,17.600000381469727,17.100000381469727,17.600000381469727,17.600000381469727,4677661
2017-12-26,18.450000762939453,18.450000762939453,18.25,18.450000762939453,18.450000762939453,2380648
2017-12-27,18.899999618530273,19.0,17.649999618530273,18.100000381469727,18.100000381469727,4033635
2017-12-28,18.0,18.450000762939453,17.350000381469727,18.149999618530273,18.149999618530273,2219379
2017-12-29,18.200000762939453,18.899999618530273,17.899999618530273,18.649999618530273,18.649999618530273,3024264
2018-01-01,18.950000762939453,19.549999237060547,18.799999237060547,19.25,19.25,5454220
2018-01-02,19.5,19.549999237060547,18.299999237060547,18.399999618530273,18.399999618530273,4078695
2018-01-03,18.399999618530273,19.299999237060547,17.799999237060547,19.049999237060547,19.049999237060547,2487906
2018-01-04,19.649999618530273,20.0,19.600000381469727,20.0,20.0,6582369
2018-01-05,20.950000762939453,20.950000762939453,19.799999237060547,20.049999237060547,20.049999237060547,4177184
2018-01-08,20.450000762939453,21.049999237060547,19.600000381469727,21.049999237060547,21.049999237060547,3760536
2018-01-09,21.950000762939453,22.100000381469727,21.5,22.100000381469727,22.100000381469727,6471682
2018-01-10,22.649999618530273,23.200000762939453,22.299999237060547,23.200000762939453,23.200000762939453,5039677
2018-01-11,24.100000381469727,24.350000381469727,23.5,24.350000381469727,24.350000381469727,6381936
2018-01-12,25.350000381469727,25.549999237060547,24.5,25.549999237060547,25.549999237060547,7994657
2018-01-15,26.299999237060547,26.799999237060547,25.600000381469727,26.799999237060547,26.799999237060547,4002513
2018-01-16,27.799999237060547,27.850000381469727,25.5,25.5,25.5,4390276
2018-01-17,24.25,24.25,24.25,24.25,24.25,1667012
2018-01-18,23.049999237060547,25.450000762939453,23.049999237060547,23.049999237060547,23.049999237060547,8717106
2018-01-19,22.350000381469727,22.950000762939453,21.899999618530273,22.049999237060547,22.049999237060547,5303183
2018-01-22,22.0,23.149999618530273,21.5,23.149999618530273,23.149999618530273,2836281
2018-01-23,23.5,23.950000762939453,22.25,22.700000762939453,22.700000762939453,3335765
2018-01-24,22.5,22.5,21.600000381469727,21.649999618530273,21.649999618530273,2260682
2018-01-25,21.0,21.850000381469727,20.649999618530273,21.149999618530273,21.149999618530273,2558537
2018-01-29,21.149999618530273,21.899999618530273,20.100000381469727,20.149999618530273,20.149999618530273,1948745
2018-01-30,20.0,21.0,19.200000762939453,20.649999618530273,20.649999618530273,2949901
2018-01-31,20.649999618530273,21.25,19.850000381469727,20.700000762939453,20.700000762939453,1614693
2018-02-01,20.75,21.700000762939453,20.299999237060547,21.700000762939453,21.700000762939453,5226269
2018-02-02,21.100000381469727,21.299999237060547,20.649999618530273,20.649999618530273,20.649999618530273,2453850
2018-02-05,19.649999618530273,19.649999618530273,19.649999618530273,19.649999618530273,19.649999618530273,836555
2018-02-06,18.700000762939453,18.700000762939453,18.700000762939453,18.700000762939453,18.700000762939453,562379
2018-02-07,18.850000381469727,19.600000381469727,18.200000762939453,18.700000762939453,18.700000762939453,5527298
2018-02-08,19.200000762939453,19.600000381469727,18.600000381469727,19.600000381469727,19.600000381469727,5206355
2018-02-09,19.0,20.549999237060547,18.75,20.299999237060547,20.299999237060547,7005994
2018-02-12,20.649999618530273,21.25,20.049999237060547,20.549999237060547,20.549999237060547,3308768
2018-02-14,20.549999237060547,20.950000762939453,19.549999237060547,19.549999237060547,19.549999237060547,12998054
2018-02-15,19.299999237060547,20.0,18.600000381469727,18.75,18.75,5057394
2018-02-16,19.0,19.450000762939453,17.850000381469727,17.850000381469727,17.850000381469727,6816343
2018-02-19,18.600000381469727,18.700000762939453,17.5,17.950000762939453,17.950000762939453,4811879
2018-02-20,18.0,18.200000762939453,17.299999237060547,17.450000762939453,17.450000762939453,2640122
2018-02-21,17.450000762939453,17.700000762939453,16.649999618530273,16.850000381469727,16.850000381469727,4339503
2018-02-22,16.649999618530273,17.100000381469727,16.200000762939453,16.799999237060547,16.799999237060547,4817193
2018-02-23,16.649999618530273,17.600000381469727,16.649999618530273,17.549999237060547,17.549999237060547,6407505
2018-02-26,17.75,18.149999618530273,17.0,17.100000381469727,17.100000381469727,3758683
2018-02-27,17.200000762939453,17.299999237060547,16.75,17.149999618530273,17.149999618530273,2452550
2018-02-28,16.75,17.299999237060547,16.75,16.899999618530273,16.899999618530273,1800704
2018-03-01,16.799999237060547,17.200000762939453,16.299999237060547,16.5,16.5,1875492
2018-03-05,16.5,16.5,15.699999809265137,15.699999809265137,15.699999809265137,2836403
2018-03-06,15.899999618530273,16.200000762939453,14.949999809265137,14.949999809265137,14.949999809265137,4143545
2018-03-07,14.699999809265137,14.699999809265137,14.25,14.25,14.25,5161505
2018-03-08,13.899999618530273,14.25,13.550000190734863,14.0,14.0,10617120
2018-03-09,14.350000381469727,14.699999809265137,13.800000190734863,14.649999618530273,14.649999618530273,4070428
2018-03-12,15.050000190734863,15.350000381469727,14.850000381469727,15.350000381469727,15.350000381469727,2409035
2018-03-13,15.800000190734863,16.100000381469727,15.600000381469727,16.100000381469727,16.100000381469727,1876513
2018-03-14,16.100000381469727,16.350000381469727,15.300000190734863,15.649999618530273,15.649999618530273,5824002
2018-03-15,15.899999618530273,16.299999237060547,15.5,15.899999618530273,15.899999618530273,3892766
2018-03-16,16.100000381469727,16.149999618530273,15.149999618530273,15.199999809265137,15.199999809265137,2906766
2018-03-19,15.449999809265137,15.449999809265137,14.449999809265137,14.449999809265137,14.449999809265137,2601020
2018-03-20,14.0,14.600000381469727,13.850000381469727,14.100000381469727,14.100000381469727,2926939
2018-03-21,14.449999809265137,14.800000190734863,14.25,14.699999809265137,14.699999809265137,4868258
2018-03-22,14.949999809265137,15.25,14.0,14.0,14.0,4176834
2018-03-23,13.300000190734863,13.75,13.300000190734863,13.350000381469727,13.350000381469727,5995319
2018-03-26,13.399999618530273,14.0,12.949999809265137,14.0,14.0,4156300
2018-03-27,14.550000190734863,14.699999809265137,14.199999809265137,14.399999618530273,14.399999618530273,9287599
2018-03-28,14.350000381469727,14.350000381469727,13.699999809265137,14.100000381469727,14.100000381469727,5619939
2018-04-02,14.199999809265137,14.800000190734863,14.199999809265137,14.800000190734863,14.800000190734863,2597947
2018-04-03,14.550000190734863,15.399999618530273,14.399999618530273,15.100000381469727,15.100000381469727,6906255
2018-04-04,15.25,15.75,14.600000381469727,14.75,14.75,6249027
2018-04-05,15.0,15.199999809265137,14.850000381469727,15.100000381469727,15.100000381469727,3555976
2018-04-06,15.149999618530273,16.600000381469727,14.600000381469727,16.600000381469727,16.600000381469727,12584419
2018-04-09,16.950000762939453,17.5,16.450000762939453,16.549999237060547,16.549999237060547,10863538
2018-04-10,16.75,17.049999237060547,16.149999618530273,16.450000762939453,16.450000762939453,4193825
2018-04-11,16.549999237060547,17.049999237060547,16.200000762939453,16.649999618530273,16.649999618530273,3888250
2018-04-12,16.600000381469727,16.75,16.200000762939453,16.350000381469727,16.350000381469727,2050900
2018-04-13,16.350000381469727,16.950000762939453,16.049999237060547,16.149999618530273,16.149999618530273,2557584
2018-04-16,15.649999618530273,16.200000762939453,15.649999618530273,15.899999618530273,15.899999618530273,2721268
2018-04-17,16.0,16.200000762939453,15.699999809265137,15.850000381469727,15.850000381469727,2212299
2018-04-18,16.0,16.0,15.449999809265137,15.5,15.5,1892472
2018-04-19,15.699999809265137,16.049999237060547,15.050000190734863,15.25,15.25,2795981
2018-04-20,15.050000190734863,15.449999809265137,15.0,15.050000190734863,15.050000190734863,1518018
2018-04-23,15.050000190734863,15.550000190734863,15.0,15.100000381469727,15.100000381469727,2203619
2018-04-24,15.050000190734863,16.200000762939453,15.0,15.850000381469727,15.850000381469727,5223595
2018-04-25,15.899999618530273,15.899999618530273,14.649999618530273,14.800000190734863,14.800000190734863,4376185
2018-04-26,14.800000190734863,15.100000381469727,14.550000190734863,14.850000381469727,14.850000381469727,1384861
2018-04-27,15.0,15.25,14.649999618530273,14.699999809265137,14.699999809265137,1757798
2018-04-30,14.600000381469727,15.050000190734863,14.300000190734863,14.949999809265137,14.949999809265137,2674953
2018-05-02,15.0,15.300000190734863,14.600000381469727,14.649999618530273,14.649999618530273,2949218
2018-05-03,15.0,15.050000190734863,14.199999809265137,14.300000190734863,14.300000190734863,2423404
2018-05-04,14.449999809265137,14.600000381469727,14.100000381469727,14.199999809265137,14.199999809265137,1679622
2018-05-07,14.199999809265137,14.300000190734863,12.800000190734863,13.350000381469727,13.350000381469727,4754571
2018-05-08,13.350000381469727,14.649999618530273,12.899999618530273,14.649999618530273,14.649999618530273,7536460
2018-05-09,14.899999618530273,14.899999618530273,14.0,14.050000190734863,14.050000190734863,3264718
2018-05-10,14.199999809265137,14.600000381469727,13.850000381469727,13.899999618530273,13.899999618530273,1723322
2018-05-11,14.050000190734863,14.100000381469727,13.449999809265137,13.550000190734863,13.550000190734863,1335293
2018-05-14,13.600000381469727,13.899999618530273,13.0,13.050000190734863,13.050000190734863,2284656
2018-05-15,13.100000381469727,13.449999809265137,12.899999618530273,13.0,13.0,1367985
2018-05-16,12.899999618530273,13.350000381469727,12.550000190734863,12.899999618530273,12.899999618530273,2486344
2018-05-17,13.0,13.699999809265137,12.899999618530273,13.350000381469727,13.350000381469727,2488809
2018-05-18,13.699999809265137,13.699999809265137,12.75,12.899999618530273,12.899999618530273,1862825
2018-05-21,12.899999618530273,13.100000381469727,11.649999618530273,11.649999618530273,11.649999618530273,4683572
2018-05-22,11.649999618530273,11.949999809265137,10.699999809265137,11.350000381469727,11.350000381469727,5516132
2018-05-23,11.300000190734863,12.449999809265137,11.050000190734863,12.449999809265137,12.449999809265137,6141435
2018-05-24,13.199999809265137,13.600000381469727,12.699999809265137,13.050000190734863,13.050000190734863,9361834
2018-05-25,13.0,13.350000381469727,12.899999618530273,13.149999618530273,13.149999618530273,2912521
2018-05-28,13.300000190734863,14.449999809265137,13.149999618530273,14.0,14.0,8192283
2018-05-29,14.0,14.149999618530273,13.149999618530273,13.25,13.25,2952950
2018-05-30,13.100000381469727,13.399999618530273,12.899999618530273,13.199999809265137,13.199999809265137,1454769
2018-05-31,13.199999809265137,13.399999618530273,12.75,12.949999809265137,12.949999809265137,2417393
2018-06-01,12.649999618530273,12.949999809265137,12.350000381469727,12.350000381469727,12.350000381469727,3142763
2018-06-04,12.0,12.100000381469727,11.75,11.75,11.75,2467125
2018-06-05,11.449999809265137,11.550000190734863,11.199999809265137,11.199999809265137,11.199999809265137,648435
2018-06-06,10.649999618530273,11.600000381469727,10.649999618530273,11.350000381469727,11.350000381469727,5979839
2018-06-07,11.600000381469727,11.899999618530273,11.25,11.850000381469727,11.850000381469727,2635860
2018-06-08,12.199999809265137,12.199999809265137,11.550000190734863,11.800000190734863,11.800000190734863,1624672
2018-06-11,12.149999618530273,12.350000381469727,12.050000190734863,12.25,12.25,2456243
2018-06-12,12.550000190734863,12.550000190734863,11.899999618530273,12.0,12.0,2146447
2018-06-13,12.0,12.149999618530273,11.550000190734863,11.699999809265137,11.699999809265137,961587
2018-06-14,11.75,11.899999618530273,11.300000190734863,11.5,11.5,1405444
2018-06-15,11.399999618530273,11.699999809265137,11.399999618530273,11.449999809265137,11.449999809265137,631704
2018-06-18,11.449999809265137,11.600000381469727,11.050000190734863,11.199999809265137,11.199999809265137,1012189
2018-06-19,11.199999809265137,11.300000190734863,10.850000381469727,10.949999809265137,10.949999809265137,1582937
2018-06-20,10.949999809265137,11.149999618530273,10.800000190734863,11.0,11.0,1006155
2018-06-21,11.149999618530273,11.300000190734863,10.949999809265137,10.949999809265137,10.949999809265137,1377421
2018-06-22,10.850000381469727,11.050000190734863,10.699999809265137,10.800000190734863,10.800000190734863,1577747
2018-06-25,10.899999618530273,10.949999809265137,10.399999618530273,10.5,10.5,1337453
2018-06-26,10.5,10.5,10.0,10.0,10.0,2544245
2018-06-27,9.949999809265137,9.949999809265137,9.5,9.5,9.5,1791926
2018-06-28,9.25,9.350000381469727,9.050000190734863,9.050000190734863,9.050000190734863,3854574
2018-06-29,8.75,9.5,8.75,9.5,9.5,2470851
2018-07-02,9.699999809265137,9.949999809265137,9.649999618530273,9.949999809265137,9.949999809265137,5007397
2018-07-03,10.350000381469727,10.350000381469727,9.75,9.75,9.75,1952469
2018-07-04,9.800000190734863,10.199999809265137,9.649999618530273,9.949999809265137,9.949999809265137,3173491
2018-07-05,9.899999618530273,9.899999618530273,9.5,9.550000190734863,9.550000190734863,1495898
2018-07-06,9.5,9.75,9.25,9.600000381469727,9.600000381469727,988908
2018-07-09,10.0,10.050000190734863,9.949999809265137,10.050000190734863,10.050000190734863,934411
2018-07-10,10.350000381469727,10.550000190734863,10.300000190734863,10.550000190734863,10.550000190734863,843688
2018-07-11,11.050000190734863,11.050000190734863,10.600000381469727,11.050000190734863,11.050000190734863,6758667
2018-07-12,11.600000381469727,11.600000381469727,11.600000381469727,11.600000381469727,11.600000381469727,614030
2018-07-13,12.149999618530273,12.149999618530273,11.149999618530273,12.149999618530273,12.149999618530273,11086552
2018-07-16,12.399999618530273,12.399999618530273,11.550000190734863,11.550000190734863,11.550000190734863,3690187
2018-07-17,11.050000190734863,11.449999809265137,11.0,11.0,11.0,5507758
2018-07-18,11.100000381469727,11.350000381469727,10.649999618530273,11.100000381469727,11.100000381469727,2227869
2018-07-19,11.399999618530273,11.449999809265137,10.550000190734863,10.649999618530273,10.649999618530273,1672078
2018-07-20,10.850000381469727,11.100000381469727,10.25,10.899999618530273,10.899999618530273,1819251
2018-07-23,11.050000190734863,11.300000190734863,10.699999809265137,10.899999618530273,10.899999618530273,1604471
2018-07-24,10.800000190734863,11.399999618530273,10.800000190734863,11.399999618530273,11.399999618530273,3109048
2018-07-25,11.5,11.550000190734863,10.899999618530273,10.949999809265137,10.949999809265137,2016867
2018-07-26,10.949999809265137,11.25,10.850000381469727,11.0,11.0,980196
2018-07-27,10.850000381469727,11.550000190734863,10.850000381469727,11.550000190734863,11.550000190734863,3386021
2018-07-30,11.75,11.75,11.149999618530273,11.199999809265137,11.199999809265137,1941957
2018-07-31,11.199999809265137,11.449999809265137,11.050000190734863,11.149999618530273,11.149999618530273,1729867
2018-08-01,11.100000381469727,11.300000190734863,10.75,10.949999809265137,10.949999809265137,1573348
2018-08-02,11.100000381469727,11.350000381469727,10.550000190734863,11.149999618530273,11.149999618530273,1975209
2018-08-03,11.300000190734863,11.699999809265137,11.149999618530273,11.699999809265137,11.699999809265137,6424218
2018-08-06,11.899999618530273,12.25,11.5,12.149999618530273,12.149999618530273,5051067
2018-08-07,12.25,12.25,11.600000381469727,11.949999809265137,11.949999809265137,2117473
2018-08-08,12.350000381469727,12.449999809265137,11.800000190734863,12.25,12.25,2974765
2018-08-09,12.25,12.449999809265137,11.800000190734863,12.0,12.0,2117205
2018-08-10,11.949999809265137,12.0,11.550000190734863,11.649999618530273,11.649999618530273,1648848
2018-08-13,11.5,11.550000190734863,11.300000190734863,11.350000381469727,11.350000381469727,931850
2018-08-14,11.649999618530273,11.899999618530273,11.100000381469727,11.350000381469727,11.350000381469727,5411033
2018-08-16,11.350000381469727,11.399999618530273,11.149999618530273,11.199999809265137,11.199999809265137,963613
2018-08-17,11.399999618530273,11.75,11.100000381469727,11.649999618530273,11.649999618530273,4069909
2018-08-20,11.75,11.899999618530273,11.300000190734863,11.800000190734863,11.800000190734863,2624537
2018-08-21,11.850000381469727,12.25,11.5,11.949999809265137,11.949999809265137,3139205
2018-08-23,12.050000190734863,12.050000190734863,11.550000190734863,11.649999618530273,11.649999618530273,1294625
2018-08-24,11.699999809265137,11.699999809265137,11.199999809265137,11.300000190734863,11.300000190734863,1471936
2018-08-27,11.449999809265137,11.550000190734863,11.100000381469727,11.25,11.25,2186948
2018-08-28,10.800000190734863,11.199999809265137,10.800000190734863,11.0,11.0,2119867
2018-08-29,11.100000381469727,11.100000381469727,10.800000190734863,10.899999618530273,10.899999618530273,1236684
2018-08-30,10.899999618530273,11.399999618530273,10.800000190734863,11.25,11.25,1950628
2018-08-31,11.25,11.800000190734863,11.100000381469727,11.699999809265137,11.699999809265137,2693453
2018-09-03,11.699999809265137,11.699999809265137,11.449999809265137,11.5,11.5,1366658
2018-09-04,11.5,11.600000381469727,11.199999809265137,11.300000190734863,11.300000190734863,1410498
2018-09-05,11.050000190734863,11.25,10.850000381469727,11.100000381469727,11.100000381469727,2036861
2018-09-06,11.25,11.350000381469727,10.800000190734863,10.949999809265137,10.949999809265137,1695337
2018-09-07,11.0,11.050000190734863,10.850000381469727,10.899999618530273,10.899999618530273,1166122
2018-09-10,10.850000381469727,10.949999809265137,10.75,10.800000190734863,10.800000190734863,995137
2018-09-11,10.800000190734863,10.899999618530273,10.350000381469727,10.399999618530273,10.399999618530273,1563390
2018-09-12,10.600000381469727,10.600000381469727,10.100000381469727,10.300000190734863,10.300000190734863,1471092
2018-09-14,10.5,10.600000381469727,10.100000381469727,10.300000190734863,10.300000190734863,1349742
2018-09-17,10.449999809265137,10.800000190734863,9.850000381469727,10.800000190734863,10.800000190734863,3476287
2018-09-18,10.800000190734863,10.800000190734863,10.300000190734863,10.300000190734863,10.300000190734863,2289256
2018-09-19,10.149999618530273,10.149999618530273,9.800000190734863,9.800000190734863,9.800000190734863,2443320
2018-09-21,9.550000190734863,10.0,9.350000381469727,9.350000381469727,9.350000381469727,2821811
2018-09-24,9.25,9.25,8.899999618530273,8.899999618530273,8.899999618530273,1963187
2018-09-25,8.550000190734863,8.75,8.5,8.5,8.5,3164028
2018-09-26,8.800000190734863,8.800000190734863,8.300000190734863,8.550000190734863,8.550000190734863,1744803
2018-09-27,8.550000190734863,8.75,8.149999618530273,8.149999618530273,8.149999618530273,1826366
2018-09-28,8.050000190734863,8.350000381469727,7.75,7.75,7.75,2470620
2018-10-01,7.75,7.949999809265137,7.400000095367432,7.550000190734863,7.550000190734863,2686653
2018-10-03,7.599999904632568,7.900000095367432,7.550000190734863,7.800000190734863,7.800000190734863,2128278
2018-10-04,7.800000190734863,8.0,7.550000190734863,7.800000190734863,7.800000190734863,2012317
2018-10-05,8.0,8.0,7.449999809265137,7.5,7.5,3678775
2018-10-08,7.5,7.599999904632568,7.150000095367432,7.150000095367432,7.150000095367432,1767328
2018-10-09,7.25,7.300000190734863,6.800000190734863,6.949999809265137,6.949999809265137,1924172
2018-10-10,7.0,7.25,6.900000095367432,7.25,7.25,1726605
2018-10-11,7.0,7.25,6.900000095367432,7.199999809265137,7.199999809265137,1625132
2018-10-12,7.449999809265137,7.550000190734863,7.25,7.300000190734863,7.300000190734863,1653145
2018-10-15,7.449999809265137,7.449999809265137,7.150000095367432,7.300000190734863,7.300000190734863,1129757
2018-10-16,7.349999904632568,7.650000095367432,7.349999904632568,7.650000095367432,7.650000095367432,2476384
2018-10-17,7.949999809265137,8.0,7.300000190734863,7.300000190734863,7.300000190734863,2631102
2018-10-19,7.050000190734863,7.199999809265137,6.949999809265137,7.0,7.0,3127944
2018-10-22,7.300000190734863,7.300000190734863,6.75,6.800000190734863,6.800000190734863,1315145
2018-10-23,6.800000190734863,7.099999904632568,6.699999809265137,7.050000190734863,7.050000190734863,1066173
2018-10-24,7.25,7.300000190734863,6.900000095367432,6.949999809265137,6.949999809265137,1038878
2018-10-25,6.949999809265137,7.050000190734863,6.699999809265137,6.949999809265137,6.949999809265137,1406863
2018-10-26,7.0,7.150000095367432,6.75,6.849999904632568,6.849999904632568,1876975
2018-10-29,7.0,7.150000095367432,7.0,7.150000095367432,7.150000095367432,964466
2018-10-30,7.5,7.849999904632568,7.449999809265137,7.699999809265137,7.699999809265137,5906718
2018-10-31,7.699999809265137,8.0,7.449999809265137,7.599999904632568,7.599999904632568,2153081
2018-11-01,7.599999904632568,7.949999809265137,7.599999904632568,7.849999904632568,7.849999904632568,1858044
2018-11-02,8.0,8.350000381469727,7.75,8.050000190734863,8.050000190734863,3834128
2018-11-05,8.149999618530273,8.149999618530273,7.699999809265137,7.75,7.75,1864674
2018-11-06,7.800000190734863,8.0,7.599999904632568,7.75,7.75,1354261
2018-11-07,7.849999904632568,8.0,7.800000190734863,7.900000095367432,7.900000095367432,733051
2018-11-09,7.900000095367432,8.050000190734863,7.650000095367432,7.900000095367432,7.900000095367432,904493
2018-11-12,7.849999904632568,8.149999618530273,7.849999904632568,7.949999809265137,7.949999809265137,1413071
2018-11-13,7.949999809265137,8.0,7.800000190734863,7.849999904632568,7.849999904632568,1042355
2018-11-14,8.0,8.600000381469727,7.75,7.800000190734863,7.800000190734863,7437292
2018-11-15,7.900000095367432,8.199999809265137,7.699999809265137,7.800000190734863,7.800000190734863,3261961
2018-11-16,7.849999904632568,7.900000095367432,7.699999809265137,7.75,7.75,1498737
2018-11-19,7.900000095367432,8.0,7.800000190734863,7.849999904632568,7.849999904632568,1077090
2018-11-20,7.800000190734863,7.849999904632568,7.599999904632568,7.650000095367432,7.650000095367432,969601
2018-11-21,7.699999809265137,8.300000190734863,7.400000095367432,7.949999809265137,7.949999809265137,2329003
2018-11-22,8.0,8.0,7.800000190734863,7.849999904632568,7.849999904632568,828689
2018-11-26,8.050000190734863,8.100000381469727,7.699999809265137,7.800000190734863,7.800000190734863,990964
2018-11-27,7.75,7.900000095367432,7.699999809265137,7.800000190734863,7.800000190734863,536937
2018-11-28,7.800000190734863,7.800000190734863,7.449999809265137,7.5,7.5,1179641
2018-11-29,7.599999904632568,7.849999904632568,7.199999809265137,7.300000190734863,7.300000190734863,1448141
2018-11-30,7.300000190734863,7.5,7.300000190734863,7.449999809265137,7.449999809265137,725286
2018-12-03,7.449999809265137,7.800000190734863,7.449999809265137,7.699999809265137,7.699999809265137,1256300
2018-12-04,7.800000190734863,7.800000190734863,7.449999809265137,7.5,7.5,875034
2018-12-05,7.449999809265137,7.5,7.300000190734863,7.300000190734863,7.300000190734863,831685
2018-12-06,7.349999904632568,7.449999809265137,6.599999904632568,6.75,6.75,4969247
2018-12-07,6.900000095367432,7.050000190734863,6.800000190734863,6.949999809265137,6.949999809265137,1049335
2018-12-10,6.949999809265137,7.099999904632568,6.75,6.849999904632568,6.849999904632568,1406552
2018-12-11,6.849999904632568,7.0,6.699999809265137,6.849999904632568,6.849999904632568,1185766
2018-12-12,6.849999904632568,7.599999904632568,6.849999904632568,7.349999904632568,7.349999904632568,3718204
2018-12-13,7.550000190734863,7.699999809265137,7.150000095367432,7.25,7.25,1228399
2018-12-14,7.349999904632568,7.800000190734863,7.150000095367432,7.5,7.5,1859514
2018-12-17,7.599999904632568,7.699999809265137,7.349999904632568,7.5,7.5,866855
2018-12-18,7.449999809265137,7.699999809265137,7.349999904632568,7.5,7.5,1159886
2018-12-19,7.800000190734863,8.100000381469727,7.75,8.0,8.0,3436017
2018-12-20,7.949999809265137,8.050000190734863,7.800000190734863,7.949999809265137,7.949999809265137,1406680
2018-12-21,7.900000095367432,8.050000190734863,7.800000190734863,7.949999809265137,7.949999809265137,1450989
2018-12-24,8.25,8.399999618530273,7.849999904632568,7.949999809265137,7.949999809265137,1614221
2018-12-26,7.949999809265137,7.949999809265137,7.599999904632568,7.849999904632568,7.849999904632568,991472
2018-12-27,8.0,8.0,7.800000190734863,7.800000190734863,7.800000190734863,751360
2018-12-28,7.949999809265137,8.0,7.75,7.849999904632568,7.849999904632568,950104
2018-12-31,7.800000190734863,7.900000095367432,7.699999809265137,7.75,7.75,691968
2019-01-01,7.75,8.199999809265137,7.599999904632568,8.0,8.0,2290965
2019-01-02,8.050000190734863,8.199999809265137,7.800000190734863,7.849999904632568,7.849999904632568,1278567
2019-01-03,7.949999809265137,7.949999809265137,7.699999809265137,7.75,7.75,664595
2019-01-04,7.699999809265137,7.900000095367432,7.650000095367432,7.800000190734863,7.800000190734863,674681
2019-01-07,7.849999904632568,7.949999809265137,7.650000095367432,7.75,7.75,1160820
2019-01-08,7.75,7.800000190734863,7.699999809265137,7.75,7.75,691672
2019-01-09,7.849999904632568,7.900000095367432,7.699999809265137,7.849999904632568,7.849999904632568,991158
2019-01-10,7.900000095367432,7.900000095367432,7.599999904632568,7.699999809265137,7.699999809265137,1106151
2019-01-11,7.699999809265137,7.75,7.5,7.699999809265137,7.699999809265137,664368
2019-01-14,7.699999809265137,7.699999809265137,7.5,7.5,7.5,718244
2019-01-15,7.550000190734863,7.699999809265137,7.5,7.5,7.5,875450
2019-01-16,7.550000190734863,7.699999809265137,7.5,7.550000190734863,7.550000190734863,715762
2019-01-17,7.550000190734863,7.650000095367432,7.5,7.5,7.5,629948
2019-01-18,7.550000190734863,7.550000190734863,7.199999809265137,7.300000190734863,7.300000190734863,1136004
2019-01-21,7.300000190734863,7.349999904632568,6.949999809265137,7.050000190734863,7.050000190734863,1870065
2019-01-22,7.050000190734863,7.150000095367432,6.849999904632568,7.050000190734863,7.050000190734863,803262
2019-01-23,7.0,7.050000190734863,6.849999904632568,6.900000095367432,6.900000095367432,1053712
2019-01-24,6.900000095367432,7.0,6.849999904632568,6.949999809265137,6.949999809265137,811160
2019-01-25,7.0,7.199999809265137,6.800000190734863,6.900000095367432,6.900000095367432,1026416
2019-01-28,6.75,6.800000190734863,6.599999904632568,6.699999809265137,6.699999809265137,1761783
2019-01-29,6.699999809265137,6.699999809265137,6.550000190734863,6.599999904632568,6.599999904632568,1070806
2019-01-30,6.599999904632568,6.699999809265137,6.550000190734863,6.650000095367432,6.650000095367432,810388
2019-01-31,6.75,6.849999904632568,6.5,6.550000190734863,6.550000190734863,1447582
2019-02-01,6.550000190734863,6.699999809265137,6.5,6.550000190734863,6.550000190734863,1206455
2019-02-04,6.550000190734863,6.550000190734863,5.900000095367432,6.0,6.0,2455077
2019-02-05,6.0,6.0,5.400000095367432,5.550000190734863,5.550000190734863,3400809
2019-02-06,5.650000095367432,5.75,5.400000095367432,5.699999809265137,5.699999809265137,1922747
2019-02-07,5.849999904632568,5.949999809265137,5.5,5.550000190734863,5.550000190734863,1845850
2019-02-08,5.5,5.75,5.400000095367432,5.599999904632568,5.599999904632568,1394906
2019-02-11,5.5,5.599999904632568,5.25,5.5,5.5,1105984
2019-02-12,5.449999809265137,5.699999809265137,5.400000095367432,5.599999904632568,5.599999904632568,1021609
2019-02-14,5.550000190734863,6.050000190734863,5.400000095367432,5.800000190734863,5.800000190734863,1806988
2019-02-15,5.849999904632568,6.050000190734863,5.699999809265137,5.800000190734863,5.800000190734863,1555407
2019-02-18,5.75,5.800000190734863,5.0,5.300000190734863,5.300000190734863,3623744
2019-02-19,5.5,5.900000095367432,5.449999809265137,5.650000095367432,5.650000095367432,1977203
2019-02-20,5.699999809265137,5.75,5.5,5.650000095367432,5.650000095367432,958190
2019-02-21,5.650000095367432,6.300000190734863,5.599999904632568,6.150000095367432,6.150000095367432,2934669
2019-02-22,6.5,7.349999904632568,6.400000095367432,7.349999904632568,7.349999904632568,14464755
2019-02-25,7.75,8.600000381469727,7.650000095367432,8.0,8.0,17319950
2019-02-26,7.949999809265137,7.949999809265137,7.25,7.650000095367432,7.650000095367432,4061745
2019-02-27,7.75,7.800000190734863,7.099999904632568,7.199999809265137,7.199999809265137,2895319
2019-02-28,7.349999904632568,7.599999904632568,7.25,7.300000190734863,7.300000190734863,2214929
2019-03-01,7.5,7.550000190734863,7.25,7.400000095367432,7.400000095367432,1260294
2019-03-05,7.449999809265137,8.100000381469727,7.25,8.100000381469727,8.100000381469727,4693253
2019-03-06,8.199999809265137,8.399999618530273,7.900000095367432,7.949999809265137,7.949999809265137,3733507
2019-03-07,7.949999809265137,8.550000190734863,7.599999904632568,7.949999809265137,7.949999809265137,5231769
2019-03-08,7.949999809265137,8.199999809265137,7.900000095367432,8.050000190734863,8.050000190734863,1616142
2019-03-11,8.050000190734863,8.100000381469727,7.849999904632568,7.949999809265137,7.949999809265137,1057765
2019-03-12,8.050000190734863,8.100000381469727,7.800000190734863,7.849999904632568,7.849999904632568,1337269
2019-03-13,7.900000095367432,7.900000095367432,7.5,7.550000190734863,7.550000190734863,1507607
2019-03-14,7.599999904632568,7.650000095367432,7.300000190734863,7.449999809265137,7.449999809265137,1344023
2019-03-15,7.5,7.550000190734863,7.199999809265137,7.300000190734863,7.300000190734863,1439058
2019-03-18,7.25,7.349999904632568,6.949999809265137,7.0,7.0,1438372
2019-03-19,7.0,7.199999809265137,6.949999809265137,7.050000190734863,7.050000190734863,970074
2019-03-20,7.199999809265137,7.25,7.0,7.0,7.0,1185718
2019-03-22,7.050000190734863,7.650000095367432,7.0,7.300000190734863,7.300000190734863,5187416
2019-03-25,7.300000190734863,7.550000190734863,7.300000190734863,7.349999904632568,7.349999904632568,2531557
2019-03-26,7.449999809265137,7.75,7.400000095367432,7.550000190734863,7.550000190734863,3270351
2019-03-27,7.849999904632568,8.300000190734863,7.849999904632568,8.149999618530273,8.149999618530273,9439136
2019-03-28,8.399999618530273,8.449999809265137,7.75,7.800000190734863,7.800000190734863,5169389
2019-04-01,7.800000190734863,7.900000095367432,7.650000095367432,7.699999809265137,7.699999809265137,1786672
2019-04-02,7.75,7.849999904632568,7.449999809265137,7.5,7.5,3271966
2019-04-03,7.550000190734863,7.650000095367432,7.150000095367432,7.199999809265137,7.199999809265137,2783156
2019-04-04,7.25,7.5,7.199999809265137,7.400000095367432,7.400000095367432,1211422
2019-04-05,7.5,7.599999904632568,7.199999809265137,7.449999809265137,7.449999809265137,1524969
2019-04-08,7.550000190734863,7.699999809265137,7.199999809265137,7.349999904632568,7.349999904632568,2315711
2019-04-09,7.5,7.5,7.25,7.300000190734863,7.300000190734863,1267706
2019-04-10,7.349999904632568,7.449999809265137,7.300000190734863,7.400000095367432,7.400000095367432,1283565
2019-04-11,7.449999809265137,7.949999809265137,7.400000095367432,7.75,7.75,2822056
2019-04-12,7.849999904632568,7.849999904632568,7.449999809265137,7.5,7.5,1959040
2019-04-15,7.550000190734863,7.650000095367432,7.400000095367432,7.449999809265137,7.449999809265137,1151162
2019-04-16,7.550000190734863,7.900000095367432,7.449999809265137,7.5,7.5,3142096
2019-04-18,7.550000190734863,7.550000190734863,7.199999809265137,7.300000190734863,7.300000190734863,2162809
2019-04-22,7.650000095367432,8.100000381469727,7.650000095367432,7.900000095367432,7.900000095367432,6437174
2019-04-23,7.900000095367432,8.25,7.550000190734863,7.650000095367432,7.650000095367432,3644419
2019-04-24,7.599999904632568,7.900000095367432,7.599999904632568,7.699999809265137,7.699999809265137,1865528
2019-04-25,7.650000095367432,7.699999809265137,7.449999809265137,7.550000190734863,7.550000190734863,1461968
2019-04-26,7.599999904632568,7.650000095367432,7.400000095367432,7.5,7.5,2308844
2019-04-30,7.449999809265137,7.449999809265137,7.099999904632568,7.199999809265137,7.199999809265137,1658169
2019-05-02,7.199999809265137,7.199999809265137,6.949999809265137,7.050000190734863,7.050000190734863,1547800
2019-05-03,7.050000190734863,7.150000095367432,7.0,7.099999904632568,7.099999904632568,1097657
2019-05-06,7.0,7.0,6.849999904632568,6.900000095367432,6.900000095367432,988325
2019-05-07,6.949999809265137,6.949999809265137,6.699999809265137,6.699999809265137,6.699999809265137,1302216
2019-05-08,6.699999809265137,6.699999809265137,6.300000190734863,6.400000095367432,6.400000095367432,1786664
2019-05-09,6.349999904632568,6.599999904632568,6.25,6.449999809265137,6.449999809265137,1731884
2019-05-10,6.449999809265137,6.599999904632568,6.449999809265137,6.550000190734863,6.550000190734863,929191
2019-05-13,6.550000190734863,6.550000190734863,6.25,6.300000190734863,6.300000190734863,1316280
2019-05-14,6.25,6.400000095367432,6.050000190734863,6.199999809265137,6.199999809265137,1323527
2019-05-15,6.400000095367432,6.5,6.199999809265137,6.400000095367432,6.400000095367432,1080791
2019-05-16,6.400000095367432,6.5,6.050000190734863,6.150000095367432,6.150000095367432,1661016
2019-05-17,6.25,6.300000190734863,6.099999904632568,6.25,6.25,690758
2019-05-20,6.5,6.949999809265137,6.449999809265137,6.800000190734863,6.800000190734863,2212765
2019-05-21,6.849999904632568,7.050000190734863,6.599999904632568,6.650000095367432,6.650000095367432,1230949
2019-05-22,6.75,7.099999904632568,6.599999904632568,7.0,7.0,1360372
2019-05-23,7.25,7.900000095367432,6.900000095367432,6.949999809265137,6.949999809265137,2161532
2019-05-24,7.199999809265137,7.599999904632568,6.849999904632568,7.150000095367432,7.150000095367432,3937278
2019-05-27,7.699999809265137,7.75,7.400000095367432,7.5,7.5,3863291
2019-05-28,7.599999904632568,7.650000095367432,7.150000095367432,7.25,7.25,2929267
2019-05-29,7.300000190734863,7.349999904632568,7.099999904632568,7.150000095367432,7.150000095367432,1564394
2019-05-30,7.150000095367432,7.300000190734863,7.099999904632568,7.150000095367432,7.150000095367432,1266407
2019-05-31,7.199999809265137,7.25,6.949999809265137,7.050000190734863,7.050000190734863,1237453
2019-06-03,7.150000095367432,7.199999809265137,6.800000190734863,6.849999904632568,6.849999904632568,1147709
2019-06-04,6.800000190734863,6.800000190734863,6.550000190734863,6.800000190734863,6.800000190734863,1150618
2019-06-06,6.849999904632568,7.099999904632568,6.800000190734863,6.900000095367432,6.900000095367432,2157419
2019-06-07,6.949999809265137,7.0,6.650000095367432,6.75,6.75,1471905
2019-06-10,6.800000190734863,6.849999904632568,6.400000095367432,6.449999809265137,6.449999809265137,1512292
2019-06-11,6.5,6.599999904632568,6.300000190734863,6.5,6.5,1289364
2019-06-12,6.449999809265137,6.449999809265137,6.300000190734863,6.349999904632568,6.349999904632568,1055337
2019-06-13,6.199999809265137,6.25,6.0,6.099999904632568,6.099999904632568,1398024
2019-06-14,6.099999904632568,6.150000095367432,5.900000095367432,5.949999809265137,5.949999809265137,1666371
2019-06-17,5.949999809265137,6.0,5.650000095367432,5.699999809265137,5.699999809265137,1539574
2019-06-18,5.699999809265137,5.75,5.449999809265137,5.5,5.5,1763281
2019-06-19,5.550000190734863,5.650000095367432,5.400000095367432,5.5,5.5,1350008
2019-06-20,5.5,6.199999809265137,5.349999904632568,6.050000190734863,6.050000190734863,2608383
2019-06-21,6.0,6.449999809265137,5.75,6.400000095367432,6.400000095367432,1552134
2019-06-24,6.400000095367432,6.599999904632568,6.0,6.099999904632568,6.099999904632568,1314882
2019-06-25,6.199999809265137,6.199999809265137,5.800000190734863,5.849999904632568,5.849999904632568,1484266
2019-06-26,5.900000095367432,6.050000190734863,5.849999904632568,5.949999809265137,5.949999809265137,1750431
2019-06-27,6.0,6.25,5.900000095367432,6.0,6.0,2372543
2019-06-28,6.099999904632568,6.099999904632568,5.900000095367432,5.949999809265137,5.949999809265137,802787
2019-07-01,6.099999904632568,6.099999904632568,5.849999904632568,5.949999809265137,5.949999809265137,1349663
2019-07-02,5.949999809265137,6.050000190734863,5.800000190734863,5.800000190734863,5.800000190734863,1032851
2019-07-03,5.800000190734863,5.949999809265137,5.800000190734863,5.800000190734863,5.800000190734863,598201
2019-07-04,5.800000190734863,6.0,5.75,5.849999904632568,5.849999904632568,1027102
2019-07-05,5.900000095367432,5.949999809265137,5.699999809265137,5.75,5.75,1003705
2019-07-08,5.650000095367432,5.949999809265137,5.550000190734863,5.75,5.75,1555154
2019-07-09,5.75,5.949999809265137,5.650000095367432,5.800000190734863,5.800000190734863,1005032
2019-07-10,5.849999904632568,5.900000095367432,5.699999809265137,5.75,5.75,1293344
2019-07-11,5.75,5.800000190734863,5.650000095367432,5.650000095367432,5.650000095367432,833735
2019-07-12,5.650000095367432,5.75,5.349999904632568,5.5,5.5,1578331
2019-07-15,6.0,6.0,5.699999809265137,5.800000190734863,5.800000190734863,1391513
2019-07-16,5.900000095367432,5.900000095367432,5.599999904632568,5.650000095367432,5.650000095367432,719896
2019-07-17,5.650000095367432,5.699999809265137,5.5,5.599999904632568,5.599999904632568,732209
2019-07-18,5.650000095367432,5.650000095367432,5.349999904632568,5.400000095367432,5.400000095367432,1291629
2019-07-19,5.400000095367432,5.449999809265137,5.25,5.349999904632568,5.349999904632568,1073956
2019-07-22,5.400000095367432,5.400000095367432,5.050000190734863,5.199999809265137,5.199999809265137,1183040
2019-07-23,5.199999809265137,5.5,5.150000095367432,5.199999809265137,5.199999809265137,715395
2019-07-24,5.199999809265137,5.25,5.099999904632568,5.150000095367432,5.150000095367432,629249
2019-07-25,5.150000095367432,5.25,5.050000190734863,5.099999904632568,5.099999904632568,1154336
2019-07-26,5.099999904632568,5.199999809265137,5.050000190734863,5.150000095367432,5.150000095367432,1444308
2019-07-29,5.199999809265137,5.199999809265137,5.050000190734863,5.099999904632568,5.099999904632568,789963
2019-07-30,5.099999904632568,5.150000095367432,4.800000190734863,4.949999809265137,4.949999809265137,1624003
2019-07-31,4.849999904632568,4.849999904632568,4.400000095367432,4.699999809265137,4.699999809265137,2842124
2019-08-01,4.800000190734863,4.800000190734863,4.5,4.75,4.75,1148291
2019-08-02,4.699999809265137,4.800000190734863,4.5,4.599999904632568,4.599999904632568,1531253
2019-08-05,4.599999904632568,4.699999809265137,4.300000190734863,4.599999904632568,4.599999904632568,1725889
2019-08-06,4.550000190734863,4.75,4.550000190734863,4.650000095367432,4.650000095367432,1003202
2019-08-07,4.650000095367432,4.75,4.599999904632568,4.650000095367432,4.650000095367432,707873
2019-08-08,4.650000095367432,4.699999809265137,4.449999809265137,4.650000095367432,4.650000095367432,868287
2019-08-09,4.650000095367432,4.900000095367432,4.599999904632568,4.800000190734863,4.800000190734863,991230
2019-08-13,4.900000095367432,4.900000095367432,4.5,4.550000190734863,4.550000190734863,1319334
2019-08-14,4.550000190734863,4.599999904632568,4.300000190734863,4.349999904632568,4.349999904632568,1508409
2019-08-16,4.349999904632568,4.550000190734863,4.300000190734863,4.400000095367432,4.400000095367432,1461481
2019-08-19,4.449999809265137,5.25,4.400000095367432,5.25,5.25,4840368
2019-08-20,5.099999904632568,5.550000190734863,4.949999809265137,5.050000190734863,5.050000190734863,2751406
2019-08-21,5.099999904632568,5.099999904632568,4.599999904632568,4.650000095367432,4.650000095367432,1601918
2019-08-22,4.699999809265137,4.699999809265137,4.300000190734863,4.349999904632568,4.349999904632568,1228748
2019-08-23,4.300000190734863,4.699999809265137,4.199999809265137,4.599999904632568,4.599999904632568,1608860
2019-08-26,4.800000190734863,4.949999809265137,4.599999904632568,4.75,4.75,930173
2019-08-27,4.75,4.849999904632568,4.599999904632568,4.650000095367432,4.650000095367432,1539859
2019-08-28,4.699999809265137,4.699999809265137,4.400000095367432,4.449999809265137,4.449999809265137,1972233
2019-08-29,4.5,4.5,4.25,4.300000190734863,4.300000190734863,1269635
2019-08-30,4.300000190734863,4.449999809265137,4.300000190734863,4.400000095367432,4.400000095367432,899342
2019-09-03,4.449999809265137,4.5,4.199999809265137,4.25,4.25,1533384
2019-09-04,4.199999809265137,4.550000190734863,4.150000095367432,4.449999809265137,4.449999809265137,910596
2019-09-05,4.449999809265137,4.5,4.400000095367432,4.449999809265137,4.449999809265137,534902
2019-09-06,4.5,4.650000095367432,4.400000095367432,4.5,4.5,956222
2019-09-09,4.449999809265137,4.550000190734863,4.349999904632568,4.5,4.5,810318
2019-09-11,4.599999904632568,5.050000190734863,4.550000190734863,4.900000095367432,4.900000095367432,2145910
2019-09-12,4.949999809265137,5.0,4.75,4.849999904632568,4.849999904632568,893163
2019-09-13,4.800000190734863,5.0,4.650000095367432,4.900000095367432,4.900000095367432,962041
2019-09-16,4.849999904632568,4.949999809265137,4.699999809265137,4.75,4.75,766388
2019-09-17,4.699999809265137,4.75,4.5,4.550000190734863,4.550000190734863,966442
2019-09-18,4.599999904632568,4.650000095367432,4.449999809265137,4.5,4.5,858198
2019-09-19,4.5,4.550000190734863,4.349999904632568,4.400000095367432,4.400000095367432,825035
2019-09-20,4.5,4.75,4.050000190734863,4.150000095367432,4.150000095367432,6190295
2019-09-23,4.300000190734863,4.400000095367432,4.050000190734863,4.150000095367432,4.150000095367432,2714354
2019-09-24,4.199999809265137,4.349999904632568,4.099999904632568,4.25,4.25,1498969
2019-09-25,4.300000190734863,4.449999809265137,4.25,4.300000190734863,4.300000190734863,1533441
2019-09-26,4.349999904632568,4.449999809265137,4.25,4.300000190734863,4.300000190734863,1031724
2019-09-27,4.300000190734863,4.349999904632568,4.199999809265137,4.199999809265137,4.199999809265137,909369
2019-09-30,4.25,4.25,4.050000190734863,4.099999904632568,4.099999904632568,962495
2019-10-01,4.099999904632568,4.150000095367432,4.0,4.050000190734863,4.050000190734863,1813991
2019-10-03,4.0,4.199999809265137,3.950000047683716,4.050000190734863,4.050000190734863,1075920
2019-10-04,4.050000190734863,4.099999904632568,4.0,4.0,4.0,864659
2019-10-07,4.0,4.050000190734863,3.8499999046325684,3.9000000953674316,3.9000000953674316,1508776
2019-10-09,4.0,4.0,3.8499999046325684,3.950000047683716,3.950000047683716,855682
2019-10-10,3.950000047683716,4.0,3.8499999046325684,3.9000000953674316,3.9000000953674316,1151469
2019-10-11,3.9000000953674316,3.950000047683716,3.8499999046325684,3.9000000953674316,3.9000000953674316,724030
2019-10-14,3.950000047683716,4.050000190734863,3.8499999046325684,3.8499999046325684,3.8499999046325684,780007
2019-10-15,3.9000000953674316,3.9000000953674316,3.0999999046325684,3.1500000953674316,3.1500000953674316,7382572
2019-10-16,3.0999999046325684,3.200000047683716,2.6500000953674316,2.799999952316284,2.799999952316284,6728250
2019-10-17,2.799999952316284,3.049999952316284,2.700000047683716,2.950000047683716,2.950000047683716,2884059
2019-10-18,3.0999999046325684,3.200000047683716,3.0,3.200000047683716,3.200000047683716,2465738
2019-10-22,3.299999952316284,3.5,3.0,3.1500000953674316,3.1500000953674316,4416565
2019-10-23,3.1500000953674316,3.450000047683716,3.049999952316284,3.450000047683716,3.450000047683716,1944716
2019-10-24,3.75,3.75,3.5999999046325684,3.75,3.75,2375852
2019-10-25,3.8499999046325684,3.9000000953674316,3.5999999046325684,3.9000000953674316,3.9000000953674316,3628604
2019-10-27,4.050000190734863,4.050000190734863,4.050000190734863,4.050000190734863,4.050000190734863,161315
2019-10-29,4.25,4.25,4.25,4.25,4.25,272951
2019-10-30,4.449999809265137,4.449999809265137,4.449999809265137,4.449999809265137,4.449999809265137,245643
2019-10-31,4.650000095367432,4.650000095367432,4.650000095367432,4.650000095367432,4.650000095367432,237305
2019-11-01,4.849999904632568,4.849999904632568,4.849999904632568,4.849999904632568,4.849999904632568,327603
2019-11-04,5.050000190734863,5.050000190734863,5.050000190734863,5.050000190734863,5.050000190734863,183145
2019-11-05,5.300000190734863,5.300000190734863,5.300000190734863,5.300000190734863,5.300000190734863,1877770
2019-11-06,5.550000190734863,5.550000190734863,5.050000190734863,5.25,5.25,11078460
2019-11-07,5.5,5.5,5.0,5.050000190734863,5.050000190734863,3841597
2019-11-08,5.0,5.0,4.800000190734863,4.849999904632568,4.849999904632568,2330960
2019-11-11,4.849999904632568,4.900000095367432,4.650000095367432,4.650000095367432,4.650000095367432,1210560
2019-11-13,4.5,4.599999904632568,4.449999809265137,4.449999809265137,4.449999809265137,932178
2019-11-14,4.300000190734863,4.650000095367432,4.25,4.599999904632568,4.599999904632568,3589161
2019-11-15,4.5,4.5,4.400000095367432,4.400000095367432,4.400000095367432,1052496
2019-11-18,4.300000190734863,4.449999809265137,4.25,4.400000095367432,4.400000095367432,1187781
2019-11-19,4.449999809265137,4.550000190734863,4.300000190734863,4.449999809265137,4.449999809265137,1055677
2019-11-20,4.449999809265137,4.5,4.25,4.25,4.25,2469172
2019-11-21,4.349999904632568,4.449999809265137,4.349999904632568,4.449999809265137,4.449999809265137,1712735
2019-11-22,4.550000190734863,4.650000095367432,4.5,4.650000095367432,4.650000095367432,1887663
2019-11-25,4.650000095367432,4.75,4.449999809265137,4.5,4.5,1585454
2019-11-26,4.5,4.5,4.300000190734863,4.300000190734863,4.300000190734863,1068980
2019-11-27,4.349999904632568,4.349999904632568,4.150000095367432,4.199999809265137,4.199999809265137,868286
2019-11-28,4.199999809265137,4.400000095367432,4.099999904632568,4.400000095367432,4.400000095367432,1318170
2019-11-29,4.5,4.599999904632568,4.400000095367432,4.599999904632568,4.599999904632568,1491057
2019-12-02,4.599999904632568,4.699999809265137,4.400000095367432,4.400000095367432,4.400000095367432,948448
2019-12-03,4.349999904632568,4.349999904632568,4.199999809265137,4.25,4.25,849109
2019-12-04,4.199999809265137,4.349999904632568,4.150000095367432,4.300000190734863,4.300000190734863,1290760
2019-12-05,4.300000190734863,4.349999904632568,4.199999809265137,4.199999809265137,4.199999809265137,665632
2019-12-06,4.25,4.25,4.050000190734863,4.150000095367432,4.150000095367432,1263123
2019-12-09,4.150000095367432,4.199999809265137,4.050000190734863,4.099999904632568,4.099999904632568,681053
2019-12-10,4.099999904632568,4.099999904632568,3.9000000953674316,3.950000047683716,3.950000047683716,960513
2019-12-11,4.0,4.099999904632568,3.9000000953674316,3.9000000953674316,3.9000000953674316,696185
2019-12-12,3.950000047683716,4.050000190734863,3.75,4.0,4.0,860618
2019-12-13,4.0,4.800000190734863,4.0,4.699999809265137,4.699999809265137,4298830
2019-12-16,4.75,4.800000190734863,4.300000190734863,4.449999809265137,4.449999809265137,1829172
2019-12-17,4.5,4.599999904632568,4.349999904632568,4.400000095367432,4.400000095367432,637734
2019-12-18,4.400000095367432,4.400000095367432,4.099999904632568,4.150000095367432,4.150000095367432,1342674
2019-12-19,4.199999809265137,4.349999904632568,4.150000095367432,4.199999809265137,4.199999809265137,1037321
2019-12-20,4.199999809265137,4.300000190734863,4.199999809265137,4.199999809265137,4.199999809265137,757667
2019-12-23,4.199999809265137,4.25,4.099999904632568,4.099999904632568,4.099999904632568,1018598
2019-12-24,4.099999904632568,4.199999809265137,4.050000190734863,4.050000190734863,4.050000190734863,518272
2019-12-26,4.099999904632568,4.199999809265137,3.950000047683716,4.050000190734863,4.050000190734863,1813984
2019-12-27,4.099999904632568,4.199999809265137,4.050000190734863,4.150000095367432,4.150000095367432,500821
2019-12-30,4.150000095367432,4.150000095367432,3.950000047683716,4.0,4.0,1268800
2019-12-31,4.0,4.050000190734863,3.950000047683716,4.0,4.0,637502
2020-01-01,4.050000190734863,4.050000190734863,3.9000000953674316,4.0,4.0,764577
2020-01-02,4.0,4.25,3.6500000953674316,3.799999952316284,3.799999952316284,5164732
2020-01-03,3.8499999046325684,4.25,3.8499999046325684,4.0,4.0,4910933
2020-01-06,4.050000190734863,4.050000190734863,3.9000000953674316,3.950000047683716,3.950000047683716,1380754
2020-01-07,4.0,4.150000095367432,4.0,4.050000190734863,4.050000190734863,1300564
2020-01-08,4.0,4.150000095367432,3.8499999046325684,4.050000190734863,4.050000190734863,1463628
2020-01-09,4.150000095367432,4.199999809265137,4.050000190734863,4.050000190734863,4.050000190734863,1109858
2020-01-10,4.050000190734863,4.150000095367432,4.0,4.050000190734863,4.050000190734863,1054467
2020-01-13,4.050000190734863,4.099999904632568,3.950000047683716,4.0,4.0,831751
2020-01-14,4.050000190734863,4.099999904632568,3.9000000953674316,3.950000047683716,3.950000047683716,1467624
2020-01-15,3.9000000953674316,4.150000095367432,3.9000000953674316,3.950000047683716,3.950000047683716,2527635
2020-01-16,3.950000047683716,4.050000190734863,3.950000047683716,4.0,4.0,1568956
2020-01-17,4.0,4.0,3.950000047683716,3.950000047683716,3.950000047683716,831295
2020-01-20,3.950000047683716,4.099999904632568,3.8499999046325684,3.8499999046325684,3.8499999046325684,4685819
2020-01-21,3.8499999046325684,4.599999904632568,3.8499999046325684,4.5,4.5,8656836
2020-01-22,4.800000190734863,5.150000095367432,4.650000095367432,4.75,4.75,6659537
2020-01-23,4.75,4.800000190734863,4.349999904632568,4.599999904632568,4.599999904632568,3235918
2020-01-24,4.599999904632568,4.699999809265137,4.5,4.599999904632568,4.599999904632568,1494438
2020-01-27,4.650000095367432,5.050000190734863,4.449999809265137,4.900000095367432,4.900000095367432,4059867
2020-01-28,4.900000095367432,5.0,4.599999904632568,4.599999904632568,4.599999904632568,2036395
2020-01-29,4.650000095367432,4.800000190734863,4.550000190734863,4.550000190734863,4.550000190734863,698419
2020-01-30,4.599999904632568,4.699999809265137,4.400000095367432,4.449999809265137,4.449999809265137,741897
2020-01-31,4.5,4.550000190734863,4.300000190734863,4.349999904632568,4.349999904632568,718411
2020-02-03,4.25,4.25,3.950000047683716,4.050000190734863,4.050000190734863,1402862
2020-02-04,4.099999904632568,4.199999809265137,4.050000190734863,4.150000095367432,4.150000095367432,805349
2020-02-05,4.150000095367432,4.300000190734863,4.099999904632568,4.25,4.25,916092
2020-02-06,4.300000190734863,4.349999904632568,4.199999809265137,4.199999809265137,4.199999809265137,548521
2020-02-07,4.199999809265137,4.25,4.150000095367432,4.150000095367432,4.150000095367432,631233
2020-02-10,4.199999809265137,4.199999809265137,4.050000190734863,4.099999904632568,4.099999904632568,713574
2020-02-11,4.099999904632568,4.150000095367432,4.050000190734863,4.050000190734863,4.050000190734863,764176
2020-02-12,4.099999904632568,4.099999904632568,4.0,4.050000190734863,4.050000190734863,669685
2020-02-13,4.050000190734863,4.050000190734863,3.950000047683716,4.050000190734863,4.050000190734863,1156278
2020-02-14,4.0,4.400000095367432,4.0,4.099999904632568,4.099999904632568,2701414
2020-02-17,4.050000190734863,4.099999904632568,3.950000047683716,4.0,4.0,1388055
2020-02-18,4.0,4.050000190734863,3.950000047683716,4.0,4.0,815376
2020-02-19,4.0,4.050000190734863,3.950000047683716,4.0,4.0,665395
2020-02-20,4.0,4.099999904632568,3.950000047683716,4.0,4.0,961310
2020-02-24,4.0,4.25,3.950000047683716,4.050000190734863,4.050000190734863,2330521
2020-02-25,4.050000190734863,4.199999809265137,4.050000190734863,4.099999904632568,4.099999904632568,1123870
2020-02-26,4.099999904632568,4.150000095367432,3.950000047683716,3.950000047683716,3.950000047683716,1022755
2020-02-27,3.950000047683716,4.050000190734863,3.8499999046325684,3.9000000953674316,3.9000000953674316,1057036
2020-02-28,3.8499999046325684,3.9000000953674316,3.200000047683716,3.700000047683716,3.700000047683716,2311249
2020-03-02,3.700000047683716,3.799999952316284,3.5999999046325684,3.6500000953674316,3.6500000953674316,1656412
2020-03-03,3.6500000953674316,3.75,3.3499999046325684,3.450000047683716,3.450000047683716,1561555
2020-03-04,3.450000047683716,3.5,2.950000047683716,3.1500000953674316,3.1500000953674316,2504773
2020-03-05,3.299999952316284,3.3499999046325684,3.0999999046325684,3.25,3.25,1749497
2020-03-06,3.25,3.25,3.049999952316284,3.1500000953674316,3.1500000953674316,1846266
2020-03-09,3.0999999046325684,3.1500000953674316,2.9000000953674316,3.0,3.0,2715008
2020-03-11,3.049999952316284,3.4000000953674316,2.9000000953674316,3.0,3.0,3097777
2020-03-12,2.9000000953674316,3.0,2.549999952316284,2.700000047683716,2.700000047683716,4752875
2020-03-13,2.4000000953674316,2.950000047683716,2.299999952316284,2.9000000953674316,2.9000000953674316,3875552
2020-03-16,2.9000000953674316,2.9000000953674316,2.5999999046325684,2.6500000953674316,2.6500000953674316,2872777
2020-03-17,2.6500000953674316,2.8499999046325684,2.4000000953674316,2.5,2.5,5826935
2020-03-18,2.5,2.549999952316284,2.3499999046325684,2.4000000953674316,2.4000000953674316,2274404
2020-03-19,2.299999952316284,2.4000000953674316,2.1500000953674316,2.200000047683716,2.200000047683716,4318708
2020-03-20,2.200000047683716,2.5,2.1500000953674316,2.4000000953674316,2.4000000953674316,4022971
2020-03-23,2.299999952316284,2.299999952316284,2.0,2.049999952316284,2.049999952316284,5223087
2020-03-24,2.049999952316284,2.1500000953674316,2.0,2.0999999046325684,2.0999999046325684,2546207
2020-03-25,2.0,2.25,2.0,2.200000047683716,2.200000047683716,1693748
2020-03-26,2.25,2.4000000953674316,2.25,2.3499999046325684,2.3499999046325684,1537040
2020-03-27,2.450000047683716,2.5,2.25,2.299999952316284,2.299999952316284,1937824
2020-03-30,2.25,2.299999952316284,2.1500000953674316,2.25,2.25,1623086
2020-03-31,2.299999952316284,2.3499999046325684,2.200000047683716,2.25,2.25,1495914
2020-04-01,2.299999952316284,2.299999952316284,2.1500000953674316,2.25,2.25,1448072
2020-04-03,2.25,2.4000000953674316,2.200000047683716,2.3499999046325684,2.3499999046325684,1349390
2020-04-07,2.5,2.5999999046325684,2.3499999046325684,2.549999952316284,2.549999952316284,2738035
2020-04-08,2.549999952316284,3.049999952316284,2.549999952316284,3.049999952316284,3.049999952316284,6364833
2020-04-09,3.3499999046325684,3.549999952316284,3.1500000953674316,3.200000047683716,3.200000047683716,7156505
2020-04-13,3.25,3.25,2.9000000953674316,3.0,3.0,2333349
2020-04-15,3.0,3.0999999046325684,2.799999952316284,2.8499999046325684,2.8499999046325684,3344793
2020-04-16,2.9000000953674316,3.049999952316284,2.75,3.0,3.0,2317226
2020-04-17,3.049999952316284,3.200000047683716,3.0,3.049999952316284,3.049999952316284,2147681
2020-04-20,3.0999999046325684,3.1500000953674316,2.950000047683716,3.0,3.0,3142762
2020-04-21,2.950000047683716,3.0,2.700000047683716,2.799999952316284,2.799999952316284,4763358
2020-04-22,2.799999952316284,2.799999952316284,2.6500000953674316,2.799999952316284,2.799999952316284,2524764
2020-04-23,2.8499999046325684,3.049999952316284,2.75,2.950000047683716,2.950000047683716,10907180
2020-04-24,2.950000047683716,2.950000047683716,2.700000047683716,2.700000047683716,2.700000047683716,6406317
2020-04-27,2.75,2.9000000953674316,2.6500000953674316,2.8499999046325684,2.8499999046325684,5785055
2020-04-28,2.9000000953674316,2.9000000953674316,2.75,2.799999952316284,2.799999952316284,2026069
2020-04-29,2.799999952316284,2.8499999046325684,2.700000047683716,2.799999952316284,2.799999952316284,2856848
2020-04-30,2.799999952316284,2.8499999046325684,2.75,2.799999952316284,2.799999952316284,2655276
2020-05-04,2.75,2.799999952316284,2.700000047683716,2.700000047683716,2.700000047683716,1581722
2020-05-05,2.75,2.75,2.700000047683716,2.700000047683716,2.700000047683716,1219242
2020-05-06,2.700000047683716,2.75,2.6500000953674316,2.6500000953674316,2.6500000953674316,1356202
2020-05-07,2.700000047683716,2.700000047683716,2.549999952316284,2.5999999046325684,2.5999999046325684,1760001
2020-05-08,2.5999999046325684,2.700000047683716,2.5999999046325684,2.6500000953674316,2.6500000953674316,879366
2020-05-11,2.6500000953674316,2.700000047683716,2.5999999046325684,2.6500000953674316,2.6500000953674316,1061105
2020-05-12,2.6500000953674316,2.6500000953674316,2.549999952316284,2.5999999046325684,2.5999999046325684,1368060
2020-05-13,2.700000047683716,2.75,2.5999999046325684,2.6500000953674316,2.6500000953674316,2635316
2020-05-14,2.6500000953674316,2.700000047683716,2.5999999046325684,2.6500000953674316,2.6500000953674316,1868665
2020-05-15,2.6500000953674316,2.700000047683716,2.5999999046325684,2.5999999046325684,2.5999999046325684,742966
2020-05-18,2.6500000953674316,2.799999952316284,2.5999999046325684,2.6500000953674316,2.6500000953674316,4668015
2020-05-19,2.6500000953674316,2.700000047683716,2.5999999046325684,2.5999999046325684,2.5999999046325684,977185
2020-05-20,2.6500000953674316,2.6500000953674316,2.5999999046325684,2.5999999046325684,2.5999999046325684,735456
2020-05-21,2.6500000953674316,2.700000047683716,2.5999999046325684,2.5999999046325684,2.5999999046325684,1363581
2020-05-22,2.6500000953674316,2.6500000953674316,2.549999952316284,2.6500000953674316,2.6500000953674316,1544060
2020-05-26,2.5999999046325684,2.6500000953674316,2.549999952316284,2.549999952316284,2.549999952316284,1214394
2020-05-27,2.5999999046325684,2.700000047683716,2.549999952316284,2.549999952316284,2.549999952316284,2711078
2020-05-28,2.5999999046325684,2.6500000953674316,2.549999952316284,2.5999999046325684,2.5999999046325684,1489010
2020-05-29,2.5999999046325684,2.75,2.549999952316284,2.5999999046325684,2.5999999046325684,3695687
2020-06-01,2.6500000953674316,2.8499999046325684,2.5999999046325684,2.8499999046325684,2.8499999046325684,5218037
2020-06-02,3.0999999046325684,3.0999999046325684,3.0,3.0999999046325684,3.0999999046325684,1914180
2020-06-03,3.4000000953674316,3.4000000953674316,3.200000047683716,3.3499999046325684,3.3499999046325684,12397296
2020-06-04,3.3499999046325684,3.4000000953674316,3.200000047683716,3.200000047683716,3.200000047683716,7504007
2020-06-05,3.200000047683716,3.3499999046325684,3.200000047683716,3.3499999046325684,3.3499999046325684,3172881
2020-06-08,3.5,3.5,3.3499999046325684,3.4000000953674316,3.4000000953674316,7047162
2020-06-09,3.5,3.549999952316284,3.25,3.25,3.25,8123150
2020-06-10,3.1500000953674316,3.4000000953674316,3.1500000953674316,3.25,3.25,9308319
2020-06-11,3.25,3.25,3.1500000953674316,3.1500000953674316,3.1500000953674316,3195592
2020-06-12,3.0999999046325684,3.1500000953674316,3.0,3.049999952316284,3.049999952316284,6877214
2020-06-15,3.049999952316284,3.200000047683716,3.0,3.200000047683716,3.200000047683716,4036485
2020-06-16,3.25,3.25,3.049999952316284,3.0999999046325684,3.0999999046325684,6796437
2020-06-17,3.049999952316284,3.1500000953674316,3.049999952316284,3.0999999046325684,3.0999999046325684,2699652
2020-06-18,3.0999999046325684,3.25,3.0999999046325684,3.1500000953674316,3.1500000953674316,11051689
2020-06-19,3.200000047683716,3.299999952316284,3.1500000953674316,3.25,3.25,19391372
2020-06-22,3.200000047683716,3.25,3.0999999046325684,3.1500000953674316,3.1500000953674316,10403754
2020-06-23,3.1500000953674316,3.299999952316284,3.0999999046325684,3.299999952316284,3.299999952316284,19242062
2020-06-24,3.450000047683716,3.450000047683716,3.3499999046325684,3.4000000953674316,3.4000000953674316,21109509
2020-06-25,3.4000000953674316,3.4000000953674316,3.25,3.25,3.25,8737736
2020-06-26,3.1500000953674316,3.4000000953674316,3.0999999046325684,3.25,3.25,15446052
2020-06-29,3.299999952316284,3.3499999046325684,3.1500000953674316,3.25,3.25,9043695
2020-06-30,3.25,3.299999952316284,3.1500000953674316,3.200000047683716,3.200000047683716,7261677
2020-07-01,3.25,3.3499999046325684,3.1500000953674316,3.3499999046325684,3.3499999046325684,6966577
2020-07-02,3.3499999046325684,3.3499999046325684,3.200000047683716,3.200000047683716,3.200000047683716,17948979
2020-07-03,3.049999952316284,3.049999952316284,3.049999952316284,3.049999952316284,3.049999952316284,3773842
2020-07-06,2.9000000953674316,2.9000000953674316,2.9000000953674316,2.9000000953674316,2.9000000953674316,2402891
2020-07-07,2.799999952316284,2.799999952316284,2.799999952316284,2.799999952316284,2.799999952316284,1080135
2020-07-08,2.700000047683716,2.8499999046325684,2.700000047683716,2.700000047683716,2.700000047683716,21649704
2020-07-09,2.5999999046325684,2.5999999046325684,2.5999999046325684,2.5999999046325684,2.5999999046325684,1460358
2020-07-10,2.5,2.5,2.5,2.5,2.5,1564005
2020-07-13,2.4000000953674316,2.5999999046325684,2.4000000953674316,2.4000000953674316,2.4000000953674316,28525481
2020-07-14,2.4000000953674316,2.450000047683716,2.299999952316284,2.299999952316284,2.299999952316284,11681883
2020-07-15,2.299999952316284,2.4000000953674316,2.25,2.3499999046325684,2.3499999046325684,24047910
2020-07-16,2.4000000953674316,2.4000000953674316,2.25,2.25,2.25,9506344
2020-07-17,2.25,2.299999952316284,2.1500000953674316,2.200000047683716,2.200000047683716,20140733
2020-07-20,2.200000047683716,2.25,2.0999999046325684,2.1500000953674316,2.1500000953674316,24685024
2020-07-21,2.1500000953674316,2.25,2.0999999046325684,2.25,2.25,18884340
2020-07-22,2.3499999046325684,2.3499999046325684,2.25,2.3499999046325684,2.3499999046325684,10053786
2020-07-23,2.450000047683716,2.450000047683716,2.450000047683716,2.450000047683716,2.450000047683716,1022466
2020-07-24,2.450000047683716,2.5,2.3499999046325684,2.3499999046325684,2.3499999046325684,22481257
2020-07-27,2.299999952316284,2.3499999046325684,2.25,2.25,2.25,3712181
2020-07-28,2.1500000953674316,2.200000047683716,2.1500000953674316,2.1500000953674316,2.1500000953674316,7090570
2020-07-29,2.0999999046325684,2.25,2.049999952316284,2.25,2.25,13586340
2020-07-30,2.299999952316284,2.3499999046325684,2.200000047683716,2.200000047683716,2.200000047683716,6913161
2020-07-31,2.200000047683716,2.25,2.0999999046325684,2.200000047683716,2.200000047683716,5032922
2020-08-03,2.200000047683716,2.299999952316284,2.0999999046325684,2.1500000953674316,2.1500000953674316,10497535
2020-08-04,2.200000047683716,2.200000047683716,2.1500000953674316,2.1500000953674316,2.1500000953674316,3372480
2020-08-05,2.200000047683716,2.25,2.1500000953674316,2.25,2.25,10145033
2020-08-06,2.3499999046325684,2.3499999046325684,2.299999952316284,2.3499999046325684,2.3499999046325684,4936741
2020-08-07,2.4000000953674316,2.549999952316284,2.25,2.5,2.5,21683428
2020-08-10,2.549999952316284,2.75,2.5,2.75,2.75,11046030
2020-08-11,2.8499999046325684,3.0,2.799999952316284,3.0,3.0,25493502
2020-08-12,3.0999999046325684,3.1500000953674316,2.8499999046325684,2.950000047683716,2.950000047683716,24137164
2020-08-13,2.950000047683716,2.950000047683716,2.8499999046325684,2.8499999046325684,2.8499999046325684,5019869
2020-08-14,2.75,2.799999952316284,2.75,2.75,2.75,2464981
2020-08-17,2.6500000953674316,2.700000047683716,2.6500000953674316,2.6500000953674316,2.6500000953674316,1975600
2020-08-18,2.549999952316284,2.549999952316284,2.549999952316284,2.549999952316284,2.549999952316284,1131251
2020-08-19,2.450000047683716,2.6500000953674316,2.450000047683716,2.6500000953674316,2.6500000953674316,7626191
2020-08-20,2.700000047683716,2.75,2.6500000953674316,2.75,2.75,8008831
2020-08-21,2.799999952316284,2.8499999046325684,2.75,2.8499999046325684,2.8499999046325684,6460803
2020-08-24,2.950000047683716,2.950000047683716,2.950000047683716,2.950000047683716,2.950000047683716,2436022
2020-08-25,3.049999952316284,3.049999952316284,3.049999952316284,3.049999952316284,3.049999952316284,1914726
2020-08-26,3.200000047683716,3.200000047683716,3.200000047683716,3.200000047683716,3.200000047683716,1362380
2020-08-27,3.3499999046325684,3.3499999046325684,3.3499999046325684,3.3499999046325684,3.3499999046325684,1066544
2020-08-28,3.5,3.5,3.200000047683716,3.200000047683716,3.200000047683716,46180404
2020-08-31,3.049999952316284,3.3499999046325684,3.049999952316284,3.3499999046325684,3.3499999046325684,14054919
2020-09-01,3.5,3.5,3.5,3.5,3.5,1424061
2020-09-02,3.6500000953674316,3.6500000953674316,3.549999952316284,3.6500000953674316,3.6500000953674316,11979578
2020-09-03,3.799999952316284,3.799999952316284,3.700000047683716,3.799999952316284,3.799999952316284,7298511
2020-09-04,3.950000047683716,3.950000047683716,3.6500000953674316,3.950000047683716,3.950000047683716,17908671
2020-09-07,4.099999904632568,4.099999904632568,4.0,4.099999904632568,4.099999904632568,6152994
2020-09-08,4.300000190734863,4.300000190734863,4.300000190734863,4.300000190734863,4.300000190734863,855985
2020-09-09,4.5,4.5,4.099999904632568,4.099999904632568,4.099999904632568,29275374
2020-09-10,4.099999904632568,4.199999809265137,3.9000000953674316,3.9000000953674316,3.9000000953674316,16236055
2020-09-11,3.799999952316284,3.8499999046325684,3.75,3.75,3.75,8904591
2020-09-14,3.75,3.9000000953674316,3.5999999046325684,3.5999999046325684,3.5999999046325684,21601455
2020-09-15,3.549999952316284,3.6500000953674316,3.450000047683716,3.450000047683716,3.450000047683716,6083274
2020-09-16,3.4000000953674316,3.450000047683716,3.299999952316284,3.299999952316284,3.299999952316284,7400598
2020-09-17,3.1500000953674316,3.450000047683716,3.1500000953674316,3.450000047683716,3.450000047683716,25434377
2020-09-18,3.5999999046325684,3.5999999046325684,3.299999952316284,3.5,3.5,16015120
2020-09-21,3.5,3.5,3.3499999046325684,3.3499999046325684,3.3499999046325684,3796528
2020-09-22,3.25,3.25,3.200000047683716,3.200000047683716,3.200000047683716,2484782
2020-09-23,3.049999952316284,3.1500000953674316,3.049999952316284,3.049999952316284,3.049999952316284,5337044
2020-09-24,2.9000000953674316,2.950000047683716,2.9000000953674316,2.9000000953674316,2.9000000953674316,1969244
2020-09-25,2.9000000953674316,3.0,2.8499999046325684,3.0,3.0,6332558
2020-09-28,3.0999999046325684,3.1500000953674316,3.0999999046325684,3.1500000953674316,3.1500000953674316,1056680
2020-09-29,3.299999952316284,3.299999952316284,3.299999952316284,3.299999952316284,3.299999952316284,787314
2020-09-30,3.450000047683716,3.450000047683716,3.25,3.4000000953674316,3.4000000953674316,8105523
2020-10-01,3.450000047683716,3.450000047683716,3.25,3.25,3.25,2790312
2020-10-05,3.1500000953674316,3.3499999046325684,3.0999999046325684,3.0999999046325684,3.0999999046325684,8500849
2020-10-06,3.1500000953674316,3.25,3.0,3.049999952316284,3.049999952316284,4585631
2020-10-07,3.0999999046325684,3.0999999046325684,2.9000000953674316,2.950000047683716,2.950000047683716,5203791
2020-10-08,3.0,3.049999952316284,2.9000000953674316,2.950000047683716,2.950000047683716,3937675
2020-10-09,3.0,3.0,2.8499999046325684,2.950000047683716,2.950000047683716,2042327
2020-10-12,3.0,3.049999952316284,2.9000000953674316,2.9000000953674316,2.9000000953674316,2882448
2020-10-13,2.9000000953674316,2.950000047683716,2.799999952316284,2.8499999046325684,2.8499999046325684,3197856
2020-10-14,2.8499999046325684,2.950000047683716,2.799999952316284,2.950000047683716,2.950000047683716,4088563
2020-10-15,3.049999952316284,3.049999952316284,2.9000000953674316,2.950000047683716,2.950000047683716,3991790
2020-10-16,2.9000000953674316,3.0,2.9000000953674316,2.950000047683716,2.950000047683716,1408635
2020-10-19,2.950000047683716,3.0,2.8499999046325684,2.8499999046325684,2.8499999046325684,3300675
2020-10-20,2.75,2.8499999046325684,2.75,2.799999952316284,2.799999952316284,3641839
2020-10-21,2.8499999046325684,2.8499999046325684,2.799999952316284,2.8499999046325684,2.8499999046325684,1123087
2020-10-22,2.8499999046325684,2.950000047683716,2.799999952316284,2.950000047683716,2.950000047683716,2827273
2020-10-23,3.049999952316284,3.049999952316284,2.9000000953674316,3.0,3.0,2773993
2020-10-26,2.950000047683716,3.0,2.8499999046325684,2.9000000953674316,2.9000000953674316,2500102
2020-10-27,2.9000000953674316,3.0,2.8499999046325684,2.9000000953674316,2.9000000953674316,3745014
2020-10-28,2.9000000953674316,2.950000047683716,2.8499999046325684,2.9000000953674316,2.9000000953674316,1220923
2020-10-29,2.9000000953674316,2.9000000953674316,2.799999952316284,2.8499999046325684,2.8499999046325684,2027108
2020-10-30,2.8499999046325684,2.9000000953674316,2.8499999046325684,2.9000000953674316,2.9000000953674316,726417
2020-11-02,2.9000000953674316,2.9000000953674316,2.799999952316284,2.799999952316284,2.799999952316284,1823752
2020-11-03,2.8499999046325684,2.8499999046325684,2.75,2.799999952316284,2.799999952316284,2915276
2020-11-04,2.8499999046325684,2.8499999046325684,2.75,2.799999952316284,2.799999952316284,667932
2020-11-05,2.799999952316284,2.8499999046325684,2.75,2.75,2.75,1962205
2020-11-06,2.799999952316284,2.8499999046325684,2.75,2.8499999046325684,2.8499999046325684,1938904
2020-11-09,2.8499999046325684,2.9000000953674316,2.799999952316284,2.799999952316284,2.799999952316284,1723931
2020-11-10,2.799999952316284,2.8499999046325684,2.75,2.799999952316284,2.799999952316284,3024168
2020-11-11,2.799999952316284,2.8499999046325684,2.700000047683716,2.75,2.75,6159664
2020-11-12,2.75,2.8499999046325684,2.6500000953674316,2.75,2.75,8197204
2020-11-13,2.75,2.799999952316284,2.700000047683716,2.799999952316284,2.799999952316284,1907531
2020-11-14,2.799999952316284,2.8499999046325684,2.75,2.8499999046325684,2.8499999046325684,1149139
2020-11-17,2.8499999046325684,2.8499999046325684,2.75,2.799999952316284,2.799999952316284,3180301
2020-11-18,2.799999952316284,2.8499999046325684,2.75,2.799999952316284,2.799999952316284,3194057
2020-11-19,2.799999952316284,2.8499999046325684,2.75,2.799999952316284,2.799999952316284,2592368
2020-11-20,2.799999952316284,2.8499999046325684,2.75,2.8499999046325684,2.8499999046325684,1621359
2020-11-23,2.8499999046325684,2.8499999046325684,2.799999952316284,2.799999952316284,2.799999952316284,3051113
2020-11-24,2.799999952316284,2.8499999046325684,2.75,2.799999952316284,2.799999952316284,2488001
2020-11-25,2.799999952316284,2.8499999046325684,2.75,2.799999952316284,2.799999952316284,2810644
2020-11-26,2.799999952316284,2.8499999046325684,2.75,2.75,2.75,1627378
2020-11-27,2.799999952316284,2.799999952316284,2.75,2.75,2.75,1640561
2020-12-01,2.799999952316284,2.799999952316284,2.6500000953674316,2.700000047683716,2.700000047683716,2156508
2020-12-02,2.75,2.799999952316284,2.6500000953674316,2.799999952316284,2.799999952316284,972692
2020-12-03,2.799999952316284,2.9000000953674316,2.799999952316284,2.9000000953674316,2.9000000953674316,935103
2020-12-04,3.0,3.0,2.9000000953674316,2.950000047683716,2.950000047683716,1579804
2020-12-07,3.0,3.049999952316284,2.9000000953674316,3.0,3.0,1915712
2020-12-08,3.0,3.1500000953674316,2.9000000953674316,3.049999952316284,3.049999952316284,2187063
2020-12-09,3.1500000953674316,3.200000047683716,2.950000047683716,3.200000047683716,3.200000047683716,3421903
2020-12-10,3.299999952316284,3.299999952316284,3.049999952316284,3.0999999046325684,3.0999999046325684,1351060
2020-12-11,3.0999999046325684,3.25,3.049999952316284,3.25,3.25,3030076
2020-12-14,3.299999952316284,3.4000000953674316,3.0999999046325684,3.25,3.25,3142560
2020-12-15,3.299999952316284,3.3499999046325684,3.0999999046325684,3.1500000953674316,3.1500000953674316,2032789
2020-12-16,3.200000047683716,3.25,3.049999952316284,3.200000047683716,3.200000047683716,1599512
2020-12-17,3.200000047683716,3.25,3.049999952316284,3.049999952316284,3.049999952316284,1971039
2020-12-18,3.0999999046325684,3.0999999046325684,2.9000000953674316,3.0,3.0,1466314
2020-12-21,3.0,3.0,2.8499999046325684,2.8499999046325684,2.8499999046325684,3187490
2020-12-22,2.75,2.8499999046325684,2.75,2.8499999046325684,2.8499999046325684,1650566
2020-12-23,2.8499999046325684,2.950000047683716,2.799999952316284,2.950000047683716,2.950000047683716,911753
2020-12-24,3.0,3.049999952316284,2.9000000953674316,2.950000047683716,2.950000047683716,1344423
2020-12-28,3.0,3.049999952316284,2.8499999046325684,2.950000047683716,2.950000047683716,932832
2020-12-29,3.0,3.0,2.9000000953674316,2.950000047683716,2.950000047683716,969101
2020-12-30,2.950000047683716,3.0,2.8499999046325684,2.9000000953674316,2.9000000953674316,1106954
2020-12-31,3.0,3.0,2.9000000953674316,2.9000000953674316,2.9000000953674316,1343273
2021-01-01,3.0,3.0,2.9000000953674316,2.950000047683716,2.950000047683716,938020
2021-01-04,3.0,3.0,2.9000000953674316,3.0,3.0,1676404
2021-01-05,3.0,3.0,2.9000000953674316,2.950000047683716,2.950000047683716,2728040
2021-01-06,3.0,3.049999952316284,2.950000047683716,3.049999952316284,3.049999952316284,1406537
2021-01-07,3.200000047683716,3.200000047683716,3.1500000953674316,3.200000047683716,3.200000047683716,1244033
2021-01-08,3.3499999046325684,3.3499999046325684,3.0999999046325684,3.1500000953674316,3.1500000953674316,4151530
2021-01-11,3.299999952316284,3.299999952316284,3.0,3.0999999046325684,3.0999999046325684,2356477
2021-01-12,3.0999999046325684,3.1500000953674316,3.0,3.049999952316284,3.049999952316284,1584936
2021-01-13,3.0999999046325684,3.1500000953674316,3.0,3.049999952316284,3.049999952316284,1765861
2021-01-14,3.0999999046325684,3.0999999046325684,3.0,3.049999952316284,3.049999952316284,993671
2021-01-15,3.0999999046325684,3.0999999046325684,2.9000000953674316,2.950000047683716,2.950000047683716,975767
2021-01-18,2.950000047683716,2.950000047683716,2.950000047683716,2.950000047683716,2.950000047683716,0
2021-01-19,2.950000047683716,2.950000047683716,2.950000047683716,2.950000047683716,2.950000047683716,0
2021-01-20,2.950000047683716,2.950000047683716,2.950000047683716,2.950000047683716,2.950000047683716,0
2021-01-21,2.950000047683716,2.950000047683716,2.950000047683716,2.950000047683716,2.950000047683716,0
2021-01-22,2.950000047683716,2.950000047683716,2.950000047683716,2.950000047683716,2.950000047683716,0
2021-01-25,2.950000047683716,2.950000047683716,2.950000047683716,2.950000047683716,2.950000047683716,0
2021-01-27,2.950000047683716,2.950000047683716,2.950000047683716,2.950000047683716,2.950000047683716,0
2021-01-28,2.950000047683716,2.950000047683716,2.950000047683716,2.950000047683716,2.950000047683716,0
2021-01-29,2.950000047683716,2.950000047683716,2.950000047683716,2.950000047683716,2.950000047683716,0
2021-02-01,2.950000047683716,2.950000047683716,2.950000047683716,2.950000047683716,2.950000047683716,0
2021-02-02,2.950000047683716,2.950000047683716,2.950000047683716,2.950000047683716,2.950000047683716,0
2021-02-03,2.950000047683716,2.950000047683716,2.950000047683716,2.950000047683716,2.950000047683716,0
2021-02-04,2.950000047683716,2.950000047683716,2.950000047683716,2.950000047683716,2.950000047683716,0
2021-02-05,2.950000047683716,2.950000047683716,2.950000047683716,2.950000047683716,2.950000047683716,0
2021-02-08,2.8499999046325684,2.8499999046325684,2.8499999046325684,2.8499999046325684,2.8499999046325684,763058
2021-02-09,2.8499999046325684,2.8499999046325684,2.8499999046325684,2.8499999046325684,2.8499999046325684,0
2021-02-10,2.8499999046325684,2.8499999046325684,2.8499999046325684,2.8499999046325684,2.8499999046325684,0
2021-02-11,2.8499999046325684,2.8499999046325684,2.8499999046325684,2.8499999046325684,2.8499999046325684,0
2021-02-12,2.8499999046325684,2.8499999046325684,2.8499999046325684,2.8499999046325684,2.8499999046325684,0
2021-02-15,2.75,2.75,2.75,2.75,2.75,227768
2021-02-16,2.75,2.75,2.75,2.75,2.75,0
2021-02-17,2.75,2.75,2.75,2.75,2.75,0
2021-02-18,2.75,2.75,2.75,2.75,2.75,0
2021-02-19,2.75,2.75,2.75,2.75,2.75,0
2021-02-22,2.6500000953674316,2.6500000953674316,2.6500000953674316,2.6500000953674316,2.6500000953674316,279997
2021-02-23,2.6500000953674316,2.6500000953674316,2.6500000953674316,2.6500000953674316,2.6500000953674316,0
2021-02-24,2.6500000953674316,2.6500000953674316,2.6500000953674316,2.6500000953674316,2.6500000953674316,0
2021-02-25,2.6500000953674316,2.6500000953674316,2.6500000953674316,2.6500000953674316,2.6500000953674316,0
2021-02-26,2.6500000953674316,2.6500000953674316,2.6500000953674316,2.6500000953674316,2.6500000953674316,0
2021-03-01,2.549999952316284,2.549999952316284,2.549999952316284,2.549999952316284,2.549999952316284,328199
2021-03-02,2.549999952316284,2.549999952316284,2.549999952316284,2.549999952316284,2.549999952316284,0
2021-03-03,2.549999952316284,2.549999952316284,2.549999952316284,2.549999952316284,2.549999952316284,0
2021-03-04,2.549999952316284,2.549999952316284,2.549999952316284,2.549999952316284,2.549999952316284,0
2021-03-05,2.549999952316284,2.549999952316284,2.549999952316284,2.549999952316284,2.549999952316284,0
2021-03-08,2.450000047683716,2.450000047683716,2.450000047683716,2.450000047683716,2.450000047683716,513952
2021-03-09,2.450000047683716,2.450000047683716,2.450000047683716,2.450000047683716,2.450000047683716,0
2021-03-10,2.450000047683716,2.450000047683716,2.450000047683716,2.450000047683716,2.450000047683716,0
2021-03-12,2.450000047683716,2.450000047683716,2.450000047683716,2.450000047683716,2.450000047683716,0
2021-03-15,2.3499999046325684,2.3499999046325684,2.3499999046325684,2.3499999046325684,2.3499999046325684,310342
2021-03-16,2.3499999046325684,2.3499999046325684,2.3499999046325684,2.3499999046325684,2.3499999046325684,0
2021-03-17,2.3499999046325684,2.3499999046325684,2.3499999046325684,2.3499999046325684,2.3499999046325684,0
2021-03-18,2.3499999046325684,2.3499999046325684,2.3499999046325684,2.3499999046325684,2.3499999046325684,0
2021-03-19,2.3499999046325684,2.3499999046325684,2.3499999046325684,2.3499999046325684,2.3499999046325684,0
2021-03-22,2.25,2.25,2.25,2.25,2.25,357110
2021-03-23,2.25,2.25,2.25,2.25,2.25,0
2021-03-24,2.25,2.25,2.25,2.25,2.25,0
2021-03-25,2.25,2.25,2.25,2.25,2.25,0
2021-03-26,2.25,2.25,2.25,2.25,2.25,0
2021-03-30,2.1500000953674316,2.1500000953674316,2.1500000953674316,2.1500000953674316,2.1500000953674316,296368
2021-03-31,2.1500000953674316,2.1500000953674316,2.1500000953674316,2.1500000953674316,2.1500000953674316,0
2021-04-01,2.1500000953674316,2.1500000953674316,2.1500000953674316,2.1500000953674316,2.1500000953674316,0
2021-04-05,2.049999952316284,2.049999952316284,2.049999952316284,2.049999952316284,2.049999952316284,476269
2021-04-06,2.049999952316284,2.049999952316284,2.049999952316284,2.049999952316284,2.049999952316284,0
2021-04-07,2.049999952316284,2.049999952316284,2.049999952316284,2.049999952316284,2.049999952316284,0
2021-04-08,2.049999952316284,2.049999952316284,2.049999952316284,2.049999952316284,2.049999952316284,0
2021-04-09,2.049999952316284,2.049999952316284,2.049999952316284,2.049999952316284,2.049999952316284,0
2021-04-12,1.9500000476837158,1.9500000476837158,1.9500000476837158,1.9500000476837158,1.9500000476837158,492983
2021-04-13,1.9500000476837158,1.9500000476837158,1.9500000476837158,1.9500000476837158,1.9500000476837158,0
2021-04-15,1.9500000476837158,1.9500000476837158,1.9500000476837158,1.9500000476837158,1.9500000476837158,0
2021-04-16,1.9500000476837158,1.9500000476837158,1.9500000476837158,1.9500000476837158,1.9500000476837158,0
2021-04-19,1.899999976158142,1.899999976158142,1.899999976158142,1.899999976158142,1.899999976158142,401916
2021-04-20,1.899999976158142,1.899999976158142,1.899999976158142,1.899999976158142,1.899999976158142,0
2021-04-22,1.899999976158142,1.899999976158142,1.899999976158142,1.899999976158142,1.899999976158142,0
2021-04-23,1.899999976158142,1.899999976158142,1.899999976158142,1.899999976158142,1.899999976158142,0
2021-04-26,1.850000023841858,1.850000023841858,1.850000023841858,1.850000023841858,1.850000023841858,760638
2021-04-27,1.850000023841858,1.850000023841858,1.850000023841858,1.850000023841858,1.850000023841858,0
2021-04-28,1.850000023841858,1.850000023841858,1.850000023841858,1.850000023841858,1.850000023841858,0
2021-04-29,1.850000023841858,1.850000023841858,1.850000023841858,1.850000023841858,1.850000023841858,0
2021-04-30,1.850000023841858,1.850000023841858,1.850000023841858,1.850000023841858,1.850000023841858,0
2021-05-03,1.7999999523162842,1.899999976158142,1.7999999523162842,1.899999976158142,1.899999976158142,5996011
2021-05-04,1.899999976158142,1.899999976158142,1.899999976158142,1.899999976158142,1.899999976158142,0
2021-05-05,1.899999976158142,1.899999976158142,1.899999976158142,1.899999976158142,1.899999976158142,0
2021-05-06,1.899999976158142,1.899999976158142,1.899999976158142,1.899999976158142,1.899999976158142,0
2021-05-07,1.899999976158142,1.899999976158142,1.899999976158142,1.899999976158142,1.899999976158142,0
2021-05-10,1.899999976158142,1.899999976158142,1.850000023841858,1.850000023841858,1.850000023841858,1525771
2021-05-11,1.850000023841858,1.850000023841858,1.850000023841858,1.850000023841858,1.850000023841858,0
2021-05-12,1.850000023841858,1.850000023841858,1.850000023841858,1.850000023841858,1.850000023841858,0
2021-05-14,1.850000023841858,1.850000023841858,1.850000023841858,1.850000023841858,1.850000023841858,0
2021-05-17,1.7999999523162842,1.899999976158142,1.7999999523162842,1.7999999523162842,1.7999999523162842,2083959
2021-05-18,1.7999999523162842,1.7999999523162842,1.7999999523162842,1.7999999523162842,1.7999999523162842,0
2021-05-19,1.7999999523162842,1.7999999523162842,1.7999999523162842,1.7999999523162842,1.7999999523162842,0
2021-05-20,1.7999999523162842,1.7999999523162842,1.7999999523162842,1.7999999523162842,1.7999999523162842,0
2021-05-21,1.7999999523162842,1.7999999523162842,1.7999999523162842,1.7999999523162842,1.7999999523162842,0
2021-05-24,1.7999999523162842,1.850000023841858,1.75,1.850000023841858,1.850000023841858,2066603
2021-05-25,1.850000023841858,1.850000023841858,1.850000023841858,1.850000023841858,1.850000023841858,0
2021-05-26,1.850000023841858,1.850000023841858,1.850000023841858,1.850000023841858,1.850000023841858,0
2021-05-27,1.850000023841858,1.850000023841858,1.850000023841858,1.850000023841858,1.850000023841858,0
2021-05-28,1.850000023841858,1.850000023841858,1.850000023841858,1.850000023841858,1.850000023841858,0
2021-05-31,1.899999976158142,1.899999976158142,1.850000023841858,1.899999976158142,1.899999976158142,2563899
2021-06-01,1.899999976158142,1.899999976158142,1.899999976158142,1.899999976158142,1.899999976158142,0
2021-06-02,1.899999976158142,1.899999976158142,1.899999976158142,1.899999976158142,1.899999976158142,0
2021-06-03,1.899999976158142,1.899999976158142,1.899999976158142,1.899999976158142,1.899999976158142,0
2021-06-04,1.899999976158142,1.899999976158142,1.899999976158142,1.899999976158142,1.899999976158142,0
2021-06-07,1.9500000476837158,1.9500000476837158,1.9500000476837158,1.9500000476837158,1.9500000476837158,1375919
2021-06-08,1.9500000476837158,1.9500000476837158,1.9500000476837158,1.9500000476837158,1.9500000476837158,0
2021-06-09,1.9500000476837158,1.9500000476837158,1.9500000476837158,1.9500000476837158,1.9500000476837158,0
2021-06-10,1.9500000476837158,1.9500000476837158,1.9500000476837158,1.9500000476837158,1.9500000476837158,0
2021-06-11,1.9500000476837158,1.9500000476837158,1.9500000476837158,1.9500000476837158,1.9500000476837158,0
2021-06-14,2.0,2.0,2.0,2.0,2.0,862574
2021-06-15,2.0,2.0,2.0,2.0,2.0,0
2021-06-16,2.0,2.0,2.0,2.0,2.0,0
2021-06-17,2.0,2.0,2.0,2.0,2.0,0
2021-06-18,2.0,2.0,2.0,2.0,2.0,0
2021-06-21,2.0999999046325684,2.0999999046325684,2.0999999046325684,2.0999999046325684,2.0999999046325684,709611
2021-06-22,2.0999999046325684,2.0999999046325684,2.0999999046325684,2.0999999046325684,2.0999999046325684,0
2021-06-23,2.0999999046325684,2.0999999046325684,2.0999999046325684,2.0999999046325684,2.0999999046325684,0
2021-06-24,2.0999999046325684,2.0999999046325684,2.0999999046325684,2.0999999046325684,2.0999999046325684,0
2021-06-25,2.0999999046325684,2.0999999046325684,2.0999999046325684,2.0999999046325684,2.0999999046325684,0
2021-06-28,2.200000047683716,2.200000047683716,2.200000047683716,2.200000047683716,2.200000047683716,391907
2021-06-29,2.200000047683716,2.200000047683716,2.200000047683716,2.200000047683716,2.200000047683716,0
2021-06-30,2.200000047683716,2.200000047683716,2.200000047683716,2.200000047683716,2.200000047683716,0
2021-07-01,2.200000047683716,2.200000047683716,2.200000047683716,2.200000047683716,2.200000047683716,0
2021-07-02,2.200000047683716,2.200000047683716,2.200000047683716,2.200000047683716,2.200000047683716,0
2021-07-05,2.299999952316284,2.299999952316284,2.299999952316284,2.299999952316284,2.299999952316284,836395
2021-07-06,2.299999952316284,2.299999952316284,2.299999952316284,2.299999952316284,2.299999952316284,0
2021-07-07,2.299999952316284,2.299999952316284,2.299999952316284,2.299999952316284,2.299999952316284,0
2021-07-08,2.299999952316284,2.299999952316284,2.299999952316284,2.299999952316284,2.299999952316284,0
2021-07-09,2.299999952316284,2.299999952316284,2.299999952316284,2.299999952316284,2.299999952316284,0
2021-07-12,2.4000000953674316,2.4000000953674316,2.4000000953674316,2.4000000953674316,2.4000000953674316,545277
2021-07-13,2.4000000953674316,2.4000000953674316,2.4000000953674316,2.4000000953674316,2.4000000953674316,0
2021-07-14,2.4000000953674316,2.4000000953674316,2.4000000953674316,2.4000000953674316,2.4000000953674316,0
2021-07-15,2.4000000953674316,2.4000000953674316,2.4000000953674316,2.4000000953674316,2.4000000953674316,0
2021-07-16,2.4000000953674316,2.4000000953674316,2.4000000953674316,2.4000000953674316,2.4000000953674316,0
2021-07-19,2.5,2.5,2.5,2.5,2.5,600462
2021-07-20,2.5,2.5,2.5,2.5,2.5,0
2021-07-22,2.5,2.5,2.5,2.5,2.5,0
2021-07-23,2.5,2.5,2.5,2.5,2.5,0
2021-07-26,2.5999999046325684,2.5999999046325684,2.5999999046325684,2.5999999046325684,2.5999999046325684,854075
2021-07-27,2.5999999046325684,2.5999999046325684,2.5999999046325684,2.5999999046325684,2.5999999046325684,0
2021-07-28,2.5999999046325684,2.5999999046325684,2.5999999046325684,2.5999999046325684,2.5999999046325684,0
2021-07-29,2.5999999046325684,2.5999999046325684,2.5999999046325684,2.5999999046325684,2.5999999046325684,0
2021-07-30,2.5999999046325684,2.5999999046325684,2.5999999046325684,2.5999999046325684,2.5999999046325684,0
2021-08-02,2.700000047683716,2.700000047683716,2.5,2.5,2.5,3225560
2021-08-03,2.5,2.5,2.5,2.5,2.5,0
2021-08-04,2.5,2.5,2.5,2.5,2.5,0
2021-08-05,2.5,2.5,2.5,2.5,2.5,0
2021-08-06,2.5,2.5,2.5,2.5,2.5,0
2021-08-09,2.5,2.5,2.5,2.5,2.5,0
2021-08-10,2.5,2.5,2.5,2.5,2.5,0
2021-08-11,2.5,2.5,2.5,2.5,2.5,0
2021-08-12,2.5,2.5,2.5,2.5,2.5,0
2021-08-13,2.5,2.5,2.5,2.5,2.5,0
2021-08-16,2.5,2.5,2.5,2.5,2.5,0
2021-08-17,2.5,2.5,2.5,2.5,2.5,0
2021-08-18,2.5,2.5,2.5,2.5,2.5,0
2021-08-20,2.5,2.5,2.5,2.5,2.5,0
2021-08-23,2.5,2.5,2.5,2.5,2.5,0
2021-08-24,2.5,2.5,2.5,2.5,2.5,0
2021-08-25,2.5,2.5,2.5,2.5,2.5,0
2021-08-26,2.5,2.5,2.5,2.5,2.5,0
2021-08-27,2.5,2.5,2.5,2.5,2.5,0
2021-08-30,2.5,2.5,2.5,2.5,2.5,0
2021-08-31,2.5,2.5,2.5,2.5,2.5,0
2021-09-01,2.5,2.5,2.5,2.5,2.5,0
2021-09-02,2.5,2.5,2.5,2.5,2.5,0
2021-09-03,2.5,2.5,2.5,2.5,2.5,0
2021-09-06,2.5,2.5,2.5,2.5,2.5,0
2021-09-07,2.5,2.5,2.5,2.5,2.5,0
2021-09-08,2.5,2.5,2.5,2.5,2.5,0
2021-09-09,2.5,2.5,2.5,2.5,2.5,0
2021-09-13,2.5,2.5,2.5,2.5,2.5,0
2021-09-14,2.5,2.5,2.5,2.5,2.5,0
2021-09-15,2.5,2.5,2.5,2.5,2.5,0
2021-09-16,2.5,2.5,2.5,2.5,2.5,0
2021-09-17,2.5,2.5,2.5,2.5,2.5,0
2021-09-20,2.5,2.5,2.5,2.5,2.5,0
2021-09-21,2.5,2.5,2.5,2.5,2.5,0
2021-09-22,2.5,2.5,2.5,2.5,2.5,0
2021-09-23,2.5,2.5,2.5,2.5,2.5,0
2021-09-24,2.5,2.5,2.5,2.5,2.5,0
2021-09-27,2.5,2.5,2.5,2.5,2.5,0
2021-09-28,2.5,2.5,2.5,2.5,2.5,0
2021-09-29,2.5,2.5,2.5,2.5,2.5,0
2021-09-30,2.5,2.5,2.5,2.5,2.5,0
2021-10-01,2.5,2.5,2.5,2.5,2.5,0
2021-10-04,2.5,2.5,2.5,2.5,2.5,0
2021-10-05,2.5,2.5,2.5,2.5,2.5,0
2021-10-06,2.5,2.5,2.5,2.5,2.5,0
2021-10-07,2.5,2.5,2.5,2.5,2.5,0
2021-10-08,2.5,2.5,2.5,2.5,2.5,0
2021-10-11,2.5,2.5,2.5,2.5,2.5,0
2021-10-12,2.5,2.5,2.5,2.5,2.5,0
2021-10-13,2.5,2.5,2.5,2.5,2.5,0
2021-10-14,2.5,2.5,2.5,2.5,2.5,0
2021-10-18,2.5,2.5,2.5,2.5,2.5,0
2021-10-19,2.5,2.5,2.5,2.5,2.5,0
2021-10-20,2.5,2.5,2.5,2.5,2.5,0
2021-10-21,2.5,2.5,2.5,2.5,2.5,0
2021-10-22,2.5,2.5,2.5,2.5,2.5,0
2021-10-25,2.5,2.5,2.5,2.5,2.5,0
2021-10-26,2.5,2.5,2.5,2.5,2.5,0
2021-10-27,2.5,2.5,2.5,2.5,2.5,0
2021-10-28,2.5,2.5,2.5,2.5,2.5,0
2021-10-29,2.5,2.5,2.5,2.5,2.5,0
2021-11-01,2.5,2.5,2.5,2.5,2.5,0
2021-11-02,2.5,2.5,2.5,2.5,2.5,0
2021-11-03,2.5,2.5,2.5,2.5,2.5,0
2021-11-04,2.5,2.5,2.5,2.5,2.5,0
2021-11-08,2.5,2.5,2.5,2.5,2.5,0
2021-11-09,2.5,2.5,2.5,2.5,2.5,0
2021-11-10,2.5,2.5,2.5,2.5,2.5,0
2021-11-11,2.5,2.5,2.5,2.5,2.5,0
2021-11-12,2.5,2.5,2.5,2.5,2.5,0
2021-11-15,2.5,2.5,2.5,2.5,2.5,0
2021-11-16,2.5,2.5,2.5,2.5,2.5,0
2021-11-17,2.5,2.5,2.5,2.5,2.5,0
2021-11-18,2.5,2.5,2.5,2.5,2.5,0
2021-11-22,2.5,2.5,2.5,2.5,2.5,0
2021-11-23,2.5,2.5,2.5,2.5,2.5,0
2021-11-24,2.5,2.5,2.5,2.5,2.5,0
2021-11-25,2.5,2.5,2.5,2.5,2.5,0
2021-11-26,2.5,2.5,2.5,2.5,2.5,0
2021-11-29,2.5,2.5,2.5,2.5,2.5,0
2021-11-30,2.5,2.5,2.5,2.5,2.5,0
2021-12-01,2.5,2.5,2.5,2.5,2.5,0
2021-12-02,2.5,2.5,2.5,2.5,2.5,0
2021-12-03,2.5,2.5,2.5,2.5,2.5,0
2021-12-06,2.5,2.5,2.5,2.5,2.5,0
2021-12-07,2.5,2.5,2.5,2.5,2.5,0
2021-12-08,2.5,2.5,2.5,2.5,2.5,0
2021-12-09,2.5,2.5,2.5,2.5,2.5,0
2021-12-10,2.5,2.5,2.5,2.5,2.5,0
2021-12-13,2.5,2.5,2.5,2.5,2.5,0
2021-12-14,2.5,2.5,2.5,2.5,2.5,0
2021-12-15,2.5,2.5,2.5,2.5,2.5,0
2021-12-16,2.5,2.5,2.5,2.5,2.5,0
2021-12-17,2.5,2.5,2.5,2.5,2.5,0
2021-12-20,2.5,2.5,2.5,2.5,2.5,0
2021-12-21,2.5,2.5,2.5,2.5,2.5,0
2021-12-22,2.5,2.5,2.5,2.5,2.5,0
2021-12-23,2.5,2.5,2.5,2.5,2.5,0
2021-12-24,2.5,2.5,2.5,2.5,2.5,0
2021-12-27,2.5,2.5,2.5,2.5,2.5,0
2021-12-28,2.5,2.5,2.5,2.5,2.5,0
2021-12-29,2.5,2.5,2.5,2.5,2.5,0
2021-12-30,2.5,2.5,2.5,2.5,2.5,0
2021-12-31,2.5,2.5,2.5,2.5,2.5,0
2022-01-03,2.5,2.5,2.5,2.5,2.5,0
2022-01-04,2.5,2.5,2.5,2.5,2.5,0
2022-01-05,2.5,2.5,2.5,2.5,2.5,0
2022-01-06,2.5,2.5,2.5,2.5,2.5,0
2022-01-07,2.5,2.5,2.5,2.5,2.5,0
2022-01-10,2.5,2.5,2.5,2.5,2.5,0
2022-01-11,2.5,2.5,2.5,2.5,2.5,0
2022-01-12,2.5,2.5,2.5,2.5,2.5,0
2022-01-13,2.5,2.5,2.5,2.5,2.5,0
2022-01-14,2.5,2.5,2.5,2.5,2.5,0
2022-01-17,2.5,2.5,2.5,2.5,2.5,0
2022-01-18,2.5,2.5,2.5,2.5,2.5,0
2022-01-19,2.5,2.5,2.5,2.5,2.5,0
2022-01-20,2.5,2.5,2.5,2.5,2.5,0
2022-01-21,2.5,2.5,2.5,2.5,2.5,0
2022-01-24,2.5,2.5,2.5,2.5,2.5,0
2022-01-25,2.5,2.5,2.5,2.5,2.5,0
2022-01-27,2.5,2.5,2.5,2.5,2.5,0
2022-01-28,2.5,2.5,2.5,2.5,2.5,0
2022-01-31,2.5,2.5,2.5,2.5,2.5,0
2022-02-01,2.5,2.5,2.5,2.5,2.5,0
2022-02-02,2.5,2.5,2.5,2.5,2.5,0
2022-02-03,2.5,2.5,2.5,2.5,2.5,0
2022-02-04,2.5,2.5,2.5,2.5,2.5,0
2022-02-07,2.5,2.5,2.5,2.5,2.5,0
2022-02-08,2.5,2.5,2.5,2.5,2.5,0
2022-02-09,2.5,2.5,2.5,2.5,2.5,0
2022-02-10,2.5,2.5,2.5,2.5,2.5,0
2022-02-11,2.5,2.5,2.5,2.5,2.5,0
2022-02-14,2.5,2.5,2.5,2.5,2.5,0
2022-02-15,2.5,2.5,2.5,2.5,2.5,0
2022-02-16,2.5,2.5,2.5,2.5,2.5,0
2022-02-17,2.5,2.5,2.5,2.5,2.5,0
2022-02-18,2.5,2.5,2.5,2.5,2.5,0
2022-02-21,2.5,2.5,2.5,2.5,2.5,0
2022-02-22,2.5,2.5,2.5,2.5,2.5,0
2022-02-23,2.5,2.5,2.5,2.5,2.5,0
2022-02-24,2.5,2.5,2.5,2.5,2.5,0
2022-02-25,2.5,2.5,2.5,2.5,2.5,0
2022-02-28,2.5,2.5,2.5,2.5,2.5,0
2022-03-02,2.5,2.5,2.5,2.5,2.5,0
2022-03-03,2.5,2.5,2.5,2.5,2.5,0
2022-03-04,2.5,2.5,2.5,2.5,2.5,0
2022-03-07,2.5,2.5,2.5,2.5,2.5,0
2022-03-08,2.5,2.5,2.5,2.5,2.5,0
2022-03-09,2.5,2.5,2.5,2.5,2.5,0
2022-03-10,2.5,2.5,2.5,2.5,2.5,0
2022-03-11,2.5,2.5,2.5,2.5,2.5,0
2022-03-14,2.5,2.5,2.5,2.5,2.5,0
2022-03-15,2.5,2.5,2.5,2.5,2.5,0
2022-03-16,2.5,2.5,2.5,2.5,2.5,0
2022-03-17,2.5,2.5,2.5,2.5,2.5,0
2022-03-21,2.5,2.5,2.5,2.5,2.5,0
2022-03-22,2.5,2.5,2.5,2.5,2.5,0
2022-03-23,2.5,2.5,2.5,2.5,2.5,0
2022-03-24,2.5,2.5,2.5,2.5,2.5,0
2022-03-25,2.5,2.5,2.5,2.5,2.5,0
2022-03-28,2.5,2.5,2.5,2.5,2.5,0
2022-03-29,2.5,2.5,2.5,2.5,2.5,0
2022-03-30,2.5,2.5,2.5,2.5,2.5,0
2022-03-31,2.5,2.5,2.5,2.5,2.5,0
2022-04-01,2.5,2.5,2.5,2.5,2.5,0
2022-04-04,2.5,2.5,2.5,2.5,2.5,0
2022-04-05,2.5,2.5,2.5,2.5,2.5,0
2022-04-06,2.5,2.5,2.5,2.5,2.5,0
2022-04-07,2.5,2.5,2.5,2.5,2.5,0
2022-04-08,2.5,2.5,2.5,2.5,2.5,0
2022-04-11,2.5,2.5,2.5,2.5,2.5,0
2022-04-12,2.5,2.5,2.5,2.5,2.5,0
2022-04-13,2.5,2.5,2.5,2.5,2.5,0
2022-04-18,2.5,2.5,2.5,2.5,2.5,0
2022-04-19,2.5,2.5,2.5,2.5,2.5,0
2022-04-20,2.5,2.5,2.5,2.5,2.5,0
2022-04-21,2.5,2.5,2.5,2.5,2.5,0
2022-04-22,2.5,2.5,2.5,2.5,2.5,0
2022-04-25,2.5,2.5,2.5,2.5,2.5,0
2022-04-26,2.5,2.5,2.5,2.5,2.5,0
2022-04-27,2.5,2.5,2.5,2.5,2.5,0
2022-04-28,2.5,2.5,2.5,2.5,2.5,0
2022-04-29,2.5,2.5,2.5,2.5,2.5,0
2022-05-02,2.5,2.5,2.5,2.5,2.5,0
2022-05-04,2.5,2.5,2.5,2.5,2.5,0
2022-05-05,2.5,2.5,2.5,2.5,2.5,0
2022-05-06,2.5,2.5,2.5,2.5,2.5,0
2022-05-09,2.5,2.5,2.5,2.5,2.5,0
2022-05-10,2.5,2.5,2.5,2.5,2.5,0
2022-05-11,2.5,2.5,2.5,2.5,2.5,0
2022-05-12,2.5,2.5,2.5,2.5,2.5,0
2022-05-13,2.5,2.5,2.5,2.5,2.5,0
2022-05-16,2.5,2.5,2.5,2.5,2.5,0
2022-05-17,2.5,2.5,2.5,2.5,2.5,0
2022-05-18,2.5,2.5,2.5,2.5,2.5,0
2022-05-19,2.5,2.5,2.5,2.5,2.5,0
2022-05-20,2.5,2.5,2.5,2.5,2.5,0
2022-05-23,2.5,2.5,2.5,2.5,2.5,0
2022-05-24,2.5,2.5,2.5,2.5,2.5,0
2022-05-25,2.5,2.5,2.5,2.5,2.5,0
2022-05-26,2.5,2.5,2.5,2.5,2.5,0
2022-05-27,2.5,2.5,2.5,2.5,2.5,0
2022-05-30,2.5,2.5,2.5,2.5,2.5,0
2022-05-31,2.5,2.5,2.5,2.5,2.5,0
2022-06-01,2.5,2.5,2.5,2.5,2.5,0
2022-06-02,2.5,2.5,2.5,2.5,2.5,0
2022-06-03,2.5,2.5,2.5,2.5,2.5,0
2022-06-06,2.5,2.5,2.5,2.5,2.5,0
2022-06-07,2.5,2.5,2.5,2.5,2.5,0
2022-06-08,2.5,2.5,2.5,2.5,2.5,0
2022-06-09,2.5,2.5,2.5,2.5,2.5,0
2022-06-10,2.5,2.5,2.5,2.5,2.5,0
2022-06-13,2.5,2.5,2.5,2.5,2.5,0
2022-06-14,2.5,2.5,2.5,2.5,2.5,0
2022-06-15,2.5,2.5,2.5,2.5,2.5,0
2022-06-16,2.5,2.5,2.5,2.5,2.5,0
2022-06-17,2.5,2.5,2.5,2.5,2.5,0
2022-06-20,2.5,2.5,2.5,2.5,2.5,0
2022-06-21,2.5,2.5,2.5,2.5,2.5,0
2022-06-22,2.5,2.5,2.5,2.5,2.5,0
2022-06-23,2.5,2.5,2.5,2.5,2.5,0
2022-06-24,2.5,2.5,2.5,2.5,2.5,0
2022-06-27,2.5,2.5,2.5,2.5,2.5,0
2022-06-28,2.5,2.5,2.5,2.5,2.5,0
2022-06-29,2.5,2.5,2.5,2.5,2.5,0
2022-06-30,2.5,2.5,2.5,2.5,2.5,0
2022-07-01,2.5,2.5,2.5,2.5,2.5,0
2022-07-04,2.5,2.5,2.5,2.5,2.5,0
2022-07-05,2.5,2.5,2.5,2.5,2.5,0
2022-07-06,2.5,2.5,2.5,2.5,2.5,0
2022-07-07,2.5,2.5,2.5,2.5,2.5,0
2022-07-08,2.5,2.5,2.5,2.5,2.5,0
2022-07-11,2.5,2.5,2.5,2.5,2.5,0
2022-07-12,2.5,2.5,2.5,2.5,2.5,0
2022-07-13,2.5,2.5,2.5,2.5,2.5,0
2022-07-14,2.5,2.5,2.5,2.5,2.5,0
2022-07-15,2.5,2.5,2.5,2.5,2.5,0
2022-07-18,2.5,2.5,2.5,2.5,2.5,0
2022-07-19,2.5,2.5,2.5,2.5,2.5,0
2022-07-20,2.5,2.5,2.5,2.5,2.5,0
2022-07-21,2.5,2.5,2.5,2.5,2.5,0
2022-07-22,2.5,2.5,2.5,2.5,2.5,0
2022-07-25,2.5,2.5,2.5,2.5,2.5,0
2022-07-26,2.5,2.5,2.5,2.5,2.5,0
2022-07-27,2.5,2.5,2.5,2.5,2.5,0
2022-07-28,2.5,2.5,2.5,2.5,2.5,0
2022-07-29,2.5,2.5,2.5,2.5,2.5,0
2022-08-01,2.5,2.5,2.5,2.5,2.5,0
2022-08-02,2.5,2.5,2.5,2.5,2.5,0
2022-08-03,2.5,2.5,2.5,2.5,2.5,0
2022-08-04,2.5,2.5,2.5,2.5,2.5,0
2022-08-05,2.5,2.5,2.5,2.5,2.5,0
2022-08-08,2.5,2.5,2.5,2.5,2.5,0
2022-08-10,2.5,2.5,2.5,2.5,2.5,0
2022-08-11,2.5,2.5,2.5,2.5,2.5,0
2022-08-12,6.0,6.0,5.699999809265137,5.699999809265137,5.699999809265137,1381407
2022-08-16,5.449999809265137,5.449999809265137,5.449999809265137,5.449999809265137,5.449999809265137,440824
2022-08-17,5.199999809265137,5.199999809265137,5.199999809265137,5.199999809265137,5.199999809265137,186234
2022-08-18,4.949999809265137,4.949999809265137,4.949999809265137,4.949999809265137,4.949999809265137,163623
2022-08-19,4.75,4.75,4.75,4.75,4.75,147263
2022-08-22,4.550000190734863,4.550000190734863,4.550000190734863,4.550000190734863,4.550000190734863,165320
2022-08-23,4.349999904632568,4.349999904632568,4.349999904632568,4.349999904632568,4.349999904632568,169893
2022-08-24,4.150000095367432,4.300000190734863,4.150000095367432,4.150000095367432,4.150000095367432,17590758
2022-08-25,3.950000047683716,4.050000190734863,3.950000047683716,3.950000047683716,3.950000047683716,12097300
2022-08-26,3.799999952316284,3.799999952316284,3.799999952316284,3.799999952316284,3.799999952316284,637607
2022-08-29,3.450000047683716,3.8499999046325684,3.450000047683716,3.450000047683716,3.450000047683716,27560108
2022-08-30,3.5,3.75,3.5,3.75,3.75,5147728
2022-09-01,4.050000190734863,4.099999904632568,3.950000047683716,4.099999904632568,4.099999904632568,6685602
2022-09-02,4.5,4.5,4.5,4.5,4.5,1273432
2022-09-05,4.699999809265137,4.699999809265137,4.5,4.699999809265137,4.699999809265137,26889908
2022-09-06,4.849999904632568,4.849999904632568,4.5,4.5,4.5,17086417
2022-09-07,4.300000190734863,4.599999904632568,4.300000190734863,4.300000190734863,4.300000190734863,20758192
2022-09-08,4.300000190734863,4.5,4.300000190734863,4.349999904632568,4.349999904632568,6716008
2022-09-09,4.449999809265137,4.5,4.150000095367432,4.150000095367432,4.150000095367432,6201053
2022-09-12,4.050000190734863,4.199999809265137,3.950000047683716,4.0,4.0,5429588
2022-09-13,4.0,4.099999904632568,3.799999952316284,4.0,4.0,2873230
2022-09-14,3.8499999046325684,4.099999904632568,3.8499999046325684,4.0,4.0,2068705
2022-09-15,4.0,4.0,3.8499999046325684,3.9000000953674316,3.9000000953674316,1479984
2022-09-16,3.9000000953674316,4.0,3.75,3.799999952316284,3.799999952316284,2556117
2022-09-19,3.799999952316284,3.8499999046325684,3.6500000953674316,3.6500000953674316,3.6500000953674316,1525860
2022-09-20,3.700000047683716,3.799999952316284,3.5999999046325684,3.799999952316284,3.799999952316284,700789
2022-09-21,3.950000047683716,3.950000047683716,3.700000047683716,3.8499999046325684,3.8499999046325684,1130860
2022-09-22,3.8499999046325684,3.9000000953674316,3.700000047683716,3.75,3.75,1319499
2022-09-23,3.75,3.799999952316284,3.5999999046325684,3.6500000953674316,3.6500000953674316,1469746
2022-09-26,3.5999999046325684,3.5999999046325684,3.5,3.5,3.5,878297
2022-09-27,3.5,3.5,3.3499999046325684,3.3499999046325684,3.3499999046325684,1214848
2022-09-28,3.299999952316284,3.4000000953674316,3.200000047683716,3.299999952316284,3.299999952316284,882081
2022-09-29,3.4000000953674316,3.4000000953674316,3.1500000953674316,3.200000047683716,3.200000047683716,1173219
2022-09-30,3.200000047683716,3.3499999046325684,3.049999952316284,3.25,3.25,1321545
2022-10-03,3.25,3.3499999046325684,3.0999999046325684,3.1500000953674316,3.1500000953674316,863941
2022-10-04,3.1500000953674316,3.299999952316284,3.0,3.049999952316284,3.049999952316284,2331178
2022-10-06,3.0999999046325684,3.200000047683716,3.049999952316284,3.200000047683716,3.200000047683716,1344531
2022-10-07,3.299999952316284,3.3499999046325684,3.25,3.3499999046325684,3.3499999046325684,1996528
2022-10-10,3.3499999046325684,3.4000000953674316,3.200000047683716,3.3499999046325684,3.3499999046325684,1248380
2022-10-11,3.25,3.3499999046325684,3.200000047683716,3.200000047683716,3.200000047683716,1816656
2022-10-12,3.25,3.25,3.049999952316284,3.049999952316284,3.049999952316284,1666424
2022-10-13,3.0,3.0999999046325684,3.0,3.0,3.0,866290
2022-10-14,3.049999952316284,3.0999999046325684,3.0,3.0999999046325684,3.0999999046325684,1189279
2022-10-17,3.0999999046325684,3.0999999046325684,2.950000047683716,2.950000047683716,2.950000047683716,1515412
2022-10-18,2.950000047683716,3.049999952316284,2.8499999046325684,2.8499999046325684,2.8499999046325684,1730009
2022-10-19,2.75,2.8499999046325684,2.75,2.75,2.75,1651895
2022-10-20,2.799999952316284,2.8499999046325684,2.75,2.799999952316284,2.799999952316284,690495
2022-10-21,2.799999952316284,2.9000000953674316,2.799999952316284,2.9000000953674316,2.9000000953674316,341613
2022-10-24,2.799999952316284,3.0,2.799999952316284,3.0,3.0,512702
2022-10-25,3.0,3.1500000953674316,2.9000000953674316,3.0999999046325684,3.0999999046325684,1534951
2022-10-27,3.1500000953674316,3.200000047683716,2.950000047683716,2.950000047683716,2.950000047683716,933886
2022-10-28,3.049999952316284,3.049999952316284,2.9000000953674316,2.950000047683716,2.950000047683716,524704
2022-10-31,2.9000000953674316,3.0,2.8499999046325684,2.8499999046325684,2.8499999046325684,703346
2022-11-01,2.8499999046325684,2.950000047683716,2.799999952316284,2.9000000953674316,2.9000000953674316,900541
2022-11-02,2.9000000953674316,2.950000047683716,2.799999952316284,2.8499999046325684,2.8499999046325684,632692
2022-11-03,2.8499999046325684,2.950000047683716,2.75,2.799999952316284,2.799999952316284,1346889
2022-11-04,2.799999952316284,2.9000000953674316,2.75,2.8499999046325684,2.8499999046325684,1153707
2022-11-07,2.9000000953674316,2.9000000953674316,2.799999952316284,2.8499999046325684,2.8499999046325684,708160
2022-11-09,2.799999952316284,2.9000000953674316,2.799999952316284,2.8499999046325684,2.8499999046325684,1056747
2022-11-10,2.799999952316284,2.9000000953674316,2.75,2.799999952316284,2.799999952316284,663816
2022-11-11,2.8499999046325684,2.9000000953674316,2.75,2.8499999046325684,2.8499999046325684,783752
2022-11-14,2.8499999046325684,2.950000047683716,2.75,2.799999952316284,2.799999952316284,2340883
2022-11-15,2.8499999046325684,2.8499999046325684,2.75,2.799999952316284,2.799999952316284,668740
2022-11-16,2.799999952316284,2.8499999046325684,2.75,2.799999952316284,2.799999952316284,1090478
2022-11-17,2.799999952316284,2.8499999046325684,2.75,2.799999952316284,2.799999952316284,757656
2022-11-18,2.799999952316284,2.8499999046325684,2.75,2.75,2.75,729810
2022-11-21,2.75,2.799999952316284,2.6500000953674316,2.700000047683716,2.700000047683716,1055624
2022-11-22,2.700000047683716,2.75,2.5999999046325684,2.6500000953674316,2.6500000953674316,1075278
2022-11-23,2.700000047683716,2.700000047683716,2.5999999046325684,2.6500000953674316,2.6500000953674316,909261
2022-11-24,2.700000047683716,2.700000047683716,2.5999999046325684,2.6500000953674316,2.6500000953674316,1086852
2022-11-25,2.700000047683716,2.75,2.6500000953674316,2.700000047683716,2.700000047683716,922196
2022-11-28,2.700000047683716,2.799999952316284,2.700000047683716,2.799999952316284,2.799999952316284,899211
2022-11-29,2.9000000953674316,2.9000000953674316,2.8499999046325684,2.9000000953674316,2.9000000953674316,443975
2022-11-30,3.0,3.0,3.0,3.0,3.0,288833
2022-12-01,3.1500000953674316,3.1500000953674316,2.9000000953674316,2.950000047683716,2.950000047683716,1856630
2022-12-02,3.0,3.049999952316284,2.950000047683716,3.0,3.0,1255177
2022-12-05,3.049999952316284,3.1500000953674316,3.049999952316284,3.1500000953674316,3.1500000953674316,2263530
2022-12-06,3.200000047683716,3.299999952316284,3.1500000953674316,3.299999952316284,3.299999952316284,2083852
2022-12-07,3.450000047683716,3.450000047683716,3.25,3.450000047683716,3.450000047683716,6967131
2022-12-08,3.5,3.5999999046325684,3.3499999046325684,3.4000000953674316,3.4000000953674316,4178209
2022-12-09,3.4000000953674316,3.4000000953674316,3.25,3.25,3.25,3894555
2022-12-12,3.299999952316284,3.299999952316284,3.1500000953674316,3.1500000953674316,3.1500000953674316,1373336
2022-12-13,3.1500000953674316,3.299999952316284,3.1500000953674316,3.299999952316284,3.299999952316284,1833576
2022-12-14,3.3499999046325684,3.450000047683716,3.299999952316284,3.4000000953674316,3.4000000953674316,3505601
2022-12-15,3.4000000953674316,3.450000047683716,3.299999952316284,3.3499999046325684,3.3499999046325684,2772311
2022-12-16,3.3499999046325684,3.4000000953674316,3.200000047683716,3.200000047683716,3.200000047683716,3199624
2022-12-19,3.200000047683716,3.25,3.0999999046325684,3.200000047683716,3.200000047683716,3577124
2022-12-20,3.25,3.25,3.1500000953674316,3.200000047683716,3.200000047683716,715356
2022-12-21,3.200000047683716,3.25,3.049999952316284,3.049999952316284,3.049999952316284,2569605
2022-12-22,3.049999952316284,3.049999952316284,2.9000000953674316,2.9000000953674316,2.9000000953674316,2656939
2022-12-23,2.9000000953674316,2.950000047683716,2.799999952316284,2.799999952316284,2.799999952316284,3076399
2022-12-26,2.75,2.9000000953674316,2.75,2.9000000953674316,2.9000000953674316,2148945
2022-12-27,2.950000047683716,3.0,2.9000000953674316,3.0,3.0,1263764
2022-12-28,3.0,3.0999999046325684,2.950000047683716,2.950000047683716,2.950000047683716,2174500
2022-12-29,2.950000047683716,3.0,2.9000000953674316,2.950000047683716,2.950000047683716,900283
2022-12-30,3.0,3.049999952316284,2.950000047683716,3.0,3.0,2527943
2023-01-02,3.049999952316284,3.1500000953674316,3.0,3.1500000953674316,3.1500000953674316,1346662
2023-01-03,3.200000047683716,3.25,3.1500000953674316,3.200000047683716,3.200000047683716,2667743
2023-01-04,3.200000047683716,3.25,3.049999952316284,3.0999999046325684,3.0999999046325684,1829519
2023-01-05,3.0999999046325684,3.1500000953674316,3.049999952316284,3.049999952316284,3.049999952316284,889515
2023-01-06,3.0999999046325684,3.200000047683716,3.049999952316284,3.200000047683716,3.200000047683716,2429149
2023-01-09,3.25,3.3499999046325684,3.25,3.25,3.25,2956256
2023-01-10,3.25,3.299999952316284,3.1500000953674316,3.200000047683716,3.200000047683716,1756001
2023-01-11,3.200000047683716,3.200000047683716,3.049999952316284,3.049999952316284,3.049999952316284,1839280
2023-01-12,3.0999999046325684,3.0999999046325684,2.950000047683716,3.049999952316284,3.049999952316284,3013099
2023-01-13,3.049999952316284,3.0999999046325684,2.9000000953674316,3.0,3.0,2166311
2023-01-16,3.049999952316284,3.049999952316284,2.9000000953674316,3.0,3.0,2177205
2023-01-17,3.0,3.0,2.950000047683716,3.0,3.0,1135868
2023-01-18,3.0,3.0,2.950000047683716,2.950000047683716,2.950000047683716,460503
2023-01-19,2.950000047683716,3.0,2.9000000953674316,2.950000047683716,2.950000047683716,1828271
2023-01-20,2.950000047683716,2.950000047683716,2.8499999046325684,2.8499999046325684,2.8499999046325684,3086037
2023-01-23,2.950000047683716,2.950000047683716,2.8499999046325684,2.9000000953674316,2.9000000953674316,2561220
2023-01-24,2.9000000953674316,2.950000047683716,2.799999952316284,2.8499999046325684,2.8499999046325684,2149574
2023-01-25,2.8499999046325684,2.8499999046325684,2.799999952316284,2.799999952316284,2.799999952316284,774500
2023-01-27,2.8499999046325684,2.8499999046325684,2.700000047683716,2.75,2.75,1869740
2023-01-30,2.799999952316284,2.8499999046325684,2.700000047683716,2.75,2.75,2514763
2023-01-31,2.799999952316284,2.799999952316284,2.700000047683716,2.700000047683716,2.700000047683716,1521956
2023-02-01,2.75,2.799999952316284,2.6500000953674316,2.700000047683716,2.700000047683716,4127989
2023-02-02,2.75,2.75,2.5999999046325684,2.6500000953674316,2.6500000953674316,1891132
2023-02-03,2.6500000953674316,2.700000047683716,2.549999952316284,2.6500000953674316,2.6500000953674316,2448183
2023-02-06,2.5999999046325684,2.700000047683716,2.5999999046325684,2.5999999046325684,2.5999999046325684,2102849
2023-02-07,2.5999999046325684,2.6500000953674316,2.549999952316284,2.549999952316284,2.549999952316284,1419610
2023-02-08,2.5999999046325684,2.799999952316284,2.549999952316284,2.799999952316284,2.799999952316284,2632799
2023-02-09,3.0,3.049999952316284,2.950000047683716,3.049999952316284,3.049999952316284,2214469
2023-02-10,3.200000047683716,3.299999952316284,2.8499999046325684,3.0,3.0,6064578
2023-02-13,3.0,3.25,2.9000000953674316,3.0,3.0,8092194
2023-02-14,3.0,3.200000047683716,3.0,3.0,3.0,5175622
2023-02-15,3.049999952316284,3.049999952316284,2.799999952316284,2.9000000953674316,2.9000000953674316,4125063
2023-02-16,2.950000047683716,3.0,2.9000000953674316,2.9000000953674316,2.9000000953674316,2168691
2023-02-17,2.950000047683716,3.0,2.9000000953674316,2.9000000953674316,2.9000000953674316,1258551
2023-02-20,2.950000047683716,2.950000047683716,2.799999952316284,2.8499999046325684,2.8499999046325684,1730323
2023-02-21,2.9000000953674316,2.9000000953674316,2.75,2.799999952316284,2.799999952316284,798894
2023-02-22,2.75,2.8499999046325684,2.700000047683716,2.799999952316284,2.799999952316284,2306482
2023-02-23,2.799999952316284,2.8499999046325684,2.700000047683716,2.75,2.75,1756570
2023-02-24,2.799999952316284,2.8499999046325684,2.75,2.75,2.75,1227816
2023-02-27,2.75,2.799999952316284,2.700000047683716,2.700000047683716,2.700000047683716,889677
2023-02-28,2.75,2.75,2.5999999046325684,2.6500000953674316,2.6500000953674316,1215377
2023-03-01,2.700000047683716,2.9000000953674316,2.6500000953674316,2.8499999046325684,2.8499999046325684,2858422
2023-03-02,2.8499999046325684,2.9000000953674316,2.75,2.75,2.75,1413899
2023-03-03,2.799999952316284,2.799999952316284,2.75,2.75,2.75,974994
2023-03-06,2.799999952316284,2.950000047683716,2.75,2.799999952316284,2.799999952316284,2035184
2023-03-08,2.799999952316284,2.8499999046325684,2.75,2.799999952316284,2.799999952316284,1425394
2023-03-09,2.8499999046325684,2.8499999046325684,2.6500000953674316,2.75,2.75,2808111
2023-03-10,2.75,2.799999952316284,2.700000047683716,2.75,2.75,1618679
2023-03-13,2.75,2.75,2.5999999046325684,2.5999999046325684,2.5999999046325684,2347681
2023-03-14,2.5999999046325684,2.6500000953674316,2.549999952316284,2.5999999046325684,2.5999999046325684,1911689
2023-03-15,2.6500000953674316,2.700000047683716,2.549999952316284,2.5999999046325684,2.5999999046325684,3085909
2023-03-16,2.5999999046325684,2.5999999046325684,2.5,2.549999952316284,2.549999952316284,1997138
2023-03-17,2.5999999046325684,2.5999999046325684,2.549999952316284,2.5999999046325684,2.5999999046325684,857159
2023-03-20,2.549999952316284,2.5999999046325684,2.450000047683716,2.5,2.5,1791448
2023-03-21,2.549999952316284,2.5999999046325684,2.5,2.5,2.5,1270021
2023-03-22,2.5,2.549999952316284,2.450000047683716,2.5,2.5,1561633
2023-03-23,2.5,2.549999952316284,2.299999952316284,2.3499999046325684,2.3499999046325684,2588911
2023-03-24,2.4000000953674316,2.4000000953674316,2.3499999046325684,2.3499999046325684,2.3499999046325684,1174654
2023-03-27,2.3499999046325684,2.4000000953674316,2.1500000953674316,2.1500000953674316,2.1500000953674316,2524804
2023-03-28,2.1500000953674316,2.200000047683716,2.0,2.049999952316284,2.049999952316284,3846817
2023-03-29,2.049999952316284,2.200000047683716,2.0,2.0999999046325684,2.0999999046325684,3976276
2023-03-31,2.1500000953674316,2.200000047683716,2.049999952316284,2.049999952316284,2.049999952316284,3030432
2023-04-03,2.1500000953674316,2.25,2.049999952316284,2.25,2.25,1977723
2023-04-05,2.3499999046325684,2.450000047683716,2.299999952316284,2.450000047683716,2.450000047683716,1540626
2023-04-06,2.6500000953674316,2.6500000953674316,2.4000000953674316,2.6500000953674316,2.6500000953674316,7682951
2023-04-10,2.75,2.75,2.549999952316284,2.75,2.75,7743323
2023-04-11,2.8499999046325684,2.8499999046325684,2.799999952316284,2.8499999046325684,2.8499999046325684,2761254
2023-04-12,2.8499999046325684,2.950000047683716,2.8499999046325684,2.9000000953674316,2.9000000953674316,2196694
2023-04-13,2.950000047683716,2.950000047683716,2.75,2.75,2.75,1979059
2023-04-17,2.799999952316284,2.799999952316284,2.6500000953674316,2.6500000953674316,2.6500000953674316,1365808
2023-04-18,2.700000047683716,2.700000047683716,2.549999952316284,2.5999999046325684,2.5999999046325684,1604082
2023-04-19,2.5999999046325684,2.6500000953674316,2.549999952316284,2.6500000953674316,2.6500000953674316,828654
2023-04-20,2.6500000953674316,2.700000047683716,2.5999999046325684,2.6500000953674316,2.6500000953674316,956216
2023-04-21,2.700000047683716,2.700000047683716,2.549999952316284,2.5999999046325684,2.5999999046325684,1101190
2023-04-24,2.5999999046325684,2.6500000953674316,2.5,2.5,2.5,3396624
2023-04-25,2.450000047683716,2.5999999046325684,2.4000000953674316,2.5999999046325684,2.5999999046325684,2514844
2023-04-26,2.6500000953674316,2.6500000953674316,2.5,2.5999999046325684,2.5999999046325684,689372
2023-04-27,2.5999999046325684,2.5999999046325684,2.5,2.5,2.5,1814245
2023-04-28,2.5,2.549999952316284,2.450000047683716,2.5,2.5,914233
2023-05-02,2.549999952316284,2.549999952316284,2.450000047683716,2.5,2.5,1434448
2023-05-03,2.5,2.5999999046325684,2.450000047683716,2.549999952316284,2.549999952316284,1037617
2023-05-04,2.549999952316284,2.5999999046325684,2.5,2.5999999046325684,2.5999999046325684,1757678
2023-05-05,2.5999999046325684,2.5999999046325684,2.549999952316284,2.549999952316284,2.549999952316284,857642
2023-05-08,2.5999999046325684,2.5999999046325684,2.450000047683716,2.5,2.5,1195775
2023-05-09,2.5,2.549999952316284,2.450000047683716,2.450000047683716,2.450000047683716,1151193
2023-05-10,2.450000047683716,2.549999952316284,2.450000047683716,2.549999952316284,2.549999952316284,1472958
2023-05-11,2.5999999046325684,2.5999999046325684,2.5,2.5,2.5,777986
2023-05-12,2.549999952316284,2.5999999046325684,2.450000047683716,2.5,2.5,2910433
2023-05-15,2.5,2.549999952316284,2.450000047683716,2.5,2.5,1027771
2023-05-16,2.5,2.549999952316284,2.5,2.549999952316284,2.549999952316284,711488
2023-05-17,2.549999952316284,2.549999952316284,2.450000047683716,2.549999952316284,2.549999952316284,1497765
2023-05-18,2.549999952316284,2.5999999046325684,2.5,2.5,2.5,879924
2023-05-19,2.549999952316284,2.549999952316284,2.5,2.5,2.5,770722
2023-05-22,2.5,2.549999952316284,2.450000047683716,2.5,2.5,1939846
2023-05-23,2.549999952316284,2.549999952316284,2.450000047683716,2.549999952316284,2.549999952316284,1638125
2023-05-24,2.549999952316284,2.5999999046325684,2.450000047683716,2.549999952316284,2.549999952316284,2279457
2023-05-25,2.549999952316284,2.549999952316284,2.450000047683716,2.5,2.5,781194
2023-05-26,2.5,2.549999952316284,2.450000047683716,2.450000047683716,2.450000047683716,1242694
2023-05-29,2.450000047683716,2.5,2.450000047683716,2.450000047683716,2.450000047683716,1227163
2023-05-30,2.450000047683716,2.5,2.4000000953674316,2.4000000953674316,2.4000000953674316,1650053
2023-05-31,2.450000047683716,2.5,2.3499999046325684,2.450000047683716,2.450000047683716,1763269
2023-06-01,2.5,2.549999952316284,2.4000000953674316,2.450000047683716,2.450000047683716,2136203
2023-06-02,2.4000000953674316,2.5,2.4000000953674316,2.4000000953674316,2.4000000953674316,1679465
2023-06-05,2.450000047683716,2.450000047683716,2.4000000953674316,2.4000000953674316,2.4000000953674316,841990
2023-06-06,2.450000047683716,2.5,2.4000000953674316,2.450000047683716,2.450000047683716,1230855
2023-06-07,2.450000047683716,2.6500000953674316,2.450000047683716,2.6500000953674316,2.6500000953674316,6190048
2023-06-08,2.700000047683716,2.9000000953674316,2.700000047683716,2.9000000953674316,2.9000000953674316,7333561
2023-06-09,3.049999952316284,3.1500000953674316,3.0,3.0999999046325684,3.0999999046325684,13437410
2023-06-12,3.0999999046325684,3.1500000953674316,2.950000047683716,2.950000047683716,2.950000047683716,6286817
2023-06-13,2.950000047683716,3.049999952316284,2.799999952316284,2.799999952316284,2.799999952316284,5458788
2023-06-14,2.8499999046325684,2.8499999046325684,2.75,2.799999952316284,2.799999952316284,1690105
2023-06-15,2.799999952316284,2.799999952316284,2.700000047683716,2.700000047683716,2.700000047683716,3885902
2023-06-16,2.700000047683716,2.799999952316284,2.700000047683716,2.799999952316284,2.799999952316284,2681580
2023-06-19,2.8499999046325684,2.9000000953674316,2.799999952316284,2.799999952316284,2.799999952316284,2840259
2023-06-20,2.799999952316284,2.8499999046325684,2.75,2.75,2.75,1113599
2023-06-21,2.75,2.799999952316284,2.700000047683716,2.700000047683716,2.700000047683716,819068
2023-06-22,2.75,2.799999952316284,2.700000047683716,2.75,2.75,2091000
2023-06-23,2.799999952316284,2.8499999046325684,2.700000047683716,2.75,2.75,2832304
2023-06-26,2.75,2.75,2.700000047683716,2.700000047683716,2.700000047683716,1578906
2023-06-27,2.75,2.799999952316284,2.700000047683716,2.799999952316284,2.799999952316284,3030739
2023-06-28,2.8499999046325684,2.9000000953674316,2.75,2.799999952316284,2.799999952316284,5983929
2023-06-30,2.799999952316284,2.8499999046325684,2.700000047683716,2.700000047683716,2.700000047683716,3285534
2023-07-03,2.75,2.799999952316284,2.700000047683716,2.799999952316284,2.799999952316284,6698283
2023-07-04,2.8499999046325684,2.8499999046325684,2.75,2.75,2.75,3383522
2023-07-05,2.75,2.799999952316284,2.700000047683716,2.75,2.75,3047634
2023-07-06,2.799999952316284,2.799999952316284,2.700000047683716,2.75,2.75,2933107
2023-07-07,2.75,2.75,2.700000047683716,2.700000047683716,2.700000047683716,1466041
2023-07-10,2.700000047683716,2.75,2.6500000953674316,2.6500000953674316,2.6500000953674316,2644683
2023-07-11,2.700000047683716,2.75,2.6500000953674316,2.700000047683716,2.700000047683716,2682404
2023-07-12,2.75,2.75,2.6500000953674316,2.6500000953674316,2.6500000953674316,1718108
2023-07-13,2.700000047683716,2.700000047683716,2.5999999046325684,2.5999999046325684,2.5999999046325684,2718086
2023-07-14,2.6500000953674316,2.6500000953674316,2.549999952316284,2.5999999046325684,2.5999999046325684,1789348
2023-07-17,2.5999999046325684,2.6500000953674316,2.549999952316284,2.5999999046325684,2.5999999046325684,2574153
2023-07-18,2.6500000953674316,2.6500000953674316,2.5,2.549999952316284,2.549999952316284,3622721
2023-07-19,2.5999999046325684,2.5999999046325684,2.549999952316284,2.549999952316284,2.549999952316284,1339724
2023-07-20,2.5999999046325684,2.5999999046325684,2.549999952316284,2.549999952316284,2.549999952316284,1548127
2023-07-21,2.5999999046325684,2.5999999046325684,2.5,2.549999952316284,2.549999952316284,3877318
2023-07-24,2.5999999046325684,2.5999999046325684,2.5,2.549999952316284,2.549999952316284,2896230
2023-07-25,2.5999999046325684,2.5999999046325684,2.5,2.549999952316284,2.549999952316284,2260425
2023-07-26,2.549999952316284,2.5999999046325684,2.5,2.549999952316284,2.549999952316284,3614979
2023-07-27,2.549999952316284,2.5999999046325684,2.5,2.549999952316284,2.549999952316284,1363495
2023-07-28,2.549999952316284,2.549999952316284,2.5,2.549999952316284,2.549999952316284,983857
2023-07-31,2.549999952316284,2.549999952316284,2.450000047683716,2.450000047683716,2.450000047683716,7658369
2023-08-01,2.5,2.549999952316284,2.450000047683716,2.549999952316284,2.549999952316284,1314786
2023-08-02,2.5999999046325684,2.6500000953674316,2.5999999046325684,2.6500000953674316,2.6500000953674316,1196067
2023-08-03,2.75,2.75,2.75,2.75,2.75,720331
2023-08-04,2.8499999046325684,2.8499999046325684,2.75,2.8499999046325684,2.8499999046325684,7974263
2023-08-07,3.049999952316284,3.0999999046325684,2.950000047683716,3.0999999046325684,3.0999999046325684,12193732
2023-08-08,3.200000047683716,3.3499999046325684,3.0999999046325684,3.299999952316284,3.299999952316284,15677497
2023-08-09,3.4000000953674316,3.5999999046325684,3.3499999046325684,3.5999999046325684,3.5999999046325684,12625023
2023-08-10,3.75,3.75,3.75,3.75,3.75,1510615
2023-08-11,3.9000000953674316,3.9000000953674316,3.75,3.9000000953674316,3.9000000953674316,23707259
2023-08-14,4.050000190734863,4.050000190734863,4.050000190734863,4.050000190734863,4.050000190734863,1080267
2023-08-16,4.25,4.25,4.25,4.25,4.25,1005668
2023-08-17,4.449999809265137,4.449999809265137,4.449999809265137,4.449999809265137,4.449999809265137,834907
2023-08-18,4.650000095367432,4.650000095367432,4.650000095367432,4.650000095367432,4.650000095367432,768868
2023-08-21,4.849999904632568,4.849999904632568,4.849999904632568,4.849999904632568,4.849999904632568,868887
2023-08-22,5.050000190734863,5.050000190734863,4.599999904632568,5.050000190734863,5.050000190734863,72358968
2023-08-23,5.099999904632568,5.099999904632568,4.800000190734863,4.800000190734863,4.800000190734863,17669775
2023-08-24,4.599999904632568,4.599999904632568,4.599999904632568,4.599999904632568,4.599999904632568,1801279
2023-08-25,4.449999809265137,4.699999809265137,4.400000095367432,4.400000095367432,4.400000095367432,25456977
2023-08-28,4.199999809265137,4.550000190734863,4.199999809265137,4.300000190734863,4.300000190734863,38647800
2023-08-29,4.300000190734863,4.5,4.300000190734863,4.5,4.5,7297635
2023-08-30,4.699999809265137,4.699999809265137,4.699999809265137,4.699999809265137,4.699999809265137,2151951
2023-08-31,4.900000095367432,4.900000095367432,4.550000190734863,4.800000190734863,4.800000190734863,34401887
2023-09-01,4.800000190734863,5.0,4.75,5.0,5.0,6066062
2023-09-04,5.25,5.25,5.25,5.25,5.25,750367
2023-09-05,5.5,5.5,5.5,5.5,5.5,753971
2023-09-06,5.75,5.75,5.75,5.75,5.75,1095961
2023-09-07,6.0,6.0,6.0,6.0,6.0,857473
2023-09-08,6.300000190734863,6.300000190734863,6.300000190734863,6.300000190734863,6.300000190734863,830699
2023-09-11,6.599999904632568,6.599999904632568,6.349999904632568,6.599999904632568,6.599999904632568,18951424
2023-09-12,6.900000095367432,6.900000095367432,6.449999809265137,6.900000095367432,6.900000095367432,22233435
2023-09-13,7.050000190734863,7.199999809265137,6.550000190734863,7.199999809265137,7.199999809265137,64427835
2023-09-14,7.550000190734863,7.550000190734863,7.349999904632568,7.550000190734863,7.550000190734863,12435494
2023-09-15,7.900000095367432,7.900000095367432,7.900000095367432,7.900000095367432,7.900000095367432,1664399
2023-09-18,8.25,8.25,8.25,8.25,8.25,960763
2023-09-20,8.649999618530273,8.649999618530273,8.649999618530273,8.649999618530273,8.649999618530273,904347
2023-09-21,9.050000190734863,9.050000190734863,9.050000190734863,9.050000190734863,9.050000190734863,1555710
2023-09-22,9.5,9.5,8.699999809265137,9.5,9.5,33527334
2023-09-25,9.850000381469727,9.949999809265137,9.800000190734863,9.949999809265137,9.949999809265137,7430681
2023-09-26,10.399999618530273,10.399999618530273,10.399999618530273,10.399999618530273,10.399999618530273,1109148
2023-09-27,10.899999618530273,10.899999618530273,10.5,10.899999618530273,10.899999618530273,13263140
2023-09-28,11.399999618530273,11.399999618530273,11.399999618530273,11.399999618530273,11.399999618530273,931253
2023-09-29,11.949999809265137,11.949999809265137,11.949999809265137,11.949999809265137,11.949999809265137,987994
2023-10-03,12.5,12.5,12.5,12.5,12.5,1020772
2023-10-04,13.100000381469727,13.100000381469727,11.899999618530273,13.100000381469727,13.100000381469727,22440689
2023-10-05,13.0,13.0,12.449999809265137,12.449999809265137,12.449999809265137,7206688
2023-10-06,11.850000381469727,11.850000381469727,11.850000381469727,11.850000381469727,11.850000381469727,1737524
2023-10-09,11.25,11.25,11.25,11.25,11.25,1373272
2023-10-10,10.699999809265137,10.699999809265137,10.699999809265137,10.699999809265137,10.699999809265137,765690
2023-10-11,10.5,10.600000381469727,10.199999809265137,10.199999809265137,10.199999809265137,17069817
2023-10-12,9.699999809265137,9.699999809265137,9.699999809265137,9.699999809265137,9.699999809265137,1483817
2023-10-13,9.25,9.25,9.25,9.25,9.25,1268328
2023-10-16,8.800000190734863,9.0,8.800000190734863,8.800000190734863,8.800000190734863,11320026
2023-10-17,8.399999618530273,8.399999618530273,8.399999618530273,8.399999618530273,8.399999618530273,2880607
2023-10-18,8.0,8.0,8.0,8.0,8.0,3426946
2023-10-19,7.599999904632568,8.399999618530273,7.599999904632568,8.399999618530273,8.399999618530273,16366432
2023-10-20,8.449999809265137,8.800000190734863,8.399999618530273,8.800000190734863,8.800000190734863,9718342
2023-10-23,8.699999809265137,8.850000381469727,8.399999618530273,8.399999618530273,8.399999618530273,12328003
2023-10-25,8.100000381469727,8.300000190734863,8.0,8.0,8.0,9288812
2023-10-26,7.599999904632568,7.599999904632568,7.599999904632568,7.599999904632568,7.599999904632568,1987528
2023-10-27,7.25,7.949999809265137,7.25,7.949999809265137,7.949999809265137,19913546
2023-10-30,7.550000190734863,7.800000190734863,7.550000190734863,7.550000190734863,7.550000190734863,4468081
2023-10-31,7.199999809265137,7.349999904632568,7.199999809265137,7.199999809265137,7.199999809265137,3882933
2023-11-01,6.849999904632568,7.400000095367432,6.849999904632568,6.900000095367432,6.900000095367432,8424020
2023-11-02,6.699999809265137,7.199999809265137,6.699999809265137,7.199999809265137,7.199999809265137,4740004
2023-11-03,7.400000095367432,7.550000190734863,7.300000190734863,7.550000190734863,7.550000190734863,2810956
2023-11-06,7.900000095367432,7.900000095367432,7.849999904632568,7.900000095367432,7.900000095367432,1433728
2023-11-07,8.25,8.25,8.25,8.25,8.25,1235945
2023-11-08,8.649999618530273,8.649999618530273,8.649999618530273,8.649999618530273,8.649999618530273,667240
2023-11-09,9.050000190734863,9.050000190734863,8.300000190734863,9.050000190734863,9.050000190734863,10379928
2023-11-10,9.5,9.5,9.5,9.5,9.5,2126286
2023-11-13,10.399999618530273,10.399999618530273,10.399999618530273,10.399999618530273,10.399999618530273,1269815
2023-11-15,10.899999618530273,10.899999618530273,10.899999618530273,10.899999618530273,10.899999618530273,1002494
2023-11-16,11.399999618530273,11.399999618530273,10.5,11.350000381469727,11.350000381469727,17980654
2023-11-17,11.199999809265137,11.600000381469727,10.800000190734863,11.100000381469727,11.100000381469727,22585397
2023-11-20,11.300000190734863,11.300000190734863,10.550000190734863,10.550000190734863,10.550000190734863,8815619
2023-11-21,10.25,10.399999618530273,10.050000190734863,10.050000190734863,10.050000190734863,3884395
2023-11-22,9.550000190734863,9.550000190734863,9.550000190734863,9.550000190734863,9.550000190734863,1733273
2023-11-23,9.100000381469727,10.0,9.100000381469727,10.0,10.0,2642463
2023-11-24,10.5,10.5,10.050000190734863,10.5,10.5,5986681
2023-11-28,10.699999809265137,11.0,10.050000190734863,10.399999618530273,10.399999618530273,7596551
2023-11-29,10.0,10.350000381469727,9.899999618530273,9.949999809265137,9.949999809265137,5240917
2023-11-30,10.0,10.399999618530273,9.5,10.399999618530273,10.399999618530273,5086801
2023-12-01,10.800000190734863,10.800000190734863,10.0,10.199999809265137,10.199999809265137,3831446
2023-12-04,10.399999618530273,10.5,9.899999618530273,9.949999809265137,9.949999809265137,4011453
2023-12-05,10.149999618530273,10.199999809265137,9.699999809265137,9.949999809265137,9.949999809265137,4286801
2023-12-06,10.050000190734863,10.100000381469727,9.5,9.850000381469727,9.850000381469727,4303894
2023-12-07,9.899999618530273,10.100000381469727,9.800000190734863,9.899999618530273,9.899999618530273,5017576
2023-12-08,10.050000190734863,10.350000381469727,9.699999809265137,10.350000381469727,10.350000381469727,7217208
2023-12-11,10.850000381469727,10.850000381469727,10.850000381469727,10.850000381469727,10.850000381469727,2696258
2023-12-12,11.350000381469727,11.350000381469727,10.899999618530273,11.199999809265137,11.199999809265137,13413400
2023-12-13,11.149999618530273,11.149999618530273,10.649999618530273,10.899999618530273,10.899999618530273,8155765
2023-12-14,11.0,11.149999618530273,10.5,10.699999809265137,10.699999809265137,5007009
2023-12-15,10.850000381469727,10.899999618530273,10.399999618530273,10.5,10.5,3838900
2023-12-18,10.550000190734863,10.800000190734863,10.5,10.550000190734863,10.550000190734863,2686991
2023-12-19,10.699999809265137,10.699999809265137,10.100000381469727,10.25,10.25,3498437
2023-12-20,10.300000190734863,10.449999809265137,9.75,9.75,9.75,4273962
2023-12-21,9.300000190734863,10.149999618530273,9.300000190734863,10.0,10.0,4237686
2023-12-22,10.199999809265137,10.300000190734863,9.899999618530273,9.949999809265137,9.949999809265137,1874850
2023-12-26,10.0,10.149999618530273,9.850000381469727,10.0,10.0,2709546
2023-12-27,10.199999809265137,10.25,9.949999809265137,10.0,10.0,2033580
2023-12-28,10.100000381469727,10.25,9.850000381469727,10.0,10.0,3222398
2023-12-29,10.0,10.199999809265137,9.899999618530273,10.050000190734863,10.050000190734863,3895675
2024-01-01,10.550000190734863,10.550000190734863,10.25,10.550000190734863,10.550000190734863,1963600
2024-01-02,11.050000190734863,11.050000190734863,10.300000190734863,11.0,11.0,22318524
2024-01-03,11.0,11.149999618530273,10.649999618530273,10.699999809265137,10.699999809265137,9571037
2024-01-04,10.699999809265137,11.199999809265137,10.699999809265137,11.199999809265137,11.199999809265137,20326244
2024-01-05,11.449999809265137,11.75,11.350000381469727,11.75,11.75,10026606
2024-01-08,12.300000190734863,12.300000190734863,12.300000190734863,12.300000190734863,12.300000190734863,3448671
2024-01-09,12.899999618530273,12.899999618530273,12.899999618530273,12.899999618530273,12.899999618530273,9172525
2024-01-10,13.5,13.5,13.5,13.5,13.5,3510875
2024-01-11,14.149999618530273,14.149999618530273,12.850000381469727,12.850000381469727,12.850000381469727,31749361
2024-01-12,12.199999809265137,13.25,12.199999809265137,13.100000381469727,13.100000381469727,36230069
2024-01-15,13.399999618530273,13.75,13.100000381469727,13.75,13.75,20127206
2024-01-16,14.149999618530273,14.399999618530273,13.100000381469727,13.100000381469727,13.100000381469727,30592519
2024-01-17,12.449999809265137,13.75,12.449999809265137,13.75,13.75,21828677
2024-01-18,13.850000381469727,14.25,13.100000381469727,13.949999809265137,13.949999809265137,8080151
2024-01-19,14.100000381469727,14.25,13.600000381469727,13.699999809265137,13.699999809265137,4915636
2024-01-23,13.649999618530273,14.25,13.0,13.0,13.0,5722997
2024-01-24,13.050000190734863,13.399999618530273,12.699999809265137,12.850000381469727,12.850000381469727,3866394
2024-01-25,13.100000381469727,13.199999809265137,12.199999809265137,12.399999618530273,12.399999618530273,5479924
2024-01-29,12.5,13.0,12.5,13.0,13.0,5928415
2024-01-30,13.149999618530273,13.449999809265137,12.75,12.899999618530273,12.899999618530273,6686839
2024-01-31,13.050000190734863,13.100000381469727,12.25,12.350000381469727,12.350000381469727,9173275
2024-02-01,12.5,12.949999809265137,12.399999618530273,12.949999809265137,12.949999809265137,6601978
2024-02-02,13.449999809265137,13.550000190734863,13.25,13.550000190734863,13.550000190734863,6073274
2024-02-05,14.199999809265137,14.199999809265137,14.199999809265137,14.199999809265137,14.199999809265137,2794414
2024-02-06,14.899999618530273,14.899999618530273,14.899999618530273,14.899999618530273,14.899999618530273,2416691
2024-02-07,15.600000381469727,15.600000381469727,15.600000381469727,15.600000381469727,15.600000381469727,1893806
2024-02-08,16.350000381469727,16.350000381469727,14.850000381469727,16.350000381469727,16.350000381469727,22100701
2024-02-09,16.700000762939453,17.0,15.699999809265137,16.100000381469727,16.100000381469727,11879639
2024-02-12,16.0,16.600000381469727,15.300000190734863,15.300000190734863,15.300000190734863,8865216
2024-02-13,14.75,15.0,14.550000190734863,14.550000190734863,14.550000190734863,13291799
2024-02-14,13.899999618530273,15.25,13.850000381469727,13.850000381469727,13.850000381469727,18904961
2024-02-15,13.199999809265137,13.5,13.149999618530273,13.149999618530273,13.149999618530273,26888700
2024-02-16,12.600000381469727,13.25,12.5,12.5,12.5,18012390
2024-02-19,12.300000190734863,13.100000381469727,12.199999809265137,13.100000381469727,13.100000381469727,10198307
2024-02-20,13.449999809265137,13.5,13.0,13.149999618530273,13.149999618530273,9008601
2024-02-21,13.0,13.300000190734863,12.649999618530273,12.800000190734863,12.800000190734863,3201454
2024-02-22,12.949999809265137,12.949999809265137,12.5,12.850000381469727,12.850000381469727,2404888
2024-02-23,13.0,13.199999809265137,12.600000381469727,12.699999809265137,12.699999809265137,2890063
2024-02-26,12.949999809265137,13.0,12.5,12.550000190734863,12.550000190734863,2583400
2024-02-27,12.699999809265137,12.75,12.199999809265137,12.300000190734863,12.300000190734863,2306738
2024-02-28,12.300000190734863,12.300000190734863,11.699999809265137,11.699999809265137,11.699999809265137,4530548
2024-02-29,11.649999618530273,12.0,11.149999618530273,11.699999809265137,11.699999809265137,3638398
2024-03-01,12.0,12.25,11.899999618530273,12.0,12.0,2504854
2024-03-04,12.649999618530273,12.75,12.0,12.050000190734863,12.050000190734863,2033552
2024-03-05,11.899999618530273,12.25,11.449999809265137,11.600000381469727,11.600000381469727,2789842
2024-03-06,11.600000381469727,11.699999809265137,11.050000190734863,11.149999618530273,11.149999618530273,3716607
2024-03-07,11.100000381469727,11.449999809265137,10.899999618530273,11.050000190734863,11.050000190734863,2439677
2024-03-11,11.050000190734863,11.449999809265137,10.800000190734863,11.0,11.0,3370099
2024-03-12,11.0,11.050000190734863,10.449999809265137,10.449999809265137,10.449999809265137,4367020
2024-03-13,10.449999809265137,10.449999809265137,9.949999809265137,9.949999809265137,9.949999809265137,2920318
2024-03-14,9.5,10.399999618530273,9.449999809265137,10.399999618530273,10.399999618530273,6944267
2024-03-15,10.800000190734863,10.800000190734863,9.899999618530273,10.199999809265137,10.199999809265137,1913256
2024-03-18,10.199999809265137,10.550000190734863,9.949999809265137,10.100000381469727,10.100000381469727,1482309
2024-03-19,10.199999809265137,10.25,9.899999618530273,9.899999618530273,9.899999618530273,1429560
2024-03-20,10.050000190734863,10.199999809265137,9.600000381469727,9.800000190734863,9.800000190734863,1777317
2024-03-21,9.899999618530273,10.25,9.699999809265137,10.050000190734863,10.050000190734863,2668263
2024-03-22,10.25,10.449999809265137,10.050000190734863,10.149999618530273,10.149999618530273,2700449
2024-03-26,10.350000381469727,10.350000381469727,9.699999809265137,9.75,9.75,5042819
2024-03-27,9.800000190734863,9.949999809265137,9.300000190734863,9.300000190734863,9.300000190734863,5761147
2024-03-28,9.350000381469727,9.75,9.350000381469727,9.75,9.75,3590723
2024-04-01,10.100000381469727,10.199999809265137,10.0,10.199999809265137,10.199999809265137,1806984
2024-04-02,10.699999809265137,10.699999809265137,10.699999809265137,10.699999809265137,10.699999809265137,628229
2024-04-03,11.199999809265137,11.199999809265137,11.199999809265137,11.199999809265137,11.199999809265137,404598
2024-04-04,11.75,11.75,10.850000381469727,11.699999809265137,11.699999809265137,16699656
2024-04-05,11.949999809265137,12.0,11.300000190734863,11.600000381469727,11.600000381469727,6943791
2024-04-08,11.949999809265137,11.949999809265137,11.050000190734863,11.050000190734863,11.050000190734863,5674348
2024-04-09,11.25,11.550000190734863,11.050000190734863,11.25,11.25,3763380
2024-04-10,11.449999809265137,11.449999809265137,11.100000381469727,11.149999618530273,11.149999618530273,2055562
2024-04-12,11.100000381469727,11.149999618530273,10.899999618530273,10.949999809265137,10.949999809265137,2888375
2024-04-15,10.449999809265137,10.699999809265137,10.399999618530273,10.399999618530273,10.399999618530273,5238510
2024-04-16,10.149999618530273,10.899999618530273,10.149999618530273,10.899999618530273,10.899999618530273,5610859
2024-04-18,11.300000190734863,11.350000381469727,10.800000190734863,10.850000381469727,10.850000381469727,5783987
2024-04-19,10.75,10.75,10.449999809265137,10.649999618530273,10.649999618530273,2527394
2024-04-22,10.850000381469727,11.100000381469727,10.600000381469727,10.850000381469727,10.850000381469727,2398320
2024-04-23,11.0,11.0,10.649999618530273,10.75,10.75,1728093
2024-04-24,10.949999809265137,11.25,10.649999618530273,11.100000381469727,11.100000381469727,3446526
2024-04-25,11.199999809265137,11.199999809265137,10.600000381469727,10.850000381469727,10.850000381469727,1919105
2024-04-26,11.149999618530273,11.199999809265137,10.800000190734863,10.899999618530273,10.899999618530273,2552077
2024-04-29,11.149999618530273,11.199999809265137,10.899999618530273,11.0,11.0,1931802
2024-04-30,11.100000381469727,11.149999618530273,10.699999809265137,10.800000190734863,10.800000190734863,2368948
2024-05-02,10.800000190734863,11.050000190734863,10.649999618530273,10.899999618530273,10.899999618530273,2164695
2024-05-03,11.0,11.0,10.5,10.699999809265137,10.699999809265137,3116792
2024-05-06,10.850000381469727,10.850000381469727,10.25,10.350000381469727,10.350000381469727,2062815
2024-05-07,10.399999618530273,10.449999809265137,10.050000190734863,10.199999809265137,10.199999809265137,1566930
2024-05-08,10.0,10.550000190734863,10.0,10.449999809265137,10.449999809265137,1298637
2024-05-09,10.550000190734863,10.600000381469727,10.100000381469727,10.149999618530273,10.149999618530273,1215946
2024-05-10,10.399999618530273,10.399999618530273,10.0,10.149999618530273,10.149999618530273,942465
2024-05-13,10.449999809265137,10.449999809265137,9.649999618530273,10.050000190734863,10.050000190734863,3402153
2024-05-14,10.149999618530273,10.550000190734863,10.050000190734863,10.550000190734863,10.550000190734863,3327356
2024-05-15,10.5,10.649999618530273,10.350000381469727,10.5,10.5,2748176
2024-05-16,10.600000381469727,10.649999618530273,10.300000190734863,10.350000381469727,10.350000381469727,2761810
2024-05-17,10.449999809265137,10.850000381469727,10.350000381469727,10.850000381469727,10.850000381469727,4196474
2024-05-21,11.199999809265137,11.199999809265137,10.899999618530273,10.949999809265137,10.949999809265137,3504108
2024-05-22,11.0,11.100000381469727,10.800000190734863,10.899999618530273,10.899999618530273,2512992
2024-05-23,10.949999809265137,11.100000381469727,10.899999618530273,10.949999809265137,10.949999809265137,2662059
2024-05-24,10.949999809265137,11.0,10.850000381469727,10.899999618530273,10.899999618530273,2792219
2024-05-27,11.149999618530273,11.149999618530273,10.649999618530273,10.850000381469727,10.850000381469727,4395654
2024-05-28,10.949999809265137,11.0,10.699999809265137,10.75,10.75,3402073
2024-05-29,10.300000190734863,10.350000381469727,10.25,10.25,10.25,6406856
2024-05-30,9.850000381469727,10.300000190734863,9.800000190734863,10.050000190734863,10.050000190734863,5976857
2024-05-31,10.25,10.550000190734863,10.199999809265137,10.550000190734863,10.550000190734863,6624361
2024-06-03,11.050000190734863,11.050000190734863,11.0,11.050000190734863,11.050000190734863,2901294
2024-06-04,10.800000190734863,10.850000381469727,10.5,10.5,10.5,10105354
2024-06-05,10.0,10.300000190734863,10.0,10.25,10.25,2558251
2024-06-06,10.5,10.5,10.100000381469727,10.25,10.25,2330656
2024-06-07,10.399999618530273,10.649999618530273,10.100000381469727,10.449999809265137,10.449999809265137,2188963
2024-06-10,10.699999809265137,10.699999809265137,10.350000381469727,10.430000305175781,10.430000305175781,2654311
2024-06-11,10.619999885559082,10.890000343322754,10.300000190734863,10.8100004196167,10.8100004196167,2881721
2024-06-12,10.890000343322754,11.350000381469727,10.800000190734863,11.350000381469727,11.350000381469727,4931966
2024-06-13,11.779999732971191,11.779999732971191,10.779999732971191,11.149999618530273,11.149999618530273,5732807
2024-06-14,11.149999618530273,11.5,11.0,11.329999923706055,11.329999923706055,4486396
2024-06-18,11.5,11.600000381469727,11.0,11.289999961853027,11.289999961853027,3639024
2024-06-19,11.34000015258789,11.4399995803833,10.960000038146973,11.050000190734863,11.050000190734863,2857834
2024-06-20,10.710000038146973,11.1899995803833,10.710000038146973,10.989999771118164,10.989999771118164,2254075
2024-06-21,11.09000015258789,11.529999732971191,11.050000190734863,11.529999732971191,11.529999732971191,7636085
